ISO-10303-21;
HEADER;
/* Generated by software containing ST-Developer
 * from STEP Tools, Inc. (www.steptools.com) 
 */

FILE_DESCRIPTION(
/* description */ (''),
/* implementation_level */ '2;1');

FILE_NAME(
/* name */ 'Suitcase - Project SkyFall.step',
/* time_stamp */ '2023-06-18T21:20:22+02:00',
/* author */ (''),
/* organization */ (''),
/* preprocessor_version */ 'ST-DEVELOPER v19.2',
/* originating_system */ 'Autodesk Translation Framework v12.6.0.85',
/* authorisation */ '');

FILE_SCHEMA (('AUTOMOTIVE_DESIGN { 1 0 10303 214 3 1 1 }'));
ENDSEC;

DATA;
#10=MECHANICAL_DESIGN_GEOMETRIC_PRESENTATION_REPRESENTATION('',(#89,#90,
#91,#92,#93,#94),#11769);
#11=ITEM_DEFINED_TRANSFORMATION($,$,#7585,#7627);
#12=ITEM_DEFINED_TRANSFORMATION($,$,#7629,#7672);
#13=ITEM_DEFINED_TRANSFORMATION($,$,#7674,#7794);
#14=ITEM_DEFINED_TRANSFORMATION($,$,#7291,#7795);
#15=ITEM_DEFINED_TRANSFORMATION($,$,#7292,#7796);
#16=ITEM_DEFINED_TRANSFORMATION($,$,#7293,#7797);
#17=ITEM_DEFINED_TRANSFORMATION($,$,#7294,#7798);
#18=ITEM_DEFINED_TRANSFORMATION($,$,#7295,#7799);
#19=ITEM_DEFINED_TRANSFORMATION($,$,#7296,#7800);
#20=ITEM_DEFINED_TRANSFORMATION($,$,#7297,#7801);
#21=ITEM_DEFINED_TRANSFORMATION($,$,#7298,#7802);
#22=ITEM_DEFINED_TRANSFORMATION($,$,#7299,#7803);
#23=ITEM_DEFINED_TRANSFORMATION($,$,#7554,#7804);
#24=ITEM_DEFINED_TRANSFORMATION($,$,#7555,#7805);
#25=ITEM_DEFINED_TRANSFORMATION($,$,#7584,#7806);
#26=ITEM_DEFINED_TRANSFORMATION($,$,#7628,#7807);
#27=ITEM_DEFINED_TRANSFORMATION($,$,#7673,#7808);
#28=(
REPRESENTATION_RELATIONSHIP($,$,#11840,#11839)
REPRESENTATION_RELATIONSHIP_WITH_TRANSFORMATION(#11)
SHAPE_REPRESENTATION_RELATIONSHIP()
);
#29=(
REPRESENTATION_RELATIONSHIP($,$,#11842,#11841)
REPRESENTATION_RELATIONSHIP_WITH_TRANSFORMATION(#12)
SHAPE_REPRESENTATION_RELATIONSHIP()
);
#30=(
REPRESENTATION_RELATIONSHIP($,$,#11844,#11843)
REPRESENTATION_RELATIONSHIP_WITH_TRANSFORMATION(#13)
SHAPE_REPRESENTATION_RELATIONSHIP()
);
#31=(
REPRESENTATION_RELATIONSHIP($,$,#11828,#11827)
REPRESENTATION_RELATIONSHIP_WITH_TRANSFORMATION(#14)
SHAPE_REPRESENTATION_RELATIONSHIP()
);
#32=(
REPRESENTATION_RELATIONSHIP($,$,#11829,#11827)
REPRESENTATION_RELATIONSHIP_WITH_TRANSFORMATION(#15)
SHAPE_REPRESENTATION_RELATIONSHIP()
);
#33=(
REPRESENTATION_RELATIONSHIP($,$,#11830,#11827)
REPRESENTATION_RELATIONSHIP_WITH_TRANSFORMATION(#16)
SHAPE_REPRESENTATION_RELATIONSHIP()
);
#34=(
REPRESENTATION_RELATIONSHIP($,$,#11831,#11827)
REPRESENTATION_RELATIONSHIP_WITH_TRANSFORMATION(#17)
SHAPE_REPRESENTATION_RELATIONSHIP()
);
#35=(
REPRESENTATION_RELATIONSHIP($,$,#11832,#11827)
REPRESENTATION_RELATIONSHIP_WITH_TRANSFORMATION(#18)
SHAPE_REPRESENTATION_RELATIONSHIP()
);
#36=(
REPRESENTATION_RELATIONSHIP($,$,#11833,#11827)
REPRESENTATION_RELATIONSHIP_WITH_TRANSFORMATION(#19)
SHAPE_REPRESENTATION_RELATIONSHIP()
);
#37=(
REPRESENTATION_RELATIONSHIP($,$,#11834,#11827)
REPRESENTATION_RELATIONSHIP_WITH_TRANSFORMATION(#20)
SHAPE_REPRESENTATION_RELATIONSHIP()
);
#38=(
REPRESENTATION_RELATIONSHIP($,$,#11835,#11827)
REPRESENTATION_RELATIONSHIP_WITH_TRANSFORMATION(#21)
SHAPE_REPRESENTATION_RELATIONSHIP()
);
#39=(
REPRESENTATION_RELATIONSHIP($,$,#11836,#11827)
REPRESENTATION_RELATIONSHIP_WITH_TRANSFORMATION(#22)
SHAPE_REPRESENTATION_RELATIONSHIP()
);
#40=(
REPRESENTATION_RELATIONSHIP($,$,#11837,#11827)
REPRESENTATION_RELATIONSHIP_WITH_TRANSFORMATION(#23)
SHAPE_REPRESENTATION_RELATIONSHIP()
);
#41=(
REPRESENTATION_RELATIONSHIP($,$,#11838,#11827)
REPRESENTATION_RELATIONSHIP_WITH_TRANSFORMATION(#24)
SHAPE_REPRESENTATION_RELATIONSHIP()
);
#42=(
REPRESENTATION_RELATIONSHIP($,$,#11839,#11827)
REPRESENTATION_RELATIONSHIP_WITH_TRANSFORMATION(#25)
SHAPE_REPRESENTATION_RELATIONSHIP()
);
#43=(
REPRESENTATION_RELATIONSHIP($,$,#11841,#11827)
REPRESENTATION_RELATIONSHIP_WITH_TRANSFORMATION(#26)
SHAPE_REPRESENTATION_RELATIONSHIP()
);
#44=(
REPRESENTATION_RELATIONSHIP($,$,#11843,#11827)
REPRESENTATION_RELATIONSHIP_WITH_TRANSFORMATION(#27)
SHAPE_REPRESENTATION_RELATIONSHIP()
);
#45=CONTEXT_DEPENDENT_SHAPE_REPRESENTATION(#28,#11806);
#46=CONTEXT_DEPENDENT_SHAPE_REPRESENTATION(#29,#11809);
#47=CONTEXT_DEPENDENT_SHAPE_REPRESENTATION(#30,#11812);
#48=CONTEXT_DEPENDENT_SHAPE_REPRESENTATION(#31,#11813);
#49=CONTEXT_DEPENDENT_SHAPE_REPRESENTATION(#32,#11814);
#50=CONTEXT_DEPENDENT_SHAPE_REPRESENTATION(#33,#11815);
#51=CONTEXT_DEPENDENT_SHAPE_REPRESENTATION(#34,#11816);
#52=CONTEXT_DEPENDENT_SHAPE_REPRESENTATION(#35,#11817);
#53=CONTEXT_DEPENDENT_SHAPE_REPRESENTATION(#36,#11818);
#54=CONTEXT_DEPENDENT_SHAPE_REPRESENTATION(#37,#11819);
#55=CONTEXT_DEPENDENT_SHAPE_REPRESENTATION(#38,#11820);
#56=CONTEXT_DEPENDENT_SHAPE_REPRESENTATION(#39,#11821);
#57=CONTEXT_DEPENDENT_SHAPE_REPRESENTATION(#40,#11822);
#58=CONTEXT_DEPENDENT_SHAPE_REPRESENTATION(#41,#11823);
#59=CONTEXT_DEPENDENT_SHAPE_REPRESENTATION(#42,#11824);
#60=CONTEXT_DEPENDENT_SHAPE_REPRESENTATION(#43,#11825);
#61=CONTEXT_DEPENDENT_SHAPE_REPRESENTATION(#44,#11826);
#62=NEXT_ASSEMBLY_USAGE_OCCURRENCE('Component1:1','Component1:1',
'Component1:1',#11858,#11859,'Component1:1');
#63=NEXT_ASSEMBLY_USAGE_OCCURRENCE('Component1:1','Component1:1',
'Component1:1',#11860,#11861,'Component1:1');
#64=NEXT_ASSEMBLY_USAGE_OCCURRENCE('Component1:1','Component1:1',
'Component1:1',#11862,#11863,'Component1:1');
#65=NEXT_ASSEMBLY_USAGE_OCCURRENCE('Component4:1','Component4:1',
'Component4:1',#11846,#11847,'Component4:1');
#66=NEXT_ASSEMBLY_USAGE_OCCURRENCE('Component5:1','Component5:1',
'Component5:1',#11846,#11848,'Component5:1');
#67=NEXT_ASSEMBLY_USAGE_OCCURRENCE('Component6:1','Component6:1',
'Component6:1',#11846,#11849,'Component6:1');
#68=NEXT_ASSEMBLY_USAGE_OCCURRENCE('Component7:1','Component7:1',
'Component7:1',#11846,#11850,'Component7:1');
#69=NEXT_ASSEMBLY_USAGE_OCCURRENCE('Component8:1','Component8:1',
'Component8:1',#11846,#11851,'Component8:1');
#70=NEXT_ASSEMBLY_USAGE_OCCURRENCE('Component9:1','Component9:1',
'Component9:1',#11846,#11852,'Component9:1');
#71=NEXT_ASSEMBLY_USAGE_OCCURRENCE('Component10:1','Component10:1',
'Component10:1',#11846,#11853,'Component10:1');
#72=NEXT_ASSEMBLY_USAGE_OCCURRENCE('Component11:1','Component11:1',
'Component11:1',#11846,#11854,'Component11:1');
#73=NEXT_ASSEMBLY_USAGE_OCCURRENCE('Component12:1','Component12:1',
'Component12:1',#11846,#11855,'Component12:1');
#74=NEXT_ASSEMBLY_USAGE_OCCURRENCE('Component16:1','Component16:1',
'Component16:1',#11846,#11856,'Component16:1');
#75=NEXT_ASSEMBLY_USAGE_OCCURRENCE('Component17:1','Component17:1',
'Component17:1',#11846,#11857,'Component17:1');
#76=NEXT_ASSEMBLY_USAGE_OCCURRENCE('Suitcase filling - Top 1 v2:1',
'Suitcase filling - Top 1 v2:1','Suitcase filling - Top 1 v2:1',#11846,
#11858,'Suitcase filling - Top 1 v2:1');
#77=NEXT_ASSEMBLY_USAGE_OCCURRENCE('Suitcase filling - Top 2 v2:1',
'Suitcase filling - Top 2 v2:1','Suitcase filling - Top 2 v2:1',#11846,
#11860,'Suitcase filling - Top 2 v2:1');
#78=NEXT_ASSEMBLY_USAGE_OCCURRENCE('Suitcase filling - Bottom v2:1',
'Suitcase filling - Bottom v2:1','Suitcase filling - Bottom v2:1',#11846,
#11862,'Suitcase filling - Bottom v2:1');
#79=SHAPE_REPRESENTATION_RELATIONSHIP('SRR','None',#11836,#84);
#80=SHAPE_REPRESENTATION_RELATIONSHIP('SRR','None',#11838,#85);
#81=SHAPE_REPRESENTATION_RELATIONSHIP('SRR','None',#11840,#86);
#82=SHAPE_REPRESENTATION_RELATIONSHIP('SRR','None',#11842,#87);
#83=SHAPE_REPRESENTATION_RELATIONSHIP('SRR','None',#11844,#88);
#84=ADVANCED_BREP_SHAPE_REPRESENTATION('',(#95),#11760);
#85=ADVANCED_BREP_SHAPE_REPRESENTATION('',(#96,#97),#11762);
#86=ADVANCED_BREP_SHAPE_REPRESENTATION('',(#98),#11764);
#87=ADVANCED_BREP_SHAPE_REPRESENTATION('',(#99),#11766);
#88=ADVANCED_BREP_SHAPE_REPRESENTATION('',(#100),#11768);
#89=STYLED_ITEM('',(#11922),#95);
#90=STYLED_ITEM('',(#11923),#96);
#91=STYLED_ITEM('',(#11923),#97);
#92=STYLED_ITEM('',(#11924),#98);
#93=STYLED_ITEM('',(#11924),#99);
#94=STYLED_ITEM('',(#11924),#100);
#95=MANIFOLD_SOLID_BREP('Body1',#7129);
#96=MANIFOLD_SOLID_BREP('Body1',#7130);
#97=MANIFOLD_SOLID_BREP('Body1',#7131);
#98=MANIFOLD_SOLID_BREP('Body1',#7132);
#99=MANIFOLD_SOLID_BREP('Body1',#7133);
#100=MANIFOLD_SOLID_BREP('Body1',#7134);
#101=FACE_BOUND('',#817,.T.);
#102=FACE_BOUND('',#818,.T.);
#103=FACE_BOUND('',#819,.T.);
#104=FACE_BOUND('',#820,.T.);
#105=FACE_BOUND('',#821,.T.);
#106=FACE_BOUND('',#822,.T.);
#107=FACE_BOUND('',#824,.T.);
#108=FACE_BOUND('',#825,.T.);
#109=FACE_BOUND('',#826,.T.);
#110=FACE_BOUND('',#827,.T.);
#111=FACE_BOUND('',#828,.T.);
#112=FACE_BOUND('',#829,.T.);
#113=FACE_BOUND('',#849,.T.);
#114=FACE_BOUND('',#857,.T.);
#115=FACE_BOUND('',#865,.T.);
#116=FACE_BOUND('',#875,.T.);
#117=FACE_BOUND('',#876,.T.);
#118=FACE_BOUND('',#877,.T.);
#119=FACE_BOUND('',#878,.T.);
#120=FACE_BOUND('',#879,.T.);
#121=FACE_BOUND('',#880,.T.);
#122=FACE_BOUND('',#890,.T.);
#123=FACE_BOUND('',#898,.T.);
#124=FACE_BOUND('',#906,.T.);
#125=FACE_BOUND('',#931,.T.);
#126=FACE_BOUND('',#939,.T.);
#127=FACE_BOUND('',#947,.T.);
#128=FACE_BOUND('',#956,.T.);
#129=FACE_BOUND('',#957,.T.);
#130=FACE_BOUND('',#958,.T.);
#131=FACE_BOUND('',#959,.T.);
#132=FACE_BOUND('',#960,.T.);
#133=FACE_BOUND('',#961,.T.);
#134=FACE_BOUND('',#971,.T.);
#135=FACE_BOUND('',#979,.T.);
#136=FACE_BOUND('',#987,.T.);
#137=FACE_BOUND('',#995,.T.);
#138=FACE_BOUND('',#996,.T.);
#139=FACE_BOUND('',#997,.T.);
#140=FACE_BOUND('',#998,.T.);
#141=FACE_BOUND('',#999,.T.);
#142=FACE_BOUND('',#1000,.T.);
#143=FACE_BOUND('',#1002,.T.);
#144=FACE_BOUND('',#1003,.T.);
#145=FACE_BOUND('',#1004,.T.);
#146=FACE_BOUND('',#1005,.T.);
#147=FACE_BOUND('',#1006,.T.);
#148=FACE_BOUND('',#1007,.T.);
#149=FACE_BOUND('',#1020,.T.);
#150=FACE_BOUND('',#1021,.T.);
#151=FACE_BOUND('',#1022,.T.);
#152=FACE_BOUND('',#1023,.T.);
#153=FACE_BOUND('',#1024,.T.);
#154=FACE_BOUND('',#1025,.T.);
#155=FACE_BOUND('',#1026,.T.);
#156=FACE_BOUND('',#1027,.T.);
#157=FACE_BOUND('',#1028,.T.);
#158=FACE_BOUND('',#1029,.T.);
#159=FACE_BOUND('',#1030,.T.);
#160=FACE_BOUND('',#1031,.T.);
#161=FACE_BOUND('',#1061,.T.);
#162=FACE_BOUND('',#1063,.T.);
#163=FACE_BOUND('',#1090,.T.);
#164=FACE_BOUND('',#1091,.T.);
#165=FACE_BOUND('',#1092,.T.);
#166=FACE_BOUND('',#1093,.T.);
#167=FACE_BOUND('',#1094,.T.);
#168=FACE_BOUND('',#1095,.T.);
#169=FACE_BOUND('',#1096,.T.);
#170=FACE_BOUND('',#1097,.T.);
#171=FACE_BOUND('',#1098,.T.);
#172=FACE_BOUND('',#1099,.T.);
#173=FACE_BOUND('',#1100,.T.);
#174=FACE_BOUND('',#1101,.T.);
#175=FACE_BOUND('',#1103,.T.);
#176=FACE_BOUND('',#1104,.T.);
#177=FACE_BOUND('',#1105,.T.);
#178=FACE_BOUND('',#1106,.T.);
#179=FACE_BOUND('',#1107,.T.);
#180=FACE_BOUND('',#1108,.T.);
#181=FACE_BOUND('',#1109,.T.);
#182=FACE_BOUND('',#1110,.T.);
#183=FACE_BOUND('',#1111,.T.);
#184=FACE_BOUND('',#1112,.T.);
#185=FACE_BOUND('',#1113,.T.);
#186=FACE_BOUND('',#1114,.T.);
#187=FACE_BOUND('',#1137,.T.);
#188=FACE_BOUND('',#1139,.T.);
#189=FACE_BOUND('',#1231,.T.);
#190=FACE_BOUND('',#1232,.T.);
#191=FACE_BOUND('',#1233,.T.);
#192=FACE_BOUND('',#1235,.T.);
#193=FACE_BOUND('',#1236,.T.);
#194=FACE_BOUND('',#1237,.T.);
#195=PLANE('',#7303);
#196=PLANE('',#7304);
#197=PLANE('',#7308);
#198=PLANE('',#7321);
#199=PLANE('',#7325);
#200=PLANE('',#7332);
#201=PLANE('',#7338);
#202=PLANE('',#7340);
#203=PLANE('',#7341);
#204=PLANE('',#7343);
#205=PLANE('',#7345);
#206=PLANE('',#7352);
#207=PLANE('',#7356);
#208=PLANE('',#7366);
#209=PLANE('',#7367);
#210=PLANE('',#7368);
#211=PLANE('',#7369);
#212=PLANE('',#7370);
#213=PLANE('',#7371);
#214=PLANE('',#7372);
#215=PLANE('',#7373);
#216=PLANE('',#7374);
#217=PLANE('',#7375);
#218=PLANE('',#7376);
#219=PLANE('',#7377);
#220=PLANE('',#7378);
#221=PLANE('',#7379);
#222=PLANE('',#7380);
#223=PLANE('',#7381);
#224=PLANE('',#7382);
#225=PLANE('',#7383);
#226=PLANE('',#7384);
#227=PLANE('',#7385);
#228=PLANE('',#7386);
#229=PLANE('',#7387);
#230=PLANE('',#7388);
#231=PLANE('',#7389);
#232=PLANE('',#7395);
#233=PLANE('',#7398);
#234=PLANE('',#7401);
#235=PLANE('',#7408);
#236=PLANE('',#7409);
#237=PLANE('',#7410);
#238=PLANE('',#7411);
#239=PLANE('',#7412);
#240=PLANE('',#7413);
#241=PLANE('',#7414);
#242=PLANE('',#7415);
#243=PLANE('',#7416);
#244=PLANE('',#7417);
#245=PLANE('',#7418);
#246=PLANE('',#7419);
#247=PLANE('',#7420);
#248=PLANE('',#7421);
#249=PLANE('',#7422);
#250=PLANE('',#7423);
#251=PLANE('',#7424);
#252=PLANE('',#7425);
#253=PLANE('',#7426);
#254=PLANE('',#7427);
#255=PLANE('',#7428);
#256=PLANE('',#7429);
#257=PLANE('',#7432);
#258=PLANE('',#7433);
#259=PLANE('',#7437);
#260=PLANE('',#7453);
#261=PLANE('',#7457);
#262=PLANE('',#7467);
#263=PLANE('',#7468);
#264=PLANE('',#7469);
#265=PLANE('',#7470);
#266=PLANE('',#7471);
#267=PLANE('',#7472);
#268=PLANE('',#7473);
#269=PLANE('',#7474);
#270=PLANE('',#7475);
#271=PLANE('',#7476);
#272=PLANE('',#7477);
#273=PLANE('',#7478);
#274=PLANE('',#7479);
#275=PLANE('',#7480);
#276=PLANE('',#7481);
#277=PLANE('',#7482);
#278=PLANE('',#7483);
#279=PLANE('',#7484);
#280=PLANE('',#7485);
#281=PLANE('',#7486);
#282=PLANE('',#7487);
#283=PLANE('',#7488);
#284=PLANE('',#7489);
#285=PLANE('',#7495);
#286=PLANE('',#7498);
#287=PLANE('',#7501);
#288=PLANE('',#7508);
#289=PLANE('',#7509);
#290=PLANE('',#7510);
#291=PLANE('',#7511);
#292=PLANE('',#7512);
#293=PLANE('',#7513);
#294=PLANE('',#7514);
#295=PLANE('',#7515);
#296=PLANE('',#7516);
#297=PLANE('',#7517);
#298=PLANE('',#7518);
#299=PLANE('',#7519);
#300=PLANE('',#7520);
#301=PLANE('',#7521);
#302=PLANE('',#7522);
#303=PLANE('',#7523);
#304=PLANE('',#7524);
#305=PLANE('',#7525);
#306=PLANE('',#7526);
#307=PLANE('',#7527);
#308=PLANE('',#7528);
#309=PLANE('',#7529);
#310=PLANE('',#7536);
#311=PLANE('',#7542);
#312=PLANE('',#7544);
#313=PLANE('',#7545);
#314=PLANE('',#7547);
#315=PLANE('',#7549);
#316=PLANE('',#7553);
#317=PLANE('',#7556);
#318=PLANE('',#7557);
#319=PLANE('',#7558);
#320=PLANE('',#7559);
#321=PLANE('',#7560);
#322=PLANE('',#7561);
#323=PLANE('',#7562);
#324=PLANE('',#7563);
#325=PLANE('',#7564);
#326=PLANE('',#7565);
#327=PLANE('',#7566);
#328=PLANE('',#7567);
#329=PLANE('',#7568);
#330=PLANE('',#7569);
#331=PLANE('',#7570);
#332=PLANE('',#7571);
#333=PLANE('',#7572);
#334=PLANE('',#7573);
#335=PLANE('',#7574);
#336=PLANE('',#7575);
#337=PLANE('',#7576);
#338=PLANE('',#7577);
#339=PLANE('',#7578);
#340=PLANE('',#7579);
#341=PLANE('',#7580);
#342=PLANE('',#7581);
#343=PLANE('',#7582);
#344=PLANE('',#7583);
#345=PLANE('',#7586);
#346=PLANE('',#7594);
#347=PLANE('',#7602);
#348=PLANE('',#7603);
#349=PLANE('',#7604);
#350=PLANE('',#7605);
#351=PLANE('',#7606);
#352=PLANE('',#7608);
#353=PLANE('',#7610);
#354=PLANE('',#7611);
#355=PLANE('',#7613);
#356=PLANE('',#7615);
#357=PLANE('',#7616);
#358=PLANE('',#7617);
#359=PLANE('',#7619);
#360=PLANE('',#7621);
#361=PLANE('',#7622);
#362=PLANE('',#7624);
#363=PLANE('',#7625);
#364=PLANE('',#7626);
#365=PLANE('',#7630);
#366=PLANE('',#7643);
#367=PLANE('',#7656);
#368=PLANE('',#7657);
#369=PLANE('',#7658);
#370=PLANE('',#7659);
#371=PLANE('',#7675);
#372=PLANE('',#7676);
#373=PLANE('',#7677);
#374=PLANE('',#7678);
#375=PLANE('',#7679);
#376=PLANE('',#7680);
#377=PLANE('',#7681);
#378=PLANE('',#7682);
#379=PLANE('',#7683);
#380=PLANE('',#7684);
#381=PLANE('',#7685);
#382=PLANE('',#7686);
#383=PLANE('',#7687);
#384=PLANE('',#7688);
#385=PLANE('',#7689);
#386=PLANE('',#7690);
#387=PLANE('',#7691);
#388=PLANE('',#7692);
#389=PLANE('',#7693);
#390=PLANE('',#7694);
#391=PLANE('',#7695);
#392=PLANE('',#7696);
#393=PLANE('',#7697);
#394=PLANE('',#7698);
#395=PLANE('',#7699);
#396=PLANE('',#7700);
#397=PLANE('',#7701);
#398=PLANE('',#7702);
#399=PLANE('',#7703);
#400=PLANE('',#7704);
#401=PLANE('',#7705);
#402=PLANE('',#7706);
#403=PLANE('',#7707);
#404=PLANE('',#7708);
#405=PLANE('',#7709);
#406=PLANE('',#7710);
#407=PLANE('',#7711);
#408=PLANE('',#7712);
#409=PLANE('',#7713);
#410=PLANE('',#7714);
#411=PLANE('',#7715);
#412=PLANE('',#7716);
#413=PLANE('',#7717);
#414=PLANE('',#7721);
#415=PLANE('',#7725);
#416=PLANE('',#7726);
#417=PLANE('',#7730);
#418=PLANE('',#7734);
#419=PLANE('',#7735);
#420=PLANE('',#7739);
#421=PLANE('',#7743);
#422=PLANE('',#7744);
#423=PLANE('',#7745);
#424=PLANE('',#7746);
#425=PLANE('',#7747);
#426=PLANE('',#7748);
#427=PLANE('',#7749);
#428=PLANE('',#7750);
#429=PLANE('',#7751);
#430=PLANE('',#7752);
#431=PLANE('',#7753);
#432=PLANE('',#7754);
#433=PLANE('',#7755);
#434=PLANE('',#7756);
#435=PLANE('',#7757);
#436=PLANE('',#7758);
#437=PLANE('',#7759);
#438=PLANE('',#7760);
#439=PLANE('',#7761);
#440=PLANE('',#7762);
#441=PLANE('',#7763);
#442=PLANE('',#7764);
#443=PLANE('',#7765);
#444=PLANE('',#7766);
#445=PLANE('',#7767);
#446=PLANE('',#7768);
#447=PLANE('',#7769);
#448=PLANE('',#7770);
#449=PLANE('',#7771);
#450=PLANE('',#7772);
#451=PLANE('',#7773);
#452=PLANE('',#7774);
#453=PLANE('',#7775);
#454=PLANE('',#7776);
#455=PLANE('',#7777);
#456=PLANE('',#7778);
#457=PLANE('',#7779);
#458=PLANE('',#7780);
#459=PLANE('',#7781);
#460=PLANE('',#7782);
#461=PLANE('',#7783);
#462=PLANE('',#7784);
#463=PLANE('',#7791);
#464=PLANE('',#7792);
#465=PLANE('',#7793);
#466=FACE_OUTER_BOUND('',#806,.T.);
#467=FACE_OUTER_BOUND('',#807,.T.);
#468=FACE_OUTER_BOUND('',#808,.T.);
#469=FACE_OUTER_BOUND('',#809,.T.);
#470=FACE_OUTER_BOUND('',#810,.T.);
#471=FACE_OUTER_BOUND('',#811,.T.);
#472=FACE_OUTER_BOUND('',#812,.T.);
#473=FACE_OUTER_BOUND('',#813,.T.);
#474=FACE_OUTER_BOUND('',#814,.T.);
#475=FACE_OUTER_BOUND('',#815,.T.);
#476=FACE_OUTER_BOUND('',#816,.T.);
#477=FACE_OUTER_BOUND('',#823,.T.);
#478=FACE_OUTER_BOUND('',#830,.T.);
#479=FACE_OUTER_BOUND('',#831,.T.);
#480=FACE_OUTER_BOUND('',#832,.T.);
#481=FACE_OUTER_BOUND('',#833,.T.);
#482=FACE_OUTER_BOUND('',#834,.T.);
#483=FACE_OUTER_BOUND('',#835,.T.);
#484=FACE_OUTER_BOUND('',#836,.T.);
#485=FACE_OUTER_BOUND('',#837,.T.);
#486=FACE_OUTER_BOUND('',#838,.T.);
#487=FACE_OUTER_BOUND('',#839,.T.);
#488=FACE_OUTER_BOUND('',#840,.T.);
#489=FACE_OUTER_BOUND('',#841,.T.);
#490=FACE_OUTER_BOUND('',#842,.T.);
#491=FACE_OUTER_BOUND('',#843,.T.);
#492=FACE_OUTER_BOUND('',#844,.T.);
#493=FACE_OUTER_BOUND('',#845,.T.);
#494=FACE_OUTER_BOUND('',#846,.T.);
#495=FACE_OUTER_BOUND('',#847,.T.);
#496=FACE_OUTER_BOUND('',#848,.T.);
#497=FACE_OUTER_BOUND('',#850,.T.);
#498=FACE_OUTER_BOUND('',#851,.T.);
#499=FACE_OUTER_BOUND('',#852,.T.);
#500=FACE_OUTER_BOUND('',#853,.T.);
#501=FACE_OUTER_BOUND('',#854,.T.);
#502=FACE_OUTER_BOUND('',#855,.T.);
#503=FACE_OUTER_BOUND('',#856,.T.);
#504=FACE_OUTER_BOUND('',#858,.T.);
#505=FACE_OUTER_BOUND('',#859,.T.);
#506=FACE_OUTER_BOUND('',#860,.T.);
#507=FACE_OUTER_BOUND('',#861,.T.);
#508=FACE_OUTER_BOUND('',#862,.T.);
#509=FACE_OUTER_BOUND('',#863,.T.);
#510=FACE_OUTER_BOUND('',#864,.T.);
#511=FACE_OUTER_BOUND('',#866,.T.);
#512=FACE_OUTER_BOUND('',#867,.T.);
#513=FACE_OUTER_BOUND('',#868,.T.);
#514=FACE_OUTER_BOUND('',#869,.T.);
#515=FACE_OUTER_BOUND('',#870,.T.);
#516=FACE_OUTER_BOUND('',#871,.T.);
#517=FACE_OUTER_BOUND('',#872,.T.);
#518=FACE_OUTER_BOUND('',#873,.T.);
#519=FACE_OUTER_BOUND('',#874,.T.);
#520=FACE_OUTER_BOUND('',#881,.T.);
#521=FACE_OUTER_BOUND('',#882,.T.);
#522=FACE_OUTER_BOUND('',#883,.T.);
#523=FACE_OUTER_BOUND('',#884,.T.);
#524=FACE_OUTER_BOUND('',#885,.T.);
#525=FACE_OUTER_BOUND('',#886,.T.);
#526=FACE_OUTER_BOUND('',#887,.T.);
#527=FACE_OUTER_BOUND('',#888,.T.);
#528=FACE_OUTER_BOUND('',#889,.T.);
#529=FACE_OUTER_BOUND('',#891,.T.);
#530=FACE_OUTER_BOUND('',#892,.T.);
#531=FACE_OUTER_BOUND('',#893,.T.);
#532=FACE_OUTER_BOUND('',#894,.T.);
#533=FACE_OUTER_BOUND('',#895,.T.);
#534=FACE_OUTER_BOUND('',#896,.T.);
#535=FACE_OUTER_BOUND('',#897,.T.);
#536=FACE_OUTER_BOUND('',#899,.T.);
#537=FACE_OUTER_BOUND('',#900,.T.);
#538=FACE_OUTER_BOUND('',#901,.T.);
#539=FACE_OUTER_BOUND('',#902,.T.);
#540=FACE_OUTER_BOUND('',#903,.T.);
#541=FACE_OUTER_BOUND('',#904,.T.);
#542=FACE_OUTER_BOUND('',#905,.T.);
#543=FACE_OUTER_BOUND('',#907,.T.);
#544=FACE_OUTER_BOUND('',#908,.T.);
#545=FACE_OUTER_BOUND('',#909,.T.);
#546=FACE_OUTER_BOUND('',#910,.T.);
#547=FACE_OUTER_BOUND('',#911,.T.);
#548=FACE_OUTER_BOUND('',#912,.T.);
#549=FACE_OUTER_BOUND('',#913,.T.);
#550=FACE_OUTER_BOUND('',#914,.T.);
#551=FACE_OUTER_BOUND('',#915,.T.);
#552=FACE_OUTER_BOUND('',#916,.T.);
#553=FACE_OUTER_BOUND('',#917,.T.);
#554=FACE_OUTER_BOUND('',#918,.T.);
#555=FACE_OUTER_BOUND('',#919,.T.);
#556=FACE_OUTER_BOUND('',#920,.T.);
#557=FACE_OUTER_BOUND('',#921,.T.);
#558=FACE_OUTER_BOUND('',#922,.T.);
#559=FACE_OUTER_BOUND('',#923,.T.);
#560=FACE_OUTER_BOUND('',#924,.T.);
#561=FACE_OUTER_BOUND('',#925,.T.);
#562=FACE_OUTER_BOUND('',#926,.T.);
#563=FACE_OUTER_BOUND('',#927,.T.);
#564=FACE_OUTER_BOUND('',#928,.T.);
#565=FACE_OUTER_BOUND('',#929,.T.);
#566=FACE_OUTER_BOUND('',#930,.T.);
#567=FACE_OUTER_BOUND('',#932,.T.);
#568=FACE_OUTER_BOUND('',#933,.T.);
#569=FACE_OUTER_BOUND('',#934,.T.);
#570=FACE_OUTER_BOUND('',#935,.T.);
#571=FACE_OUTER_BOUND('',#936,.T.);
#572=FACE_OUTER_BOUND('',#937,.T.);
#573=FACE_OUTER_BOUND('',#938,.T.);
#574=FACE_OUTER_BOUND('',#940,.T.);
#575=FACE_OUTER_BOUND('',#941,.T.);
#576=FACE_OUTER_BOUND('',#942,.T.);
#577=FACE_OUTER_BOUND('',#943,.T.);
#578=FACE_OUTER_BOUND('',#944,.T.);
#579=FACE_OUTER_BOUND('',#945,.T.);
#580=FACE_OUTER_BOUND('',#946,.T.);
#581=FACE_OUTER_BOUND('',#948,.T.);
#582=FACE_OUTER_BOUND('',#949,.T.);
#583=FACE_OUTER_BOUND('',#950,.T.);
#584=FACE_OUTER_BOUND('',#951,.T.);
#585=FACE_OUTER_BOUND('',#952,.T.);
#586=FACE_OUTER_BOUND('',#953,.T.);
#587=FACE_OUTER_BOUND('',#954,.T.);
#588=FACE_OUTER_BOUND('',#955,.T.);
#589=FACE_OUTER_BOUND('',#962,.T.);
#590=FACE_OUTER_BOUND('',#963,.T.);
#591=FACE_OUTER_BOUND('',#964,.T.);
#592=FACE_OUTER_BOUND('',#965,.T.);
#593=FACE_OUTER_BOUND('',#966,.T.);
#594=FACE_OUTER_BOUND('',#967,.T.);
#595=FACE_OUTER_BOUND('',#968,.T.);
#596=FACE_OUTER_BOUND('',#969,.T.);
#597=FACE_OUTER_BOUND('',#970,.T.);
#598=FACE_OUTER_BOUND('',#972,.T.);
#599=FACE_OUTER_BOUND('',#973,.T.);
#600=FACE_OUTER_BOUND('',#974,.T.);
#601=FACE_OUTER_BOUND('',#975,.T.);
#602=FACE_OUTER_BOUND('',#976,.T.);
#603=FACE_OUTER_BOUND('',#977,.T.);
#604=FACE_OUTER_BOUND('',#978,.T.);
#605=FACE_OUTER_BOUND('',#980,.T.);
#606=FACE_OUTER_BOUND('',#981,.T.);
#607=FACE_OUTER_BOUND('',#982,.T.);
#608=FACE_OUTER_BOUND('',#983,.T.);
#609=FACE_OUTER_BOUND('',#984,.T.);
#610=FACE_OUTER_BOUND('',#985,.T.);
#611=FACE_OUTER_BOUND('',#986,.T.);
#612=FACE_OUTER_BOUND('',#988,.T.);
#613=FACE_OUTER_BOUND('',#989,.T.);
#614=FACE_OUTER_BOUND('',#990,.T.);
#615=FACE_OUTER_BOUND('',#991,.T.);
#616=FACE_OUTER_BOUND('',#992,.T.);
#617=FACE_OUTER_BOUND('',#993,.T.);
#618=FACE_OUTER_BOUND('',#994,.T.);
#619=FACE_OUTER_BOUND('',#1001,.T.);
#620=FACE_OUTER_BOUND('',#1008,.T.);
#621=FACE_OUTER_BOUND('',#1009,.T.);
#622=FACE_OUTER_BOUND('',#1010,.T.);
#623=FACE_OUTER_BOUND('',#1011,.T.);
#624=FACE_OUTER_BOUND('',#1012,.T.);
#625=FACE_OUTER_BOUND('',#1013,.T.);
#626=FACE_OUTER_BOUND('',#1014,.T.);
#627=FACE_OUTER_BOUND('',#1015,.T.);
#628=FACE_OUTER_BOUND('',#1016,.T.);
#629=FACE_OUTER_BOUND('',#1017,.T.);
#630=FACE_OUTER_BOUND('',#1018,.T.);
#631=FACE_OUTER_BOUND('',#1019,.T.);
#632=FACE_OUTER_BOUND('',#1032,.T.);
#633=FACE_OUTER_BOUND('',#1033,.T.);
#634=FACE_OUTER_BOUND('',#1034,.T.);
#635=FACE_OUTER_BOUND('',#1035,.T.);
#636=FACE_OUTER_BOUND('',#1036,.T.);
#637=FACE_OUTER_BOUND('',#1037,.T.);
#638=FACE_OUTER_BOUND('',#1038,.T.);
#639=FACE_OUTER_BOUND('',#1039,.T.);
#640=FACE_OUTER_BOUND('',#1040,.T.);
#641=FACE_OUTER_BOUND('',#1041,.T.);
#642=FACE_OUTER_BOUND('',#1042,.T.);
#643=FACE_OUTER_BOUND('',#1043,.T.);
#644=FACE_OUTER_BOUND('',#1044,.T.);
#645=FACE_OUTER_BOUND('',#1045,.T.);
#646=FACE_OUTER_BOUND('',#1046,.T.);
#647=FACE_OUTER_BOUND('',#1047,.T.);
#648=FACE_OUTER_BOUND('',#1048,.T.);
#649=FACE_OUTER_BOUND('',#1049,.T.);
#650=FACE_OUTER_BOUND('',#1050,.T.);
#651=FACE_OUTER_BOUND('',#1051,.T.);
#652=FACE_OUTER_BOUND('',#1052,.T.);
#653=FACE_OUTER_BOUND('',#1053,.T.);
#654=FACE_OUTER_BOUND('',#1054,.T.);
#655=FACE_OUTER_BOUND('',#1055,.T.);
#656=FACE_OUTER_BOUND('',#1056,.T.);
#657=FACE_OUTER_BOUND('',#1057,.T.);
#658=FACE_OUTER_BOUND('',#1058,.T.);
#659=FACE_OUTER_BOUND('',#1059,.T.);
#660=FACE_OUTER_BOUND('',#1060,.T.);
#661=FACE_OUTER_BOUND('',#1062,.T.);
#662=FACE_OUTER_BOUND('',#1064,.T.);
#663=FACE_OUTER_BOUND('',#1065,.T.);
#664=FACE_OUTER_BOUND('',#1066,.T.);
#665=FACE_OUTER_BOUND('',#1067,.T.);
#666=FACE_OUTER_BOUND('',#1068,.T.);
#667=FACE_OUTER_BOUND('',#1069,.T.);
#668=FACE_OUTER_BOUND('',#1070,.T.);
#669=FACE_OUTER_BOUND('',#1071,.T.);
#670=FACE_OUTER_BOUND('',#1072,.T.);
#671=FACE_OUTER_BOUND('',#1073,.T.);
#672=FACE_OUTER_BOUND('',#1074,.T.);
#673=FACE_OUTER_BOUND('',#1075,.T.);
#674=FACE_OUTER_BOUND('',#1076,.T.);
#675=FACE_OUTER_BOUND('',#1077,.T.);
#676=FACE_OUTER_BOUND('',#1078,.T.);
#677=FACE_OUTER_BOUND('',#1079,.T.);
#678=FACE_OUTER_BOUND('',#1080,.T.);
#679=FACE_OUTER_BOUND('',#1081,.T.);
#680=FACE_OUTER_BOUND('',#1082,.T.);
#681=FACE_OUTER_BOUND('',#1083,.T.);
#682=FACE_OUTER_BOUND('',#1084,.T.);
#683=FACE_OUTER_BOUND('',#1085,.T.);
#684=FACE_OUTER_BOUND('',#1086,.T.);
#685=FACE_OUTER_BOUND('',#1087,.T.);
#686=FACE_OUTER_BOUND('',#1088,.T.);
#687=FACE_OUTER_BOUND('',#1089,.T.);
#688=FACE_OUTER_BOUND('',#1102,.T.);
#689=FACE_OUTER_BOUND('',#1115,.T.);
#690=FACE_OUTER_BOUND('',#1116,.T.);
#691=FACE_OUTER_BOUND('',#1117,.T.);
#692=FACE_OUTER_BOUND('',#1118,.T.);
#693=FACE_OUTER_BOUND('',#1119,.T.);
#694=FACE_OUTER_BOUND('',#1120,.T.);
#695=FACE_OUTER_BOUND('',#1121,.T.);
#696=FACE_OUTER_BOUND('',#1122,.T.);
#697=FACE_OUTER_BOUND('',#1123,.T.);
#698=FACE_OUTER_BOUND('',#1124,.T.);
#699=FACE_OUTER_BOUND('',#1125,.T.);
#700=FACE_OUTER_BOUND('',#1126,.T.);
#701=FACE_OUTER_BOUND('',#1127,.T.);
#702=FACE_OUTER_BOUND('',#1128,.T.);
#703=FACE_OUTER_BOUND('',#1129,.T.);
#704=FACE_OUTER_BOUND('',#1130,.T.);
#705=FACE_OUTER_BOUND('',#1131,.T.);
#706=FACE_OUTER_BOUND('',#1132,.T.);
#707=FACE_OUTER_BOUND('',#1133,.T.);
#708=FACE_OUTER_BOUND('',#1134,.T.);
#709=FACE_OUTER_BOUND('',#1135,.T.);
#710=FACE_OUTER_BOUND('',#1136,.T.);
#711=FACE_OUTER_BOUND('',#1138,.T.);
#712=FACE_OUTER_BOUND('',#1140,.T.);
#713=FACE_OUTER_BOUND('',#1141,.T.);
#714=FACE_OUTER_BOUND('',#1142,.T.);
#715=FACE_OUTER_BOUND('',#1143,.T.);
#716=FACE_OUTER_BOUND('',#1144,.T.);
#717=FACE_OUTER_BOUND('',#1145,.T.);
#718=FACE_OUTER_BOUND('',#1146,.T.);
#719=FACE_OUTER_BOUND('',#1147,.T.);
#720=FACE_OUTER_BOUND('',#1148,.T.);
#721=FACE_OUTER_BOUND('',#1149,.T.);
#722=FACE_OUTER_BOUND('',#1150,.T.);
#723=FACE_OUTER_BOUND('',#1151,.T.);
#724=FACE_OUTER_BOUND('',#1152,.T.);
#725=FACE_OUTER_BOUND('',#1153,.T.);
#726=FACE_OUTER_BOUND('',#1154,.T.);
#727=FACE_OUTER_BOUND('',#1155,.T.);
#728=FACE_OUTER_BOUND('',#1156,.T.);
#729=FACE_OUTER_BOUND('',#1157,.T.);
#730=FACE_OUTER_BOUND('',#1158,.T.);
#731=FACE_OUTER_BOUND('',#1159,.T.);
#732=FACE_OUTER_BOUND('',#1160,.T.);
#733=FACE_OUTER_BOUND('',#1161,.T.);
#734=FACE_OUTER_BOUND('',#1162,.T.);
#735=FACE_OUTER_BOUND('',#1163,.T.);
#736=FACE_OUTER_BOUND('',#1164,.T.);
#737=FACE_OUTER_BOUND('',#1165,.T.);
#738=FACE_OUTER_BOUND('',#1166,.T.);
#739=FACE_OUTER_BOUND('',#1167,.T.);
#740=FACE_OUTER_BOUND('',#1168,.T.);
#741=FACE_OUTER_BOUND('',#1169,.T.);
#742=FACE_OUTER_BOUND('',#1170,.T.);
#743=FACE_OUTER_BOUND('',#1171,.T.);
#744=FACE_OUTER_BOUND('',#1172,.T.);
#745=FACE_OUTER_BOUND('',#1173,.T.);
#746=FACE_OUTER_BOUND('',#1174,.T.);
#747=FACE_OUTER_BOUND('',#1175,.T.);
#748=FACE_OUTER_BOUND('',#1176,.T.);
#749=FACE_OUTER_BOUND('',#1177,.T.);
#750=FACE_OUTER_BOUND('',#1178,.T.);
#751=FACE_OUTER_BOUND('',#1179,.T.);
#752=FACE_OUTER_BOUND('',#1180,.T.);
#753=FACE_OUTER_BOUND('',#1181,.T.);
#754=FACE_OUTER_BOUND('',#1182,.T.);
#755=FACE_OUTER_BOUND('',#1183,.T.);
#756=FACE_OUTER_BOUND('',#1184,.T.);
#757=FACE_OUTER_BOUND('',#1185,.T.);
#758=FACE_OUTER_BOUND('',#1186,.T.);
#759=FACE_OUTER_BOUND('',#1187,.T.);
#760=FACE_OUTER_BOUND('',#1188,.T.);
#761=FACE_OUTER_BOUND('',#1189,.T.);
#762=FACE_OUTER_BOUND('',#1190,.T.);
#763=FACE_OUTER_BOUND('',#1191,.T.);
#764=FACE_OUTER_BOUND('',#1192,.T.);
#765=FACE_OUTER_BOUND('',#1193,.T.);
#766=FACE_OUTER_BOUND('',#1194,.T.);
#767=FACE_OUTER_BOUND('',#1195,.T.);
#768=FACE_OUTER_BOUND('',#1196,.T.);
#769=FACE_OUTER_BOUND('',#1197,.T.);
#770=FACE_OUTER_BOUND('',#1198,.T.);
#771=FACE_OUTER_BOUND('',#1199,.T.);
#772=FACE_OUTER_BOUND('',#1200,.T.);
#773=FACE_OUTER_BOUND('',#1201,.T.);
#774=FACE_OUTER_BOUND('',#1202,.T.);
#775=FACE_OUTER_BOUND('',#1203,.T.);
#776=FACE_OUTER_BOUND('',#1204,.T.);
#777=FACE_OUTER_BOUND('',#1205,.T.);
#778=FACE_OUTER_BOUND('',#1206,.T.);
#779=FACE_OUTER_BOUND('',#1207,.T.);
#780=FACE_OUTER_BOUND('',#1208,.T.);
#781=FACE_OUTER_BOUND('',#1209,.T.);
#782=FACE_OUTER_BOUND('',#1210,.T.);
#783=FACE_OUTER_BOUND('',#1211,.T.);
#784=FACE_OUTER_BOUND('',#1212,.T.);
#785=FACE_OUTER_BOUND('',#1213,.T.);
#786=FACE_OUTER_BOUND('',#1214,.T.);
#787=FACE_OUTER_BOUND('',#1215,.T.);
#788=FACE_OUTER_BOUND('',#1216,.T.);
#789=FACE_OUTER_BOUND('',#1217,.T.);
#790=FACE_OUTER_BOUND('',#1218,.T.);
#791=FACE_OUTER_BOUND('',#1219,.T.);
#792=FACE_OUTER_BOUND('',#1220,.T.);
#793=FACE_OUTER_BOUND('',#1221,.T.);
#794=FACE_OUTER_BOUND('',#1222,.T.);
#795=FACE_OUTER_BOUND('',#1223,.T.);
#796=FACE_OUTER_BOUND('',#1224,.T.);
#797=FACE_OUTER_BOUND('',#1225,.T.);
#798=FACE_OUTER_BOUND('',#1226,.T.);
#799=FACE_OUTER_BOUND('',#1227,.T.);
#800=FACE_OUTER_BOUND('',#1228,.T.);
#801=FACE_OUTER_BOUND('',#1229,.T.);
#802=FACE_OUTER_BOUND('',#1230,.T.);
#803=FACE_OUTER_BOUND('',#1234,.T.);
#804=FACE_OUTER_BOUND('',#1238,.T.);
#805=FACE_OUTER_BOUND('',#1239,.T.);
#806=EDGE_LOOP('',(#4740,#4741,#4742,#4743));
#807=EDGE_LOOP('',(#4744,#4745,#4746,#4747));
#808=EDGE_LOOP('',(#4748,#4749,#4750,#4751));
#809=EDGE_LOOP('',(#4752,#4753,#4754,#4755));
#810=EDGE_LOOP('',(#4756,#4757,#4758,#4759));
#811=EDGE_LOOP('',(#4760,#4761,#4762,#4763));
#812=EDGE_LOOP('',(#4764,#4765,#4766,#4767));
#813=EDGE_LOOP('',(#4768,#4769,#4770,#4771));
#814=EDGE_LOOP('',(#4772,#4773,#4774,#4775));
#815=EDGE_LOOP('',(#4776,#4777,#4778,#4779,#4780,#4781,#4782,#4783,#4784,
#4785,#4786,#4787));
#816=EDGE_LOOP('',(#4788,#4789,#4790,#4791,#4792,#4793,#4794,#4795,#4796,
#4797,#4798,#4799,#4800,#4801));
#817=EDGE_LOOP('',(#4802));
#818=EDGE_LOOP('',(#4803));
#819=EDGE_LOOP('',(#4804));
#820=EDGE_LOOP('',(#4805));
#821=EDGE_LOOP('',(#4806));
#822=EDGE_LOOP('',(#4807));
#823=EDGE_LOOP('',(#4808,#4809,#4810,#4811,#4812,#4813,#4814,#4815,#4816,
#4817,#4818,#4819,#4820,#4821));
#824=EDGE_LOOP('',(#4822));
#825=EDGE_LOOP('',(#4823));
#826=EDGE_LOOP('',(#4824));
#827=EDGE_LOOP('',(#4825));
#828=EDGE_LOOP('',(#4826));
#829=EDGE_LOOP('',(#4827));
#830=EDGE_LOOP('',(#4828,#4829,#4830,#4831));
#831=EDGE_LOOP('',(#4832,#4833,#4834,#4835));
#832=EDGE_LOOP('',(#4836,#4837,#4838,#4839));
#833=EDGE_LOOP('',(#4840,#4841,#4842,#4843));
#834=EDGE_LOOP('',(#4844,#4845,#4846,#4847));
#835=EDGE_LOOP('',(#4848,#4849,#4850,#4851));
#836=EDGE_LOOP('',(#4852,#4853,#4854,#4855));
#837=EDGE_LOOP('',(#4856,#4857,#4858,#4859));
#838=EDGE_LOOP('',(#4860,#4861,#4862,#4863));
#839=EDGE_LOOP('',(#4864,#4865,#4866,#4867));
#840=EDGE_LOOP('',(#4868,#4869,#4870,#4871));
#841=EDGE_LOOP('',(#4872,#4873,#4874,#4875));
#842=EDGE_LOOP('',(#4876,#4877,#4878,#4879));
#843=EDGE_LOOP('',(#4880,#4881,#4882,#4883));
#844=EDGE_LOOP('',(#4884,#4885,#4886,#4887));
#845=EDGE_LOOP('',(#4888,#4889,#4890,#4891));
#846=EDGE_LOOP('',(#4892,#4893,#4894,#4895));
#847=EDGE_LOOP('',(#4896,#4897,#4898,#4899));
#848=EDGE_LOOP('',(#4900,#4901,#4902,#4903,#4904,#4905));
#849=EDGE_LOOP('',(#4906));
#850=EDGE_LOOP('',(#4907,#4908,#4909,#4910));
#851=EDGE_LOOP('',(#4911,#4912,#4913,#4914));
#852=EDGE_LOOP('',(#4915,#4916,#4917,#4918));
#853=EDGE_LOOP('',(#4919,#4920,#4921,#4922));
#854=EDGE_LOOP('',(#4923,#4924,#4925,#4926));
#855=EDGE_LOOP('',(#4927,#4928,#4929,#4930));
#856=EDGE_LOOP('',(#4931,#4932,#4933,#4934,#4935,#4936));
#857=EDGE_LOOP('',(#4937));
#858=EDGE_LOOP('',(#4938,#4939,#4940,#4941));
#859=EDGE_LOOP('',(#4942,#4943,#4944,#4945));
#860=EDGE_LOOP('',(#4946,#4947,#4948,#4949));
#861=EDGE_LOOP('',(#4950,#4951,#4952,#4953));
#862=EDGE_LOOP('',(#4954,#4955,#4956,#4957));
#863=EDGE_LOOP('',(#4958,#4959,#4960,#4961));
#864=EDGE_LOOP('',(#4962,#4963,#4964,#4965,#4966,#4967));
#865=EDGE_LOOP('',(#4968));
#866=EDGE_LOOP('',(#4969,#4970,#4971,#4972));
#867=EDGE_LOOP('',(#4973,#4974,#4975,#4976));
#868=EDGE_LOOP('',(#4977,#4978,#4979,#4980));
#869=EDGE_LOOP('',(#4981,#4982,#4983,#4984));
#870=EDGE_LOOP('',(#4985,#4986,#4987,#4988));
#871=EDGE_LOOP('',(#4989,#4990,#4991,#4992));
#872=EDGE_LOOP('',(#4993,#4994,#4995,#4996));
#873=EDGE_LOOP('',(#4997,#4998,#4999,#5000,#5001,#5002,#5003,#5004,#5005,
#5006,#5007,#5008));
#874=EDGE_LOOP('',(#5009,#5010,#5011,#5012,#5013,#5014,#5015,#5016,#5017,
#5018,#5019,#5020));
#875=EDGE_LOOP('',(#5021));
#876=EDGE_LOOP('',(#5022));
#877=EDGE_LOOP('',(#5023));
#878=EDGE_LOOP('',(#5024));
#879=EDGE_LOOP('',(#5025));
#880=EDGE_LOOP('',(#5026));
#881=EDGE_LOOP('',(#5027,#5028,#5029,#5030));
#882=EDGE_LOOP('',(#5031,#5032,#5033,#5034));
#883=EDGE_LOOP('',(#5035,#5036,#5037,#5038));
#884=EDGE_LOOP('',(#5039,#5040,#5041,#5042));
#885=EDGE_LOOP('',(#5043,#5044,#5045,#5046));
#886=EDGE_LOOP('',(#5047,#5048,#5049,#5050));
#887=EDGE_LOOP('',(#5051,#5052,#5053,#5054));
#888=EDGE_LOOP('',(#5055,#5056,#5057,#5058));
#889=EDGE_LOOP('',(#5059,#5060,#5061,#5062,#5063,#5064));
#890=EDGE_LOOP('',(#5065));
#891=EDGE_LOOP('',(#5066,#5067,#5068,#5069));
#892=EDGE_LOOP('',(#5070,#5071,#5072,#5073));
#893=EDGE_LOOP('',(#5074,#5075,#5076,#5077));
#894=EDGE_LOOP('',(#5078,#5079,#5080,#5081));
#895=EDGE_LOOP('',(#5082,#5083,#5084,#5085));
#896=EDGE_LOOP('',(#5086,#5087,#5088,#5089));
#897=EDGE_LOOP('',(#5090,#5091,#5092,#5093,#5094,#5095));
#898=EDGE_LOOP('',(#5096));
#899=EDGE_LOOP('',(#5097,#5098,#5099,#5100));
#900=EDGE_LOOP('',(#5101,#5102,#5103,#5104));
#901=EDGE_LOOP('',(#5105,#5106,#5107,#5108));
#902=EDGE_LOOP('',(#5109,#5110,#5111,#5112));
#903=EDGE_LOOP('',(#5113,#5114,#5115,#5116));
#904=EDGE_LOOP('',(#5117,#5118,#5119,#5120));
#905=EDGE_LOOP('',(#5121,#5122,#5123,#5124,#5125,#5126));
#906=EDGE_LOOP('',(#5127));
#907=EDGE_LOOP('',(#5128,#5129,#5130,#5131));
#908=EDGE_LOOP('',(#5132,#5133,#5134,#5135));
#909=EDGE_LOOP('',(#5136,#5137,#5138,#5139));
#910=EDGE_LOOP('',(#5140,#5141,#5142,#5143));
#911=EDGE_LOOP('',(#5144,#5145,#5146,#5147));
#912=EDGE_LOOP('',(#5148,#5149,#5150,#5151));
#913=EDGE_LOOP('',(#5152,#5153,#5154,#5155,#5156,#5157,#5158,#5159,#5160,
#5161,#5162,#5163));
#914=EDGE_LOOP('',(#5164,#5165,#5166,#5167));
#915=EDGE_LOOP('',(#5168,#5169,#5170,#5171));
#916=EDGE_LOOP('',(#5172,#5173,#5174,#5175));
#917=EDGE_LOOP('',(#5176,#5177,#5178,#5179));
#918=EDGE_LOOP('',(#5180,#5181,#5182,#5183));
#919=EDGE_LOOP('',(#5184,#5185,#5186,#5187));
#920=EDGE_LOOP('',(#5188,#5189,#5190,#5191));
#921=EDGE_LOOP('',(#5192,#5193,#5194,#5195));
#922=EDGE_LOOP('',(#5196,#5197,#5198,#5199));
#923=EDGE_LOOP('',(#5200,#5201,#5202,#5203));
#924=EDGE_LOOP('',(#5204,#5205,#5206,#5207));
#925=EDGE_LOOP('',(#5208,#5209,#5210,#5211));
#926=EDGE_LOOP('',(#5212,#5213,#5214,#5215));
#927=EDGE_LOOP('',(#5216,#5217,#5218,#5219));
#928=EDGE_LOOP('',(#5220,#5221,#5222,#5223));
#929=EDGE_LOOP('',(#5224,#5225,#5226,#5227));
#930=EDGE_LOOP('',(#5228,#5229,#5230,#5231,#5232,#5233));
#931=EDGE_LOOP('',(#5234));
#932=EDGE_LOOP('',(#5235,#5236,#5237,#5238));
#933=EDGE_LOOP('',(#5239,#5240,#5241,#5242));
#934=EDGE_LOOP('',(#5243,#5244,#5245,#5246));
#935=EDGE_LOOP('',(#5247,#5248,#5249,#5250));
#936=EDGE_LOOP('',(#5251,#5252,#5253,#5254));
#937=EDGE_LOOP('',(#5255,#5256,#5257,#5258));
#938=EDGE_LOOP('',(#5259,#5260,#5261,#5262,#5263,#5264));
#939=EDGE_LOOP('',(#5265));
#940=EDGE_LOOP('',(#5266,#5267,#5268,#5269));
#941=EDGE_LOOP('',(#5270,#5271,#5272,#5273));
#942=EDGE_LOOP('',(#5274,#5275,#5276,#5277));
#943=EDGE_LOOP('',(#5278,#5279,#5280,#5281));
#944=EDGE_LOOP('',(#5282,#5283,#5284,#5285));
#945=EDGE_LOOP('',(#5286,#5287,#5288,#5289));
#946=EDGE_LOOP('',(#5290,#5291,#5292,#5293,#5294,#5295));
#947=EDGE_LOOP('',(#5296));
#948=EDGE_LOOP('',(#5297,#5298,#5299,#5300));
#949=EDGE_LOOP('',(#5301,#5302,#5303,#5304));
#950=EDGE_LOOP('',(#5305,#5306,#5307,#5308));
#951=EDGE_LOOP('',(#5309,#5310,#5311,#5312));
#952=EDGE_LOOP('',(#5313,#5314,#5315,#5316));
#953=EDGE_LOOP('',(#5317,#5318,#5319,#5320));
#954=EDGE_LOOP('',(#5321,#5322,#5323,#5324));
#955=EDGE_LOOP('',(#5325,#5326,#5327,#5328,#5329,#5330,#5331,#5332,#5333,
#5334,#5335,#5336));
#956=EDGE_LOOP('',(#5337));
#957=EDGE_LOOP('',(#5338));
#958=EDGE_LOOP('',(#5339));
#959=EDGE_LOOP('',(#5340));
#960=EDGE_LOOP('',(#5341));
#961=EDGE_LOOP('',(#5342));
#962=EDGE_LOOP('',(#5343,#5344,#5345,#5346));
#963=EDGE_LOOP('',(#5347,#5348,#5349,#5350));
#964=EDGE_LOOP('',(#5351,#5352,#5353,#5354));
#965=EDGE_LOOP('',(#5355,#5356,#5357,#5358));
#966=EDGE_LOOP('',(#5359,#5360,#5361,#5362));
#967=EDGE_LOOP('',(#5363,#5364,#5365,#5366));
#968=EDGE_LOOP('',(#5367,#5368,#5369,#5370));
#969=EDGE_LOOP('',(#5371,#5372,#5373,#5374));
#970=EDGE_LOOP('',(#5375,#5376,#5377,#5378,#5379,#5380));
#971=EDGE_LOOP('',(#5381));
#972=EDGE_LOOP('',(#5382,#5383,#5384,#5385));
#973=EDGE_LOOP('',(#5386,#5387,#5388,#5389));
#974=EDGE_LOOP('',(#5390,#5391,#5392,#5393));
#975=EDGE_LOOP('',(#5394,#5395,#5396,#5397));
#976=EDGE_LOOP('',(#5398,#5399,#5400,#5401));
#977=EDGE_LOOP('',(#5402,#5403,#5404,#5405));
#978=EDGE_LOOP('',(#5406,#5407,#5408,#5409,#5410,#5411));
#979=EDGE_LOOP('',(#5412));
#980=EDGE_LOOP('',(#5413,#5414,#5415,#5416));
#981=EDGE_LOOP('',(#5417,#5418,#5419,#5420));
#982=EDGE_LOOP('',(#5421,#5422,#5423,#5424));
#983=EDGE_LOOP('',(#5425,#5426,#5427,#5428));
#984=EDGE_LOOP('',(#5429,#5430,#5431,#5432));
#985=EDGE_LOOP('',(#5433,#5434,#5435,#5436));
#986=EDGE_LOOP('',(#5437,#5438,#5439,#5440,#5441,#5442));
#987=EDGE_LOOP('',(#5443));
#988=EDGE_LOOP('',(#5444,#5445,#5446,#5447));
#989=EDGE_LOOP('',(#5448,#5449,#5450,#5451));
#990=EDGE_LOOP('',(#5452,#5453,#5454,#5455));
#991=EDGE_LOOP('',(#5456,#5457,#5458,#5459));
#992=EDGE_LOOP('',(#5460,#5461,#5462,#5463));
#993=EDGE_LOOP('',(#5464,#5465,#5466,#5467));
#994=EDGE_LOOP('',(#5468,#5469,#5470,#5471,#5472,#5473,#5474,#5475,#5476,
#5477,#5478,#5479,#5480,#5481));
#995=EDGE_LOOP('',(#5482));
#996=EDGE_LOOP('',(#5483));
#997=EDGE_LOOP('',(#5484));
#998=EDGE_LOOP('',(#5485));
#999=EDGE_LOOP('',(#5486));
#1000=EDGE_LOOP('',(#5487));
#1001=EDGE_LOOP('',(#5488,#5489,#5490,#5491,#5492,#5493,#5494,#5495,#5496,
#5497,#5498,#5499,#5500,#5501));
#1002=EDGE_LOOP('',(#5502));
#1003=EDGE_LOOP('',(#5503));
#1004=EDGE_LOOP('',(#5504));
#1005=EDGE_LOOP('',(#5505));
#1006=EDGE_LOOP('',(#5506));
#1007=EDGE_LOOP('',(#5507));
#1008=EDGE_LOOP('',(#5508,#5509,#5510,#5511));
#1009=EDGE_LOOP('',(#5512,#5513,#5514,#5515));
#1010=EDGE_LOOP('',(#5516,#5517,#5518,#5519));
#1011=EDGE_LOOP('',(#5520,#5521,#5522,#5523));
#1012=EDGE_LOOP('',(#5524,#5525,#5526,#5527));
#1013=EDGE_LOOP('',(#5528,#5529,#5530,#5531));
#1014=EDGE_LOOP('',(#5532,#5533,#5534,#5535));
#1015=EDGE_LOOP('',(#5536,#5537,#5538,#5539));
#1016=EDGE_LOOP('',(#5540,#5541,#5542,#5543));
#1017=EDGE_LOOP('',(#5544,#5545,#5546,#5547));
#1018=EDGE_LOOP('',(#5548,#5549,#5550,#5551));
#1019=EDGE_LOOP('',(#5552,#5553,#5554,#5555,#5556,#5557,#5558,#5559,#5560,
#5561,#5562,#5563,#5564,#5565,#5566,#5567,#5568,#5569,#5570,#5571));
#1020=EDGE_LOOP('',(#5572,#5573,#5574,#5575,#5576,#5577));
#1021=EDGE_LOOP('',(#5578,#5579,#5580,#5581,#5582,#5583));
#1022=EDGE_LOOP('',(#5584,#5585,#5586,#5587,#5588,#5589));
#1023=EDGE_LOOP('',(#5590,#5591,#5592,#5593,#5594,#5595));
#1024=EDGE_LOOP('',(#5596,#5597,#5598,#5599,#5600,#5601));
#1025=EDGE_LOOP('',(#5602,#5603,#5604,#5605,#5606,#5607));
#1026=EDGE_LOOP('',(#5608,#5609,#5610,#5611,#5612,#5613));
#1027=EDGE_LOOP('',(#5614,#5615,#5616,#5617,#5618,#5619));
#1028=EDGE_LOOP('',(#5620,#5621,#5622,#5623,#5624,#5625));
#1029=EDGE_LOOP('',(#5626,#5627,#5628,#5629,#5630,#5631));
#1030=EDGE_LOOP('',(#5632,#5633,#5634,#5635,#5636,#5637));
#1031=EDGE_LOOP('',(#5638,#5639,#5640,#5641,#5642,#5643));
#1032=EDGE_LOOP('',(#5644,#5645,#5646,#5647));
#1033=EDGE_LOOP('',(#5648,#5649,#5650,#5651));
#1034=EDGE_LOOP('',(#5652,#5653,#5654,#5655));
#1035=EDGE_LOOP('',(#5656,#5657,#5658,#5659));
#1036=EDGE_LOOP('',(#5660,#5661,#5662,#5663));
#1037=EDGE_LOOP('',(#5664,#5665,#5666,#5667));
#1038=EDGE_LOOP('',(#5668,#5669,#5670,#5671,#5672,#5673));
#1039=EDGE_LOOP('',(#5674,#5675,#5676,#5677));
#1040=EDGE_LOOP('',(#5678,#5679,#5680,#5681));
#1041=EDGE_LOOP('',(#5682,#5683,#5684,#5685));
#1042=EDGE_LOOP('',(#5686,#5687,#5688,#5689));
#1043=EDGE_LOOP('',(#5690,#5691,#5692,#5693));
#1044=EDGE_LOOP('',(#5694,#5695,#5696,#5697));
#1045=EDGE_LOOP('',(#5698,#5699,#5700,#5701,#5702,#5703));
#1046=EDGE_LOOP('',(#5704,#5705,#5706,#5707));
#1047=EDGE_LOOP('',(#5708,#5709,#5710,#5711));
#1048=EDGE_LOOP('',(#5712,#5713,#5714,#5715));
#1049=EDGE_LOOP('',(#5716,#5717,#5718,#5719));
#1050=EDGE_LOOP('',(#5720,#5721,#5722,#5723));
#1051=EDGE_LOOP('',(#5724,#5725,#5726,#5727));
#1052=EDGE_LOOP('',(#5728,#5729,#5730,#5731));
#1053=EDGE_LOOP('',(#5732,#5733,#5734,#5735));
#1054=EDGE_LOOP('',(#5736,#5737,#5738,#5739));
#1055=EDGE_LOOP('',(#5740,#5741,#5742,#5743));
#1056=EDGE_LOOP('',(#5744,#5745,#5746,#5747));
#1057=EDGE_LOOP('',(#5748,#5749,#5750,#5751));
#1058=EDGE_LOOP('',(#5752,#5753,#5754,#5755));
#1059=EDGE_LOOP('',(#5756,#5757,#5758,#5759));
#1060=EDGE_LOOP('',(#5760,#5761,#5762,#5763));
#1061=EDGE_LOOP('',(#5764,#5765,#5766,#5767,#5768,#5769,#5770,#5771,#5772,
#5773,#5774,#5775,#5776,#5777,#5778,#5779,#5780,#5781,#5782,#5783,#5784));
#1062=EDGE_LOOP('',(#5785,#5786,#5787,#5788));
#1063=EDGE_LOOP('',(#5789,#5790,#5791,#5792,#5793,#5794,#5795,#5796,#5797,
#5798,#5799,#5800,#5801,#5802,#5803,#5804,#5805,#5806,#5807,#5808,#5809));
#1064=EDGE_LOOP('',(#5810,#5811,#5812,#5813));
#1065=EDGE_LOOP('',(#5814,#5815,#5816,#5817));
#1066=EDGE_LOOP('',(#5818,#5819,#5820,#5821));
#1067=EDGE_LOOP('',(#5822,#5823,#5824,#5825));
#1068=EDGE_LOOP('',(#5826,#5827,#5828,#5829));
#1069=EDGE_LOOP('',(#5830,#5831,#5832,#5833));
#1070=EDGE_LOOP('',(#5834,#5835,#5836,#5837));
#1071=EDGE_LOOP('',(#5838,#5839,#5840,#5841));
#1072=EDGE_LOOP('',(#5842,#5843,#5844,#5845));
#1073=EDGE_LOOP('',(#5846,#5847,#5848,#5849));
#1074=EDGE_LOOP('',(#5850,#5851,#5852,#5853));
#1075=EDGE_LOOP('',(#5854,#5855,#5856,#5857));
#1076=EDGE_LOOP('',(#5858,#5859,#5860,#5861));
#1077=EDGE_LOOP('',(#5862,#5863,#5864,#5865));
#1078=EDGE_LOOP('',(#5866,#5867,#5868,#5869));
#1079=EDGE_LOOP('',(#5870,#5871,#5872,#5873));
#1080=EDGE_LOOP('',(#5874,#5875,#5876,#5877));
#1081=EDGE_LOOP('',(#5878,#5879,#5880,#5881));
#1082=EDGE_LOOP('',(#5882,#5883,#5884,#5885));
#1083=EDGE_LOOP('',(#5886,#5887,#5888,#5889));
#1084=EDGE_LOOP('',(#5890,#5891,#5892,#5893));
#1085=EDGE_LOOP('',(#5894,#5895,#5896,#5897));
#1086=EDGE_LOOP('',(#5898,#5899,#5900,#5901));
#1087=EDGE_LOOP('',(#5902,#5903,#5904,#5905));
#1088=EDGE_LOOP('',(#5906,#5907,#5908,#5909));
#1089=EDGE_LOOP('',(#5910,#5911,#5912,#5913));
#1090=EDGE_LOOP('',(#5914));
#1091=EDGE_LOOP('',(#5915));
#1092=EDGE_LOOP('',(#5916));
#1093=EDGE_LOOP('',(#5917));
#1094=EDGE_LOOP('',(#5918));
#1095=EDGE_LOOP('',(#5919));
#1096=EDGE_LOOP('',(#5920));
#1097=EDGE_LOOP('',(#5921));
#1098=EDGE_LOOP('',(#5922));
#1099=EDGE_LOOP('',(#5923));
#1100=EDGE_LOOP('',(#5924));
#1101=EDGE_LOOP('',(#5925));
#1102=EDGE_LOOP('',(#5926,#5927,#5928,#5929));
#1103=EDGE_LOOP('',(#5930));
#1104=EDGE_LOOP('',(#5931));
#1105=EDGE_LOOP('',(#5932));
#1106=EDGE_LOOP('',(#5933));
#1107=EDGE_LOOP('',(#5934));
#1108=EDGE_LOOP('',(#5935));
#1109=EDGE_LOOP('',(#5936));
#1110=EDGE_LOOP('',(#5937));
#1111=EDGE_LOOP('',(#5938));
#1112=EDGE_LOOP('',(#5939));
#1113=EDGE_LOOP('',(#5940));
#1114=EDGE_LOOP('',(#5941));
#1115=EDGE_LOOP('',(#5942,#5943,#5944,#5945));
#1116=EDGE_LOOP('',(#5946,#5947,#5948,#5949));
#1117=EDGE_LOOP('',(#5950,#5951,#5952,#5953));
#1118=EDGE_LOOP('',(#5954,#5955,#5956,#5957));
#1119=EDGE_LOOP('',(#5958,#5959,#5960,#5961));
#1120=EDGE_LOOP('',(#5962,#5963,#5964,#5965));
#1121=EDGE_LOOP('',(#5966,#5967,#5968,#5969));
#1122=EDGE_LOOP('',(#5970,#5971,#5972,#5973));
#1123=EDGE_LOOP('',(#5974,#5975,#5976,#5977));
#1124=EDGE_LOOP('',(#5978,#5979,#5980,#5981));
#1125=EDGE_LOOP('',(#5982,#5983,#5984,#5985));
#1126=EDGE_LOOP('',(#5986,#5987,#5988,#5989));
#1127=EDGE_LOOP('',(#5990,#5991,#5992,#5993));
#1128=EDGE_LOOP('',(#5994,#5995,#5996,#5997));
#1129=EDGE_LOOP('',(#5998,#5999,#6000,#6001));
#1130=EDGE_LOOP('',(#6002,#6003,#6004,#6005));
#1131=EDGE_LOOP('',(#6006,#6007,#6008,#6009));
#1132=EDGE_LOOP('',(#6010,#6011,#6012,#6013));
#1133=EDGE_LOOP('',(#6014,#6015,#6016,#6017));
#1134=EDGE_LOOP('',(#6018,#6019,#6020,#6021));
#1135=EDGE_LOOP('',(#6022,#6023,#6024,#6025));
#1136=EDGE_LOOP('',(#6026,#6027,#6028,#6029));
#1137=EDGE_LOOP('',(#6030,#6031,#6032,#6033));
#1138=EDGE_LOOP('',(#6034,#6035,#6036,#6037));
#1139=EDGE_LOOP('',(#6038,#6039,#6040,#6041));
#1140=EDGE_LOOP('',(#6042,#6043,#6044,#6045,#6046,#6047,#6048,#6049,#6050,
#6051,#6052,#6053));
#1141=EDGE_LOOP('',(#6054,#6055,#6056,#6057,#6058,#6059,#6060,#6061,#6062,
#6063,#6064,#6065));
#1142=EDGE_LOOP('',(#6066,#6067,#6068,#6069));
#1143=EDGE_LOOP('',(#6070,#6071,#6072,#6073));
#1144=EDGE_LOOP('',(#6074,#6075,#6076,#6077));
#1145=EDGE_LOOP('',(#6078,#6079,#6080,#6081));
#1146=EDGE_LOOP('',(#6082,#6083,#6084,#6085));
#1147=EDGE_LOOP('',(#6086,#6087,#6088,#6089));
#1148=EDGE_LOOP('',(#6090,#6091,#6092,#6093));
#1149=EDGE_LOOP('',(#6094,#6095,#6096,#6097));
#1150=EDGE_LOOP('',(#6098,#6099,#6100,#6101));
#1151=EDGE_LOOP('',(#6102,#6103,#6104,#6105));
#1152=EDGE_LOOP('',(#6106,#6107,#6108,#6109));
#1153=EDGE_LOOP('',(#6110,#6111,#6112,#6113));
#1154=EDGE_LOOP('',(#6114,#6115,#6116,#6117));
#1155=EDGE_LOOP('',(#6118,#6119,#6120,#6121));
#1156=EDGE_LOOP('',(#6122,#6123,#6124,#6125));
#1157=EDGE_LOOP('',(#6126,#6127,#6128,#6129));
#1158=EDGE_LOOP('',(#6130,#6131,#6132,#6133));
#1159=EDGE_LOOP('',(#6134,#6135,#6136,#6137));
#1160=EDGE_LOOP('',(#6138,#6139,#6140,#6141));
#1161=EDGE_LOOP('',(#6142,#6143,#6144,#6145));
#1162=EDGE_LOOP('',(#6146,#6147,#6148,#6149));
#1163=EDGE_LOOP('',(#6150,#6151,#6152,#6153));
#1164=EDGE_LOOP('',(#6154,#6155,#6156,#6157));
#1165=EDGE_LOOP('',(#6158,#6159,#6160,#6161));
#1166=EDGE_LOOP('',(#6162,#6163,#6164,#6165));
#1167=EDGE_LOOP('',(#6166,#6167,#6168,#6169));
#1168=EDGE_LOOP('',(#6170,#6171,#6172,#6173));
#1169=EDGE_LOOP('',(#6174,#6175,#6176,#6177));
#1170=EDGE_LOOP('',(#6178,#6179,#6180,#6181));
#1171=EDGE_LOOP('',(#6182,#6183,#6184,#6185));
#1172=EDGE_LOOP('',(#6186,#6187,#6188,#6189));
#1173=EDGE_LOOP('',(#6190,#6191,#6192,#6193));
#1174=EDGE_LOOP('',(#6194,#6195,#6196,#6197));
#1175=EDGE_LOOP('',(#6198,#6199,#6200,#6201));
#1176=EDGE_LOOP('',(#6202,#6203,#6204,#6205));
#1177=EDGE_LOOP('',(#6206,#6207,#6208,#6209));
#1178=EDGE_LOOP('',(#6210,#6211,#6212,#6213));
#1179=EDGE_LOOP('',(#6214,#6215,#6216,#6217));
#1180=EDGE_LOOP('',(#6218,#6219,#6220,#6221));
#1181=EDGE_LOOP('',(#6222,#6223,#6224,#6225));
#1182=EDGE_LOOP('',(#6226,#6227,#6228,#6229));
#1183=EDGE_LOOP('',(#6230,#6231,#6232,#6233));
#1184=EDGE_LOOP('',(#6234,#6235,#6236,#6237));
#1185=EDGE_LOOP('',(#6238,#6239,#6240,#6241));
#1186=EDGE_LOOP('',(#6242,#6243,#6244,#6245));
#1187=EDGE_LOOP('',(#6246,#6247,#6248,#6249));
#1188=EDGE_LOOP('',(#6250,#6251,#6252,#6253));
#1189=EDGE_LOOP('',(#6254,#6255,#6256,#6257));
#1190=EDGE_LOOP('',(#6258,#6259,#6260,#6261));
#1191=EDGE_LOOP('',(#6262,#6263,#6264,#6265));
#1192=EDGE_LOOP('',(#6266,#6267,#6268,#6269));
#1193=EDGE_LOOP('',(#6270,#6271,#6272,#6273));
#1194=EDGE_LOOP('',(#6274,#6275,#6276,#6277));
#1195=EDGE_LOOP('',(#6278,#6279,#6280,#6281));
#1196=EDGE_LOOP('',(#6282,#6283,#6284,#6285));
#1197=EDGE_LOOP('',(#6286,#6287,#6288,#6289));
#1198=EDGE_LOOP('',(#6290,#6291,#6292,#6293));
#1199=EDGE_LOOP('',(#6294,#6295,#6296,#6297));
#1200=EDGE_LOOP('',(#6298,#6299,#6300,#6301));
#1201=EDGE_LOOP('',(#6302,#6303,#6304,#6305));
#1202=EDGE_LOOP('',(#6306,#6307,#6308,#6309));
#1203=EDGE_LOOP('',(#6310,#6311,#6312,#6313));
#1204=EDGE_LOOP('',(#6314,#6315,#6316,#6317));
#1205=EDGE_LOOP('',(#6318,#6319,#6320,#6321));
#1206=EDGE_LOOP('',(#6322,#6323,#6324,#6325));
#1207=EDGE_LOOP('',(#6326,#6327,#6328,#6329));
#1208=EDGE_LOOP('',(#6330,#6331,#6332,#6333));
#1209=EDGE_LOOP('',(#6334,#6335,#6336,#6337));
#1210=EDGE_LOOP('',(#6338,#6339,#6340,#6341));
#1211=EDGE_LOOP('',(#6342,#6343,#6344,#6345));
#1212=EDGE_LOOP('',(#6346,#6347,#6348,#6349));
#1213=EDGE_LOOP('',(#6350,#6351,#6352,#6353));
#1214=EDGE_LOOP('',(#6354,#6355,#6356,#6357));
#1215=EDGE_LOOP('',(#6358,#6359,#6360,#6361));
#1216=EDGE_LOOP('',(#6362,#6363,#6364,#6365));
#1217=EDGE_LOOP('',(#6366,#6367,#6368,#6369));
#1218=EDGE_LOOP('',(#6370,#6371,#6372,#6373));
#1219=EDGE_LOOP('',(#6374,#6375,#6376,#6377));
#1220=EDGE_LOOP('',(#6378,#6379,#6380,#6381));
#1221=EDGE_LOOP('',(#6382,#6383,#6384,#6385));
#1222=EDGE_LOOP('',(#6386,#6387,#6388,#6389));
#1223=EDGE_LOOP('',(#6390,#6391,#6392,#6393));
#1224=EDGE_LOOP('',(#6394,#6395,#6396,#6397));
#1225=EDGE_LOOP('',(#6398,#6399,#6400,#6401,#6402));
#1226=EDGE_LOOP('',(#6403,#6404,#6405,#6406));
#1227=EDGE_LOOP('',(#6407,#6408,#6409,#6410));
#1228=EDGE_LOOP('',(#6411,#6412,#6413,#6414));
#1229=EDGE_LOOP('',(#6415,#6416,#6417,#6418,#6419));
#1230=EDGE_LOOP('',(#6420,#6421,#6422,#6423,#6424,#6425,#6426,#6427));
#1231=EDGE_LOOP('',(#6428,#6429,#6430,#6431));
#1232=EDGE_LOOP('',(#6432,#6433,#6434,#6435,#6436,#6437,#6438,#6439,#6440,
#6441,#6442,#6443));
#1233=EDGE_LOOP('',(#6444,#6445,#6446,#6447,#6448,#6449,#6450,#6451,#6452,
#6453,#6454,#6455,#6456,#6457,#6458,#6459,#6460,#6461,#6462,#6463,#6464,
#6465,#6466,#6467,#6468,#6469,#6470,#6471,#6472,#6473,#6474,#6475,#6476,
#6477,#6478,#6479,#6480,#6481,#6482,#6483,#6484,#6485,#6486,#6487,#6488,
#6489,#6490,#6491,#6492,#6493,#6494,#6495,#6496,#6497,#6498,#6499,#6500,
#6501,#6502,#6503,#6504,#6505));
#1234=EDGE_LOOP('',(#6506,#6507,#6508,#6509,#6510,#6511,#6512,#6513));
#1235=EDGE_LOOP('',(#6514,#6515,#6516,#6517,#6518,#6519,#6520,#6521,#6522,
#6523,#6524,#6525,#6526,#6527,#6528,#6529,#6530,#6531,#6532,#6533,#6534,
#6535,#6536,#6537,#6538,#6539,#6540,#6541,#6542,#6543,#6544,#6545,#6546,
#6547,#6548,#6549,#6550,#6551,#6552,#6553,#6554,#6555,#6556,#6557,#6558,
#6559,#6560,#6561,#6562,#6563,#6564,#6565,#6566,#6567,#6568,#6569,#6570,
#6571,#6572,#6573,#6574,#6575,#6576,#6577));
#1236=EDGE_LOOP('',(#6578,#6579,#6580,#6581,#6582,#6583,#6584,#6585,#6586,
#6587,#6588,#6589));
#1237=EDGE_LOOP('',(#6590,#6591,#6592,#6593));
#1238=EDGE_LOOP('',(#6594,#6595,#6596,#6597,#6598,#6599,#6600,#6601,#6602,
#6603,#6604,#6605,#6606,#6607,#6608,#6609,#6610,#6611,#6612,#6613,#6614,
#6615,#6616,#6617,#6618,#6619,#6620,#6621,#6622,#6623,#6624,#6625,#6626,
#6627,#6628,#6629,#6630,#6631,#6632,#6633,#6634,#6635,#6636,#6637,#6638,
#6639,#6640,#6641,#6642,#6643,#6644,#6645,#6646,#6647,#6648,#6649,#6650,
#6651,#6652,#6653,#6654,#6655));
#1239=EDGE_LOOP('',(#6656,#6657,#6658,#6659,#6660,#6661,#6662,#6663,#6664,
#6665,#6666,#6667,#6668,#6669,#6670,#6671,#6672,#6673,#6674,#6675,#6676,
#6677,#6678,#6679,#6680,#6681,#6682,#6683,#6684,#6685,#6686,#6687,#6688,
#6689,#6690,#6691,#6692,#6693,#6694,#6695,#6696,#6697,#6698,#6699,#6700,
#6701,#6702,#6703,#6704,#6705,#6706,#6707,#6708,#6709,#6710,#6711,#6712,
#6713,#6714,#6715,#6716,#6717,#6718,#6719));
#1240=LINE('',#9708,#2086);
#1241=LINE('',#9711,#2087);
#1242=LINE('',#9714,#2088);
#1243=LINE('',#9716,#2089);
#1244=LINE('',#9717,#2090);
#1245=LINE('',#9720,#2091);
#1246=LINE('',#9722,#2092);
#1247=LINE('',#9723,#2093);
#1248=LINE('',#9728,#2094);
#1249=LINE('',#9732,#2095);
#1250=LINE('',#9734,#2096);
#1251=LINE('',#9735,#2097);
#1252=LINE('',#9740,#2098);
#1253=LINE('',#9746,#2099);
#1254=LINE('',#9752,#2100);
#1255=LINE('',#9758,#2101);
#1256=LINE('',#9762,#2102);
#1257=LINE('',#9763,#2103);
#1258=LINE('',#9765,#2104);
#1259=LINE('',#9767,#2105);
#1260=LINE('',#9771,#2106);
#1261=LINE('',#9775,#2107);
#1262=LINE('',#9777,#2108);
#1263=LINE('',#9779,#2109);
#1264=LINE('',#9783,#2110);
#1265=LINE('',#9787,#2111);
#1266=LINE('',#9789,#2112);
#1267=LINE('',#9793,#2113);
#1268=LINE('',#9796,#2114);
#1269=LINE('',#9806,#2115);
#1270=LINE('',#9807,#2116);
#1271=LINE('',#9809,#2117);
#1272=LINE('',#9813,#2118);
#1273=LINE('',#9816,#2119);
#1274=LINE('',#9817,#2120);
#1275=LINE('',#9818,#2121);
#1276=LINE('',#9826,#2122);
#1277=LINE('',#9828,#2123);
#1278=LINE('',#9830,#2124);
#1279=LINE('',#9832,#2125);
#1280=LINE('',#9834,#2126);
#1281=LINE('',#9836,#2127);
#1282=LINE('',#9838,#2128);
#1283=LINE('',#9841,#2129);
#1284=LINE('',#9843,#2130);
#1285=LINE('',#9845,#2131);
#1286=LINE('',#9851,#2132);
#1287=LINE('',#9854,#2133);
#1288=LINE('',#9857,#2134);
#1289=LINE('',#9859,#2135);
#1290=LINE('',#9860,#2136);
#1291=LINE('',#9866,#2137);
#1292=LINE('',#9869,#2138);
#1293=LINE('',#9871,#2139);
#1294=LINE('',#9872,#2140);
#1295=LINE('',#9877,#2141);
#1296=LINE('',#9883,#2142);
#1297=LINE('',#9889,#2143);
#1298=LINE('',#9894,#2144);
#1299=LINE('',#9896,#2145);
#1300=LINE('',#9898,#2146);
#1301=LINE('',#9900,#2147);
#1302=LINE('',#9902,#2148);
#1303=LINE('',#9903,#2149);
#1304=LINE('',#9906,#2150);
#1305=LINE('',#9908,#2151);
#1306=LINE('',#9909,#2152);
#1307=LINE('',#9912,#2153);
#1308=LINE('',#9913,#2154);
#1309=LINE('',#9916,#2155);
#1310=LINE('',#9917,#2156);
#1311=LINE('',#9920,#2157);
#1312=LINE('',#9921,#2158);
#1313=LINE('',#9924,#2159);
#1314=LINE('',#9925,#2160);
#1315=LINE('',#9927,#2161);
#1316=LINE('',#9931,#2162);
#1317=LINE('',#9933,#2163);
#1318=LINE('',#9935,#2164);
#1319=LINE('',#9937,#2165);
#1320=LINE('',#9939,#2166);
#1321=LINE('',#9940,#2167);
#1322=LINE('',#9943,#2168);
#1323=LINE('',#9945,#2169);
#1324=LINE('',#9946,#2170);
#1325=LINE('',#9949,#2171);
#1326=LINE('',#9950,#2172);
#1327=LINE('',#9953,#2173);
#1328=LINE('',#9954,#2174);
#1329=LINE('',#9957,#2175);
#1330=LINE('',#9958,#2176);
#1331=LINE('',#9961,#2177);
#1332=LINE('',#9962,#2178);
#1333=LINE('',#9964,#2179);
#1334=LINE('',#9968,#2180);
#1335=LINE('',#9970,#2181);
#1336=LINE('',#9972,#2182);
#1337=LINE('',#9974,#2183);
#1338=LINE('',#9976,#2184);
#1339=LINE('',#9977,#2185);
#1340=LINE('',#9980,#2186);
#1341=LINE('',#9982,#2187);
#1342=LINE('',#9983,#2188);
#1343=LINE('',#9986,#2189);
#1344=LINE('',#9987,#2190);
#1345=LINE('',#9990,#2191);
#1346=LINE('',#9991,#2192);
#1347=LINE('',#9994,#2193);
#1348=LINE('',#9995,#2194);
#1349=LINE('',#9998,#2195);
#1350=LINE('',#9999,#2196);
#1351=LINE('',#10001,#2197);
#1352=LINE('',#10005,#2198);
#1353=LINE('',#10006,#2199);
#1354=LINE('',#10007,#2200);
#1355=LINE('',#10009,#2201);
#1356=LINE('',#10011,#2202);
#1357=LINE('',#10013,#2203);
#1358=LINE('',#10015,#2204);
#1359=LINE('',#10017,#2205);
#1360=LINE('',#10018,#2206);
#1361=LINE('',#10021,#2207);
#1362=LINE('',#10023,#2208);
#1363=LINE('',#10025,#2209);
#1364=LINE('',#10029,#2210);
#1365=LINE('',#10039,#2211);
#1366=LINE('',#10040,#2212);
#1367=LINE('',#10043,#2213);
#1368=LINE('',#10047,#2214);
#1369=LINE('',#10048,#2215);
#1370=LINE('',#10051,#2216);
#1371=LINE('',#10055,#2217);
#1372=LINE('',#10056,#2218);
#1373=LINE('',#10060,#2219);
#1374=LINE('',#10064,#2220);
#1375=LINE('',#10068,#2221);
#1376=LINE('',#10072,#2222);
#1377=LINE('',#10074,#2223);
#1378=LINE('',#10076,#2224);
#1379=LINE('',#10078,#2225);
#1380=LINE('',#10080,#2226);
#1381=LINE('',#10081,#2227);
#1382=LINE('',#10084,#2228);
#1383=LINE('',#10086,#2229);
#1384=LINE('',#10087,#2230);
#1385=LINE('',#10090,#2231);
#1386=LINE('',#10091,#2232);
#1387=LINE('',#10094,#2233);
#1388=LINE('',#10095,#2234);
#1389=LINE('',#10098,#2235);
#1390=LINE('',#10099,#2236);
#1391=LINE('',#10102,#2237);
#1392=LINE('',#10103,#2238);
#1393=LINE('',#10105,#2239);
#1394=LINE('',#10109,#2240);
#1395=LINE('',#10111,#2241);
#1396=LINE('',#10113,#2242);
#1397=LINE('',#10115,#2243);
#1398=LINE('',#10117,#2244);
#1399=LINE('',#10118,#2245);
#1400=LINE('',#10121,#2246);
#1401=LINE('',#10123,#2247);
#1402=LINE('',#10124,#2248);
#1403=LINE('',#10127,#2249);
#1404=LINE('',#10128,#2250);
#1405=LINE('',#10131,#2251);
#1406=LINE('',#10132,#2252);
#1407=LINE('',#10135,#2253);
#1408=LINE('',#10136,#2254);
#1409=LINE('',#10139,#2255);
#1410=LINE('',#10140,#2256);
#1411=LINE('',#10142,#2257);
#1412=LINE('',#10146,#2258);
#1413=LINE('',#10148,#2259);
#1414=LINE('',#10150,#2260);
#1415=LINE('',#10152,#2261);
#1416=LINE('',#10154,#2262);
#1417=LINE('',#10155,#2263);
#1418=LINE('',#10158,#2264);
#1419=LINE('',#10160,#2265);
#1420=LINE('',#10161,#2266);
#1421=LINE('',#10164,#2267);
#1422=LINE('',#10165,#2268);
#1423=LINE('',#10168,#2269);
#1424=LINE('',#10169,#2270);
#1425=LINE('',#10172,#2271);
#1426=LINE('',#10173,#2272);
#1427=LINE('',#10176,#2273);
#1428=LINE('',#10177,#2274);
#1429=LINE('',#10179,#2275);
#1430=LINE('',#10182,#2276);
#1431=LINE('',#10184,#2277);
#1432=LINE('',#10186,#2278);
#1433=LINE('',#10188,#2279);
#1434=LINE('',#10189,#2280);
#1435=LINE('',#10194,#2281);
#1436=LINE('',#10195,#2282);
#1437=LINE('',#10198,#2283);
#1438=LINE('',#10199,#2284);
#1439=LINE('',#10200,#2285);
#1440=LINE('',#10203,#2286);
#1441=LINE('',#10205,#2287);
#1442=LINE('',#10206,#2288);
#1443=LINE('',#10212,#2289);
#1444=LINE('',#10215,#2290);
#1445=LINE('',#10217,#2291);
#1446=LINE('',#10218,#2292);
#1447=LINE('',#10224,#2293);
#1448=LINE('',#10229,#2294);
#1449=LINE('',#10235,#2295);
#1450=LINE('',#10241,#2296);
#1451=LINE('',#10248,#2297);
#1452=LINE('',#10251,#2298);
#1453=LINE('',#10254,#2299);
#1454=LINE('',#10256,#2300);
#1455=LINE('',#10257,#2301);
#1456=LINE('',#10263,#2302);
#1457=LINE('',#10265,#2303);
#1458=LINE('',#10266,#2304);
#1459=LINE('',#10271,#2305);
#1460=LINE('',#10277,#2306);
#1461=LINE('',#10283,#2307);
#1462=LINE('',#10288,#2308);
#1463=LINE('',#10290,#2309);
#1464=LINE('',#10292,#2310);
#1465=LINE('',#10294,#2311);
#1466=LINE('',#10296,#2312);
#1467=LINE('',#10297,#2313);
#1468=LINE('',#10300,#2314);
#1469=LINE('',#10302,#2315);
#1470=LINE('',#10303,#2316);
#1471=LINE('',#10306,#2317);
#1472=LINE('',#10307,#2318);
#1473=LINE('',#10310,#2319);
#1474=LINE('',#10311,#2320);
#1475=LINE('',#10314,#2321);
#1476=LINE('',#10315,#2322);
#1477=LINE('',#10318,#2323);
#1478=LINE('',#10319,#2324);
#1479=LINE('',#10321,#2325);
#1480=LINE('',#10325,#2326);
#1481=LINE('',#10327,#2327);
#1482=LINE('',#10329,#2328);
#1483=LINE('',#10331,#2329);
#1484=LINE('',#10333,#2330);
#1485=LINE('',#10334,#2331);
#1486=LINE('',#10337,#2332);
#1487=LINE('',#10339,#2333);
#1488=LINE('',#10340,#2334);
#1489=LINE('',#10343,#2335);
#1490=LINE('',#10344,#2336);
#1491=LINE('',#10347,#2337);
#1492=LINE('',#10348,#2338);
#1493=LINE('',#10351,#2339);
#1494=LINE('',#10352,#2340);
#1495=LINE('',#10355,#2341);
#1496=LINE('',#10356,#2342);
#1497=LINE('',#10358,#2343);
#1498=LINE('',#10362,#2344);
#1499=LINE('',#10364,#2345);
#1500=LINE('',#10366,#2346);
#1501=LINE('',#10368,#2347);
#1502=LINE('',#10370,#2348);
#1503=LINE('',#10371,#2349);
#1504=LINE('',#10374,#2350);
#1505=LINE('',#10376,#2351);
#1506=LINE('',#10377,#2352);
#1507=LINE('',#10380,#2353);
#1508=LINE('',#10381,#2354);
#1509=LINE('',#10384,#2355);
#1510=LINE('',#10385,#2356);
#1511=LINE('',#10388,#2357);
#1512=LINE('',#10389,#2358);
#1513=LINE('',#10392,#2359);
#1514=LINE('',#10393,#2360);
#1515=LINE('',#10395,#2361);
#1516=LINE('',#10397,#2362);
#1517=LINE('',#10398,#2363);
#1518=LINE('',#10401,#2364);
#1519=LINE('',#10403,#2365);
#1520=LINE('',#10407,#2366);
#1521=LINE('',#10417,#2367);
#1522=LINE('',#10418,#2368);
#1523=LINE('',#10421,#2369);
#1524=LINE('',#10425,#2370);
#1525=LINE('',#10426,#2371);
#1526=LINE('',#10429,#2372);
#1527=LINE('',#10432,#2373);
#1528=LINE('',#10436,#2374);
#1529=LINE('',#10440,#2375);
#1530=LINE('',#10444,#2376);
#1531=LINE('',#10448,#2377);
#1532=LINE('',#10450,#2378);
#1533=LINE('',#10452,#2379);
#1534=LINE('',#10454,#2380);
#1535=LINE('',#10456,#2381);
#1536=LINE('',#10457,#2382);
#1537=LINE('',#10460,#2383);
#1538=LINE('',#10462,#2384);
#1539=LINE('',#10463,#2385);
#1540=LINE('',#10466,#2386);
#1541=LINE('',#10467,#2387);
#1542=LINE('',#10470,#2388);
#1543=LINE('',#10471,#2389);
#1544=LINE('',#10474,#2390);
#1545=LINE('',#10475,#2391);
#1546=LINE('',#10478,#2392);
#1547=LINE('',#10479,#2393);
#1548=LINE('',#10481,#2394);
#1549=LINE('',#10485,#2395);
#1550=LINE('',#10487,#2396);
#1551=LINE('',#10489,#2397);
#1552=LINE('',#10491,#2398);
#1553=LINE('',#10493,#2399);
#1554=LINE('',#10494,#2400);
#1555=LINE('',#10497,#2401);
#1556=LINE('',#10499,#2402);
#1557=LINE('',#10500,#2403);
#1558=LINE('',#10503,#2404);
#1559=LINE('',#10504,#2405);
#1560=LINE('',#10507,#2406);
#1561=LINE('',#10508,#2407);
#1562=LINE('',#10511,#2408);
#1563=LINE('',#10512,#2409);
#1564=LINE('',#10515,#2410);
#1565=LINE('',#10516,#2411);
#1566=LINE('',#10518,#2412);
#1567=LINE('',#10522,#2413);
#1568=LINE('',#10524,#2414);
#1569=LINE('',#10526,#2415);
#1570=LINE('',#10528,#2416);
#1571=LINE('',#10530,#2417);
#1572=LINE('',#10531,#2418);
#1573=LINE('',#10534,#2419);
#1574=LINE('',#10536,#2420);
#1575=LINE('',#10537,#2421);
#1576=LINE('',#10540,#2422);
#1577=LINE('',#10541,#2423);
#1578=LINE('',#10544,#2424);
#1579=LINE('',#10545,#2425);
#1580=LINE('',#10548,#2426);
#1581=LINE('',#10549,#2427);
#1582=LINE('',#10552,#2428);
#1583=LINE('',#10553,#2429);
#1584=LINE('',#10555,#2430);
#1585=LINE('',#10558,#2431);
#1586=LINE('',#10560,#2432);
#1587=LINE('',#10564,#2433);
#1588=LINE('',#10568,#2434);
#1589=LINE('',#10570,#2435);
#1590=LINE('',#10579,#2436);
#1591=LINE('',#10581,#2437);
#1592=LINE('',#10585,#2438);
#1593=LINE('',#10588,#2439);
#1594=LINE('',#10596,#2440);
#1595=LINE('',#10598,#2441);
#1596=LINE('',#10600,#2442);
#1597=LINE('',#10602,#2443);
#1598=LINE('',#10604,#2444);
#1599=LINE('',#10606,#2445);
#1600=LINE('',#10608,#2446);
#1601=LINE('',#10611,#2447);
#1602=LINE('',#10613,#2448);
#1603=LINE('',#10615,#2449);
#1604=LINE('',#10622,#2450);
#1605=LINE('',#10624,#2451);
#1606=LINE('',#10626,#2452);
#1607=LINE('',#10627,#2453);
#1608=LINE('',#10631,#2454);
#1609=LINE('',#10633,#2455);
#1610=LINE('',#10635,#2456);
#1611=LINE('',#10636,#2457);
#1612=LINE('',#10640,#2458);
#1613=LINE('',#10641,#2459);
#1614=LINE('',#10642,#2460);
#1615=LINE('',#10645,#2461);
#1616=LINE('',#10647,#2462);
#1617=LINE('',#10648,#2463);
#1618=LINE('',#10652,#2464);
#1619=LINE('',#10653,#2465);
#1620=LINE('',#10654,#2466);
#1621=LINE('',#10657,#2467);
#1622=LINE('',#10659,#2468);
#1623=LINE('',#10660,#2469);
#1624=LINE('',#10662,#2470);
#1625=LINE('',#10664,#2471);
#1626=LINE('',#10666,#2472);
#1627=LINE('',#10667,#2473);
#1628=LINE('',#10669,#2474);
#1629=LINE('',#10670,#2475);
#1630=LINE('',#10674,#2476);
#1631=LINE('',#10675,#2477);
#1632=LINE('',#10677,#2478);
#1633=LINE('',#10679,#2479);
#1634=LINE('',#10684,#2480);
#1635=LINE('',#10686,#2481);
#1636=LINE('',#10688,#2482);
#1637=LINE('',#10689,#2483);
#1638=LINE('',#10692,#2484);
#1639=LINE('',#10694,#2485);
#1640=LINE('',#10695,#2486);
#1641=LINE('',#10698,#2487);
#1642=LINE('',#10700,#2488);
#1643=LINE('',#10701,#2489);
#1644=LINE('',#10703,#2490);
#1645=LINE('',#10704,#2491);
#1646=LINE('',#10708,#2492);
#1647=LINE('',#10710,#2493);
#1648=LINE('',#10712,#2494);
#1649=LINE('',#10713,#2495);
#1650=LINE('',#10717,#2496);
#1651=LINE('',#10719,#2497);
#1652=LINE('',#10721,#2498);
#1653=LINE('',#10722,#2499);
#1654=LINE('',#10724,#2500);
#1655=LINE('',#10725,#2501);
#1656=LINE('',#10727,#2502);
#1657=LINE('',#10728,#2503);
#1658=LINE('',#10730,#2504);
#1659=LINE('',#10732,#2505);
#1660=LINE('',#10734,#2506);
#1661=LINE('',#10736,#2507);
#1662=LINE('',#10744,#2508);
#1663=LINE('',#10746,#2509);
#1664=LINE('',#10748,#2510);
#1665=LINE('',#10749,#2511);
#1666=LINE('',#10752,#2512);
#1667=LINE('',#10756,#2513);
#1668=LINE('',#10760,#2514);
#1669=LINE('',#10762,#2515);
#1670=LINE('',#10766,#2516);
#1671=LINE('',#10770,#2517);
#1672=LINE('',#10772,#2518);
#1673=LINE('',#10774,#2519);
#1674=LINE('',#10778,#2520);
#1675=LINE('',#10782,#2521);
#1676=LINE('',#10784,#2522);
#1677=LINE('',#10788,#2523);
#1678=LINE('',#10790,#2524);
#1679=LINE('',#10791,#2525);
#1680=LINE('',#10795,#2526);
#1681=LINE('',#10797,#2527);
#1682=LINE('',#10799,#2528);
#1683=LINE('',#10800,#2529);
#1684=LINE('',#10803,#2530);
#1685=LINE('',#10805,#2531);
#1686=LINE('',#10807,#2532);
#1687=LINE('',#10809,#2533);
#1688=LINE('',#10813,#2534);
#1689=LINE('',#10815,#2535);
#1690=LINE('',#10819,#2536);
#1691=LINE('',#10823,#2537);
#1692=LINE('',#10825,#2538);
#1693=LINE('',#10827,#2539);
#1694=LINE('',#10831,#2540);
#1695=LINE('',#10835,#2541);
#1696=LINE('',#10837,#2542);
#1697=LINE('',#10841,#2543);
#1698=LINE('',#10844,#2544);
#1699=LINE('',#10845,#2545);
#1700=LINE('',#10847,#2546);
#1701=LINE('',#10849,#2547);
#1702=LINE('',#10852,#2548);
#1703=LINE('',#10853,#2549);
#1704=LINE('',#10855,#2550);
#1705=LINE('',#10857,#2551);
#1706=LINE('',#10859,#2552);
#1707=LINE('',#10861,#2553);
#1708=LINE('',#10863,#2554);
#1709=LINE('',#10865,#2555);
#1710=LINE('',#10867,#2556);
#1711=LINE('',#10869,#2557);
#1712=LINE('',#10871,#2558);
#1713=LINE('',#10873,#2559);
#1714=LINE('',#10875,#2560);
#1715=LINE('',#10877,#2561);
#1716=LINE('',#10879,#2562);
#1717=LINE('',#10881,#2563);
#1718=LINE('',#10883,#2564);
#1719=LINE('',#10885,#2565);
#1720=LINE('',#10887,#2566);
#1721=LINE('',#10889,#2567);
#1722=LINE('',#10891,#2568);
#1723=LINE('',#10899,#2569);
#1724=LINE('',#10901,#2570);
#1725=LINE('',#10903,#2571);
#1726=LINE('',#10904,#2572);
#1727=LINE('',#10932,#2573);
#1728=LINE('',#10934,#2574);
#1729=LINE('',#10936,#2575);
#1730=LINE('',#10937,#2576);
#1731=LINE('',#10963,#2577);
#1732=LINE('',#10964,#2578);
#1733=LINE('',#10966,#2579);
#1734=LINE('',#10968,#2580);
#1735=LINE('',#10971,#2581);
#1736=LINE('',#10973,#2582);
#1737=LINE('',#10975,#2583);
#1738=LINE('',#10977,#2584);
#1739=LINE('',#10979,#2585);
#1740=LINE('',#10981,#2586);
#1741=LINE('',#10983,#2587);
#1742=LINE('',#10985,#2588);
#1743=LINE('',#10987,#2589);
#1744=LINE('',#10989,#2590);
#1745=LINE('',#10991,#2591);
#1746=LINE('',#10993,#2592);
#1747=LINE('',#11000,#2593);
#1748=LINE('',#11002,#2594);
#1749=LINE('',#11004,#2595);
#1750=LINE('',#11005,#2596);
#1751=LINE('',#11008,#2597);
#1752=LINE('',#11010,#2598);
#1753=LINE('',#11011,#2599);
#1754=LINE('',#11014,#2600);
#1755=LINE('',#11016,#2601);
#1756=LINE('',#11017,#2602);
#1757=LINE('',#11019,#2603);
#1758=LINE('',#11020,#2604);
#1759=LINE('',#11024,#2605);
#1760=LINE('',#11026,#2606);
#1761=LINE('',#11028,#2607);
#1762=LINE('',#11029,#2608);
#1763=LINE('',#11032,#2609);
#1764=LINE('',#11034,#2610);
#1765=LINE('',#11035,#2611);
#1766=LINE('',#11038,#2612);
#1767=LINE('',#11040,#2613);
#1768=LINE('',#11041,#2614);
#1769=LINE('',#11045,#2615);
#1770=LINE('',#11047,#2616);
#1771=LINE('',#11049,#2617);
#1772=LINE('',#11051,#2618);
#1773=LINE('',#11053,#2619);
#1774=LINE('',#11055,#2620);
#1775=LINE('',#11057,#2621);
#1776=LINE('',#11059,#2622);
#1777=LINE('',#11061,#2623);
#1778=LINE('',#11063,#2624);
#1779=LINE('',#11065,#2625);
#1780=LINE('',#11066,#2626);
#1781=LINE('',#11070,#2627);
#1782=LINE('',#11072,#2628);
#1783=LINE('',#11074,#2629);
#1784=LINE('',#11076,#2630);
#1785=LINE('',#11078,#2631);
#1786=LINE('',#11080,#2632);
#1787=LINE('',#11082,#2633);
#1788=LINE('',#11084,#2634);
#1789=LINE('',#11086,#2635);
#1790=LINE('',#11088,#2636);
#1791=LINE('',#11090,#2637);
#1792=LINE('',#11091,#2638);
#1793=LINE('',#11095,#2639);
#1794=LINE('',#11097,#2640);
#1795=LINE('',#11099,#2641);
#1796=LINE('',#11100,#2642);
#1797=LINE('',#11103,#2643);
#1798=LINE('',#11105,#2644);
#1799=LINE('',#11106,#2645);
#1800=LINE('',#11109,#2646);
#1801=LINE('',#11111,#2647);
#1802=LINE('',#11112,#2648);
#1803=LINE('',#11115,#2649);
#1804=LINE('',#11117,#2650);
#1805=LINE('',#11118,#2651);
#1806=LINE('',#11121,#2652);
#1807=LINE('',#11123,#2653);
#1808=LINE('',#11124,#2654);
#1809=LINE('',#11127,#2655);
#1810=LINE('',#11129,#2656);
#1811=LINE('',#11130,#2657);
#1812=LINE('',#11133,#2658);
#1813=LINE('',#11135,#2659);
#1814=LINE('',#11136,#2660);
#1815=LINE('',#11139,#2661);
#1816=LINE('',#11141,#2662);
#1817=LINE('',#11142,#2663);
#1818=LINE('',#11145,#2664);
#1819=LINE('',#11147,#2665);
#1820=LINE('',#11148,#2666);
#1821=LINE('',#11151,#2667);
#1822=LINE('',#11153,#2668);
#1823=LINE('',#11154,#2669);
#1824=LINE('',#11157,#2670);
#1825=LINE('',#11159,#2671);
#1826=LINE('',#11160,#2672);
#1827=LINE('',#11163,#2673);
#1828=LINE('',#11165,#2674);
#1829=LINE('',#11166,#2675);
#1830=LINE('',#11169,#2676);
#1831=LINE('',#11171,#2677);
#1832=LINE('',#11172,#2678);
#1833=LINE('',#11175,#2679);
#1834=LINE('',#11177,#2680);
#1835=LINE('',#11178,#2681);
#1836=LINE('',#11181,#2682);
#1837=LINE('',#11183,#2683);
#1838=LINE('',#11184,#2684);
#1839=LINE('',#11187,#2685);
#1840=LINE('',#11189,#2686);
#1841=LINE('',#11190,#2687);
#1842=LINE('',#11193,#2688);
#1843=LINE('',#11195,#2689);
#1844=LINE('',#11196,#2690);
#1845=LINE('',#11199,#2691);
#1846=LINE('',#11201,#2692);
#1847=LINE('',#11202,#2693);
#1848=LINE('',#11205,#2694);
#1849=LINE('',#11207,#2695);
#1850=LINE('',#11208,#2696);
#1851=LINE('',#11211,#2697);
#1852=LINE('',#11213,#2698);
#1853=LINE('',#11214,#2699);
#1854=LINE('',#11217,#2700);
#1855=LINE('',#11219,#2701);
#1856=LINE('',#11220,#2702);
#1857=LINE('',#11223,#2703);
#1858=LINE('',#11225,#2704);
#1859=LINE('',#11226,#2705);
#1860=LINE('',#11229,#2706);
#1861=LINE('',#11231,#2707);
#1862=LINE('',#11232,#2708);
#1863=LINE('',#11235,#2709);
#1864=LINE('',#11237,#2710);
#1865=LINE('',#11238,#2711);
#1866=LINE('',#11241,#2712);
#1867=LINE('',#11243,#2713);
#1868=LINE('',#11244,#2714);
#1869=LINE('',#11247,#2715);
#1870=LINE('',#11249,#2716);
#1871=LINE('',#11250,#2717);
#1872=LINE('',#11253,#2718);
#1873=LINE('',#11255,#2719);
#1874=LINE('',#11256,#2720);
#1875=LINE('',#11259,#2721);
#1876=LINE('',#11261,#2722);
#1877=LINE('',#11262,#2723);
#1878=LINE('',#11265,#2724);
#1879=LINE('',#11267,#2725);
#1880=LINE('',#11268,#2726);
#1881=LINE('',#11271,#2727);
#1882=LINE('',#11273,#2728);
#1883=LINE('',#11274,#2729);
#1884=LINE('',#11277,#2730);
#1885=LINE('',#11279,#2731);
#1886=LINE('',#11280,#2732);
#1887=LINE('',#11283,#2733);
#1888=LINE('',#11285,#2734);
#1889=LINE('',#11286,#2735);
#1890=LINE('',#11289,#2736);
#1891=LINE('',#11291,#2737);
#1892=LINE('',#11292,#2738);
#1893=LINE('',#11295,#2739);
#1894=LINE('',#11297,#2740);
#1895=LINE('',#11298,#2741);
#1896=LINE('',#11303,#2742);
#1897=LINE('',#11307,#2743);
#1898=LINE('',#11309,#2744);
#1899=LINE('',#11310,#2745);
#1900=LINE('',#11315,#2746);
#1901=LINE('',#11319,#2747);
#1902=LINE('',#11321,#2748);
#1903=LINE('',#11322,#2749);
#1904=LINE('',#11325,#2750);
#1905=LINE('',#11327,#2751);
#1906=LINE('',#11328,#2752);
#1907=LINE('',#11333,#2753);
#1908=LINE('',#11337,#2754);
#1909=LINE('',#11339,#2755);
#1910=LINE('',#11340,#2756);
#1911=LINE('',#11345,#2757);
#1912=LINE('',#11349,#2758);
#1913=LINE('',#11351,#2759);
#1914=LINE('',#11352,#2760);
#1915=LINE('',#11355,#2761);
#1916=LINE('',#11357,#2762);
#1917=LINE('',#11358,#2763);
#1918=LINE('',#11363,#2764);
#1919=LINE('',#11367,#2765);
#1920=LINE('',#11369,#2766);
#1921=LINE('',#11370,#2767);
#1922=LINE('',#11375,#2768);
#1923=LINE('',#11379,#2769);
#1924=LINE('',#11381,#2770);
#1925=LINE('',#11382,#2771);
#1926=LINE('',#11385,#2772);
#1927=LINE('',#11387,#2773);
#1928=LINE('',#11388,#2774);
#1929=LINE('',#11391,#2775);
#1930=LINE('',#11393,#2776);
#1931=LINE('',#11394,#2777);
#1932=LINE('',#11397,#2778);
#1933=LINE('',#11399,#2779);
#1934=LINE('',#11400,#2780);
#1935=LINE('',#11403,#2781);
#1936=LINE('',#11405,#2782);
#1937=LINE('',#11406,#2783);
#1938=LINE('',#11409,#2784);
#1939=LINE('',#11411,#2785);
#1940=LINE('',#11412,#2786);
#1941=LINE('',#11415,#2787);
#1942=LINE('',#11417,#2788);
#1943=LINE('',#11418,#2789);
#1944=LINE('',#11421,#2790);
#1945=LINE('',#11423,#2791);
#1946=LINE('',#11424,#2792);
#1947=LINE('',#11427,#2793);
#1948=LINE('',#11429,#2794);
#1949=LINE('',#11430,#2795);
#1950=LINE('',#11433,#2796);
#1951=LINE('',#11435,#2797);
#1952=LINE('',#11436,#2798);
#1953=LINE('',#11439,#2799);
#1954=LINE('',#11441,#2800);
#1955=LINE('',#11442,#2801);
#1956=LINE('',#11445,#2802);
#1957=LINE('',#11447,#2803);
#1958=LINE('',#11448,#2804);
#1959=LINE('',#11451,#2805);
#1960=LINE('',#11453,#2806);
#1961=LINE('',#11454,#2807);
#1962=LINE('',#11457,#2808);
#1963=LINE('',#11459,#2809);
#1964=LINE('',#11460,#2810);
#1965=LINE('',#11463,#2811);
#1966=LINE('',#11465,#2812);
#1967=LINE('',#11466,#2813);
#1968=LINE('',#11469,#2814);
#1969=LINE('',#11471,#2815);
#1970=LINE('',#11472,#2816);
#1971=LINE('',#11474,#2817);
#1972=LINE('',#11475,#2818);
#1973=LINE('',#11479,#2819);
#1974=LINE('',#11480,#2820);
#1975=LINE('',#11481,#2821);
#1976=LINE('',#11484,#2822);
#1977=LINE('',#11485,#2823);
#1978=LINE('',#11488,#2824);
#1979=LINE('',#11489,#2825);
#1980=LINE('',#11492,#2826);
#1981=LINE('',#11493,#2827);
#1982=LINE('',#11496,#2828);
#1983=LINE('',#11497,#2829);
#1984=LINE('',#11500,#2830);
#1985=LINE('',#11501,#2831);
#1986=LINE('',#11504,#2832);
#1987=LINE('',#11505,#2833);
#1988=LINE('',#11508,#2834);
#1989=LINE('',#11509,#2835);
#1990=LINE('',#11512,#2836);
#1991=LINE('',#11513,#2837);
#1992=LINE('',#11516,#2838);
#1993=LINE('',#11517,#2839);
#1994=LINE('',#11520,#2840);
#1995=LINE('',#11521,#2841);
#1996=LINE('',#11523,#2842);
#1997=LINE('',#11527,#2843);
#1998=LINE('',#11529,#2844);
#1999=LINE('',#11531,#2845);
#2000=LINE('',#11532,#2846);
#2001=LINE('',#11535,#2847);
#2002=LINE('',#11537,#2848);
#2003=LINE('',#11538,#2849);
#2004=LINE('',#11541,#2850);
#2005=LINE('',#11543,#2851);
#2006=LINE('',#11544,#2852);
#2007=LINE('',#11546,#2853);
#2008=LINE('',#11547,#2854);
#2009=LINE('',#11551,#2855);
#2010=LINE('',#11552,#2856);
#2011=LINE('',#11553,#2857);
#2012=LINE('',#11556,#2858);
#2013=LINE('',#11557,#2859);
#2014=LINE('',#11560,#2860);
#2015=LINE('',#11561,#2861);
#2016=LINE('',#11564,#2862);
#2017=LINE('',#11566,#2863);
#2018=LINE('',#11567,#2864);
#2019=LINE('',#11570,#2865);
#2020=LINE('',#11572,#2866);
#2021=LINE('',#11573,#2867);
#2022=LINE('',#11576,#2868);
#2023=LINE('',#11578,#2869);
#2024=LINE('',#11579,#2870);
#2025=LINE('',#11582,#2871);
#2026=LINE('',#11584,#2872);
#2027=LINE('',#11585,#2873);
#2028=LINE('',#11587,#2874);
#2029=LINE('',#11588,#2875);
#2030=LINE('',#11592,#2876);
#2031=LINE('',#11594,#2877);
#2032=LINE('',#11596,#2878);
#2033=LINE('',#11598,#2879);
#2034=LINE('',#11600,#2880);
#2035=LINE('',#11602,#2881);
#2036=LINE('',#11604,#2882);
#2037=LINE('',#11606,#2883);
#2038=LINE('',#11608,#2884);
#2039=LINE('',#11610,#2885);
#2040=LINE('',#11612,#2886);
#2041=LINE('',#11614,#2887);
#2042=LINE('',#11616,#2888);
#2043=LINE('',#11618,#2889);
#2044=LINE('',#11620,#2890);
#2045=LINE('',#11622,#2891);
#2046=LINE('',#11624,#2892);
#2047=LINE('',#11626,#2893);
#2048=LINE('',#11628,#2894);
#2049=LINE('',#11630,#2895);
#2050=LINE('',#11632,#2896);
#2051=LINE('',#11634,#2897);
#2052=LINE('',#11636,#2898);
#2053=LINE('',#11638,#2899);
#2054=LINE('',#11640,#2900);
#2055=LINE('',#11642,#2901);
#2056=LINE('',#11644,#2902);
#2057=LINE('',#11646,#2903);
#2058=LINE('',#11648,#2904);
#2059=LINE('',#11650,#2905);
#2060=LINE('',#11652,#2906);
#2061=LINE('',#11654,#2907);
#2062=LINE('',#11656,#2908);
#2063=LINE('',#11658,#2909);
#2064=LINE('',#11660,#2910);
#2065=LINE('',#11664,#2911);
#2066=LINE('',#11668,#2912);
#2067=LINE('',#11672,#2913);
#2068=LINE('',#11676,#2914);
#2069=LINE('',#11680,#2915);
#2070=LINE('',#11684,#2916);
#2071=LINE('',#11686,#2917);
#2072=LINE('',#11688,#2918);
#2073=LINE('',#11690,#2919);
#2074=LINE('',#11692,#2920);
#2075=LINE('',#11694,#2921);
#2076=LINE('',#11696,#2922);
#2077=LINE('',#11698,#2923);
#2078=LINE('',#11700,#2924);
#2079=LINE('',#11702,#2925);
#2080=LINE('',#11704,#2926);
#2081=LINE('',#11706,#2927);
#2082=LINE('',#11708,#2928);
#2083=LINE('',#11710,#2929);
#2084=LINE('',#11712,#2930);
#2085=LINE('',#11713,#2931);
#2086=VECTOR('',#7833,10.);
#2087=VECTOR('',#7836,10.);
#2088=VECTOR('',#7839,5.99999999999975);
#2089=VECTOR('',#7840,10.);
#2090=VECTOR('',#7841,240.);
#2091=VECTOR('',#7844,16.0000000000034);
#2092=VECTOR('',#7845,10.);
#2093=VECTOR('',#7846,16.0000000000034);
#2094=VECTOR('',#7851,10.);
#2095=VECTOR('',#7856,32.0000000000001);
#2096=VECTOR('',#7857,10.);
#2097=VECTOR('',#7858,32.0000000000001);
#2098=VECTOR('',#7863,10.);
#2099=VECTOR('',#7870,1.60000000000002);
#2100=VECTOR('',#7877,1.60000000000002);
#2101=VECTOR('',#7884,1.60000000000002);
#2102=VECTOR('',#7889,10.);
#2103=VECTOR('',#7890,240.);
#2104=VECTOR('',#7891,240.);
#2105=VECTOR('',#7892,240.);
#2106=VECTOR('',#7895,10.);
#2107=VECTOR('',#7898,240.);
#2108=VECTOR('',#7899,240.);
#2109=VECTOR('',#7900,240.);
#2110=VECTOR('',#7905,161.);
#2111=VECTOR('',#7908,6.00000000000021);
#2112=VECTOR('',#7909,16.000000000005);
#2113=VECTOR('',#7912,31.9999999999998);
#2114=VECTOR('',#7915,180.999999999999);
#2115=VECTOR('',#7924,330.);
#2116=VECTOR('',#7925,240.);
#2117=VECTOR('',#7926,180.999999999999);
#2118=VECTOR('',#7929,31.9999999999998);
#2119=VECTOR('',#7932,16.000000000005);
#2120=VECTOR('',#7933,240.);
#2121=VECTOR('',#7934,240.);
#2122=VECTOR('',#7943,10.);
#2123=VECTOR('',#7946,10.);
#2124=VECTOR('',#7949,10.);
#2125=VECTOR('',#7952,10.);
#2126=VECTOR('',#7955,9.99999999999999);
#2127=VECTOR('',#7958,10.);
#2128=VECTOR('',#7961,10.);
#2129=VECTOR('',#7966,1.59999999999991);
#2130=VECTOR('',#7969,1.59999999999991);
#2131=VECTOR('',#7972,1.60000000000002);
#2132=VECTOR('',#7977,20.);
#2133=VECTOR('',#7980,20.);
#2134=VECTOR('',#7983,32.0000000000001);
#2135=VECTOR('',#7984,32.0000000000001);
#2136=VECTOR('',#7985,20.);
#2137=VECTOR('',#7992,20.);
#2138=VECTOR('',#7995,16.0000000000034);
#2139=VECTOR('',#7996,16.0000000000034);
#2140=VECTOR('',#7997,10.);
#2141=VECTOR('',#8002,1.60000000000002);
#2142=VECTOR('',#8009,1.60000000000002);
#2143=VECTOR('',#8016,1.60000000000002);
#2144=VECTOR('',#8021,3.233161507462);
#2145=VECTOR('',#8022,3.23316150746197);
#2146=VECTOR('',#8023,3.23316150746187);
#2147=VECTOR('',#8024,3.233161507462);
#2148=VECTOR('',#8025,3.23316150746187);
#2149=VECTOR('',#8026,3.23316150746197);
#2150=VECTOR('',#8029,3.99999999999998);
#2151=VECTOR('',#8030,3.233161507462);
#2152=VECTOR('',#8031,3.99999999999998);
#2153=VECTOR('',#8034,3.23316150746198);
#2154=VECTOR('',#8035,3.99999999999999);
#2155=VECTOR('',#8038,3.23316150746187);
#2156=VECTOR('',#8039,3.99999999999998);
#2157=VECTOR('',#8042,3.233161507462);
#2158=VECTOR('',#8043,3.99999999999998);
#2159=VECTOR('',#8046,3.23316150746187);
#2160=VECTOR('',#8047,3.99999999999999);
#2161=VECTOR('',#8050,3.23316150746207);
#2162=VECTOR('',#8053,3.233161507462);
#2163=VECTOR('',#8054,3.23316150746177);
#2164=VECTOR('',#8055,3.23316150746187);
#2165=VECTOR('',#8056,3.233161507462);
#2166=VECTOR('',#8057,3.23316150746187);
#2167=VECTOR('',#8058,3.23316150746177);
#2168=VECTOR('',#8061,3.99999999999999);
#2169=VECTOR('',#8062,3.233161507462);
#2170=VECTOR('',#8063,3.99999999999999);
#2171=VECTOR('',#8066,3.23316150746196);
#2172=VECTOR('',#8067,3.99999999999998);
#2173=VECTOR('',#8070,3.23316150746179);
#2174=VECTOR('',#8071,3.99999999999999);
#2175=VECTOR('',#8074,3.233161507462);
#2176=VECTOR('',#8075,3.99999999999999);
#2177=VECTOR('',#8078,3.23316150746177);
#2178=VECTOR('',#8079,3.99999999999998);
#2179=VECTOR('',#8082,3.23316150746198);
#2180=VECTOR('',#8085,3.233161507462);
#2181=VECTOR('',#8086,3.23316150746197);
#2182=VECTOR('',#8087,3.23316150746177);
#2183=VECTOR('',#8088,3.233161507462);
#2184=VECTOR('',#8089,3.23316150746177);
#2185=VECTOR('',#8090,3.23316150746197);
#2186=VECTOR('',#8093,3.99999999999998);
#2187=VECTOR('',#8094,3.233161507462);
#2188=VECTOR('',#8095,3.99999999999998);
#2189=VECTOR('',#8098,3.23316150746197);
#2190=VECTOR('',#8099,3.99999999999999);
#2191=VECTOR('',#8102,3.23316150746187);
#2192=VECTOR('',#8103,3.99999999999998);
#2193=VECTOR('',#8106,3.233161507462);
#2194=VECTOR('',#8107,3.99999999999998);
#2195=VECTOR('',#8110,3.23316150746187);
#2196=VECTOR('',#8111,3.99999999999999);
#2197=VECTOR('',#8114,3.23316150746187);
#2198=VECTOR('',#8117,10.);
#2199=VECTOR('',#8118,23.);
#2200=VECTOR('',#8119,23.);
#2201=VECTOR('',#8122,10.);
#2202=VECTOR('',#8123,240.);
#2203=VECTOR('',#8124,10.);
#2204=VECTOR('',#8125,10.);
#2205=VECTOR('',#8126,23.);
#2206=VECTOR('',#8127,240.);
#2207=VECTOR('',#8130,180.999999999999);
#2208=VECTOR('',#8131,10.);
#2209=VECTOR('',#8132,16.000000000005);
#2210=VECTOR('',#8135,31.9999999999998);
#2211=VECTOR('',#8146,20.);
#2212=VECTOR('',#8147,180.999999999999);
#2213=VECTOR('',#8150,20.);
#2214=VECTOR('',#8155,20.);
#2215=VECTOR('',#8156,31.9999999999997);
#2216=VECTOR('',#8159,20.);
#2217=VECTOR('',#8164,10.);
#2218=VECTOR('',#8165,16.000000000005);
#2219=VECTOR('',#8170,1.59999999999991);
#2220=VECTOR('',#8175,1.59999999999991);
#2221=VECTOR('',#8180,1.60000000000002);
#2222=VECTOR('',#8183,3.233161507462);
#2223=VECTOR('',#8184,3.23316150746187);
#2224=VECTOR('',#8185,3.23316150746187);
#2225=VECTOR('',#8186,3.233161507462);
#2226=VECTOR('',#8187,3.23316150746187);
#2227=VECTOR('',#8188,3.23316150746187);
#2228=VECTOR('',#8191,3.99999999999998);
#2229=VECTOR('',#8192,3.233161507462);
#2230=VECTOR('',#8193,3.99999999999998);
#2231=VECTOR('',#8196,3.233161507462);
#2232=VECTOR('',#8197,3.99999999999999);
#2233=VECTOR('',#8200,3.23316150746187);
#2234=VECTOR('',#8201,3.99999999999998);
#2235=VECTOR('',#8204,3.233161507462);
#2236=VECTOR('',#8205,3.99999999999998);
#2237=VECTOR('',#8208,3.23316150746187);
#2238=VECTOR('',#8209,3.99999999999999);
#2239=VECTOR('',#8212,3.23316150746197);
#2240=VECTOR('',#8215,3.233161507462);
#2241=VECTOR('',#8216,3.23316150746197);
#2242=VECTOR('',#8217,3.23316150746187);
#2243=VECTOR('',#8218,3.233161507462);
#2244=VECTOR('',#8219,3.23316150746187);
#2245=VECTOR('',#8220,3.23316150746197);
#2246=VECTOR('',#8223,3.99999999999998);
#2247=VECTOR('',#8224,3.233161507462);
#2248=VECTOR('',#8225,3.99999999999998);
#2249=VECTOR('',#8228,3.23316150746197);
#2250=VECTOR('',#8229,3.99999999999999);
#2251=VECTOR('',#8232,3.23316150746177);
#2252=VECTOR('',#8233,3.99999999999998);
#2253=VECTOR('',#8236,3.233161507462);
#2254=VECTOR('',#8237,3.99999999999998);
#2255=VECTOR('',#8240,3.23316150746177);
#2256=VECTOR('',#8241,3.99999999999999);
#2257=VECTOR('',#8244,3.23316150746198);
#2258=VECTOR('',#8247,3.233161507462);
#2259=VECTOR('',#8248,3.23316150746177);
#2260=VECTOR('',#8249,3.23316150746187);
#2261=VECTOR('',#8250,3.233161507462);
#2262=VECTOR('',#8251,3.23316150746187);
#2263=VECTOR('',#8252,3.23316150746177);
#2264=VECTOR('',#8255,3.99999999999999);
#2265=VECTOR('',#8256,3.233161507462);
#2266=VECTOR('',#8257,3.99999999999999);
#2267=VECTOR('',#8260,3.23316150746197);
#2268=VECTOR('',#8261,3.99999999999998);
#2269=VECTOR('',#8264,3.23316150746179);
#2270=VECTOR('',#8265,4.00000000000001);
#2271=VECTOR('',#8268,3.233161507462);
#2272=VECTOR('',#8269,4.00000000000001);
#2273=VECTOR('',#8272,3.23316150746177);
#2274=VECTOR('',#8273,3.99999999999998);
#2275=VECTOR('',#8276,3.23316150746197);
#2276=VECTOR('',#8279,240.);
#2277=VECTOR('',#8280,23.);
#2278=VECTOR('',#8281,10.);
#2279=VECTOR('',#8282,10.);
#2280=VECTOR('',#8283,240.);
#2281=VECTOR('',#8288,9.99999999999999);
#2282=VECTOR('',#8289,10.);
#2283=VECTOR('',#8292,5.99999999999993);
#2284=VECTOR('',#8293,240.);
#2285=VECTOR('',#8294,10.);
#2286=VECTOR('',#8297,16.0000000000034);
#2287=VECTOR('',#8298,16.0000000000034);
#2288=VECTOR('',#8299,10.);
#2289=VECTOR('',#8306,9.99999999999999);
#2290=VECTOR('',#8309,31.9999999999999);
#2291=VECTOR('',#8310,32.0000000000001);
#2292=VECTOR('',#8311,10.);
#2293=VECTOR('',#8318,10.);
#2294=VECTOR('',#8323,1.60000000000002);
#2295=VECTOR('',#8330,1.60000000000002);
#2296=VECTOR('',#8337,1.60000000000002);
#2297=VECTOR('',#8344,20.);
#2298=VECTOR('',#8347,20.);
#2299=VECTOR('',#8350,31.9999999999998);
#2300=VECTOR('',#8351,31.9999999999998);
#2301=VECTOR('',#8352,20.);
#2302=VECTOR('',#8359,20.);
#2303=VECTOR('',#8362,16.000000000005);
#2304=VECTOR('',#8363,16.000000000005);
#2305=VECTOR('',#8368,1.59999999999991);
#2306=VECTOR('',#8375,1.59999999999991);
#2307=VECTOR('',#8382,1.60000000000002);
#2308=VECTOR('',#8387,3.233161507462);
#2309=VECTOR('',#8388,3.23316150746187);
#2310=VECTOR('',#8389,3.23316150746187);
#2311=VECTOR('',#8390,3.233161507462);
#2312=VECTOR('',#8391,3.23316150746187);
#2313=VECTOR('',#8392,3.23316150746187);
#2314=VECTOR('',#8395,3.99999999999998);
#2315=VECTOR('',#8396,3.233161507462);
#2316=VECTOR('',#8397,3.99999999999998);
#2317=VECTOR('',#8400,4.00000000000001);
#2318=VECTOR('',#8401,3.23316150746187);
#2319=VECTOR('',#8404,3.99999999999998);
#2320=VECTOR('',#8405,3.23316150746187);
#2321=VECTOR('',#8408,3.99999999999998);
#2322=VECTOR('',#8409,3.233161507462);
#2323=VECTOR('',#8412,3.99999999999999);
#2324=VECTOR('',#8413,3.23316150746187);
#2325=VECTOR('',#8416,3.23316150746187);
#2326=VECTOR('',#8419,3.233161507462);
#2327=VECTOR('',#8420,3.23316150746187);
#2328=VECTOR('',#8421,3.23316150746187);
#2329=VECTOR('',#8422,3.233161507462);
#2330=VECTOR('',#8423,3.23316150746187);
#2331=VECTOR('',#8424,3.23316150746187);
#2332=VECTOR('',#8427,3.99999999999999);
#2333=VECTOR('',#8428,3.23316150746203);
#2334=VECTOR('',#8429,3.99999999999999);
#2335=VECTOR('',#8432,3.99999999999999);
#2336=VECTOR('',#8433,3.23316150746187);
#2337=VECTOR('',#8436,3.99999999999998);
#2338=VECTOR('',#8437,3.23316150746188);
#2339=VECTOR('',#8440,3.99999999999998);
#2340=VECTOR('',#8441,3.233161507462);
#2341=VECTOR('',#8444,3.99999999999999);
#2342=VECTOR('',#8445,3.23316150746186);
#2343=VECTOR('',#8448,3.23316150746193);
#2344=VECTOR('',#8451,3.233161507462);
#2345=VECTOR('',#8452,3.23316150746187);
#2346=VECTOR('',#8453,3.23316150746187);
#2347=VECTOR('',#8454,3.233161507462);
#2348=VECTOR('',#8455,3.23316150746187);
#2349=VECTOR('',#8456,3.23316150746187);
#2350=VECTOR('',#8459,3.99999999999999);
#2351=VECTOR('',#8460,3.233161507462);
#2352=VECTOR('',#8461,3.99999999999999);
#2353=VECTOR('',#8464,3.99999999999998);
#2354=VECTOR('',#8465,3.23316150746187);
#2355=VECTOR('',#8468,3.99999999999999);
#2356=VECTOR('',#8469,3.23316150746184);
#2357=VECTOR('',#8472,3.99999999999999);
#2358=VECTOR('',#8473,3.233161507462);
#2359=VECTOR('',#8476,3.99999999999998);
#2360=VECTOR('',#8477,3.23316150746187);
#2361=VECTOR('',#8480,3.23316150746186);
#2362=VECTOR('',#8483,10.);
#2363=VECTOR('',#8484,330.);
#2364=VECTOR('',#8487,181.);
#2365=VECTOR('',#8488,16.0000000000034);
#2366=VECTOR('',#8491,32.);
#2367=VECTOR('',#8502,20.);
#2368=VECTOR('',#8503,181.);
#2369=VECTOR('',#8506,20.);
#2370=VECTOR('',#8511,20.);
#2371=VECTOR('',#8512,32.);
#2372=VECTOR('',#8515,20.);
#2373=VECTOR('',#8520,16.0000000000034);
#2374=VECTOR('',#8525,1.60000000000002);
#2375=VECTOR('',#8530,1.60000000000002);
#2376=VECTOR('',#8535,1.60000000000002);
#2377=VECTOR('',#8538,3.233161507462);
#2378=VECTOR('',#8539,3.23316150746187);
#2379=VECTOR('',#8540,3.23316150746187);
#2380=VECTOR('',#8541,3.233161507462);
#2381=VECTOR('',#8542,3.23316150746187);
#2382=VECTOR('',#8543,3.23316150746187);
#2383=VECTOR('',#8546,3.99999999999998);
#2384=VECTOR('',#8547,3.233161507462);
#2385=VECTOR('',#8548,3.99999999999998);
#2386=VECTOR('',#8551,3.99999999999999);
#2387=VECTOR('',#8552,3.23316150746187);
#2388=VECTOR('',#8555,3.99999999999998);
#2389=VECTOR('',#8556,3.23316150746187);
#2390=VECTOR('',#8559,3.99999999999999);
#2391=VECTOR('',#8560,3.233161507462);
#2392=VECTOR('',#8563,3.99999999999999);
#2393=VECTOR('',#8564,3.23316150746188);
#2394=VECTOR('',#8567,3.23316150746192);
#2395=VECTOR('',#8570,3.233161507462);
#2396=VECTOR('',#8571,3.23316150746192);
#2397=VECTOR('',#8572,3.23316150746182);
#2398=VECTOR('',#8573,3.233161507462);
#2399=VECTOR('',#8574,3.23316150746182);
#2400=VECTOR('',#8575,3.23316150746187);
#2401=VECTOR('',#8578,3.99999999999999);
#2402=VECTOR('',#8579,3.233161507462);
#2403=VECTOR('',#8580,3.99999999999999);
#2404=VECTOR('',#8583,3.99999999999998);
#2405=VECTOR('',#8584,3.23316150746187);
#2406=VECTOR('',#8587,3.99999999999999);
#2407=VECTOR('',#8588,3.23316150746188);
#2408=VECTOR('',#8591,3.99999999999999);
#2409=VECTOR('',#8592,3.233161507462);
#2410=VECTOR('',#8595,3.99999999999998);
#2411=VECTOR('',#8596,3.23316150746187);
#2412=VECTOR('',#8599,3.23316150746187);
#2413=VECTOR('',#8602,3.233161507462);
#2414=VECTOR('',#8603,3.23316150746187);
#2415=VECTOR('',#8604,3.23316150746187);
#2416=VECTOR('',#8605,3.233161507462);
#2417=VECTOR('',#8606,3.23316150746187);
#2418=VECTOR('',#8607,3.23316150746187);
#2419=VECTOR('',#8610,3.99999999999998);
#2420=VECTOR('',#8611,3.233161507462);
#2421=VECTOR('',#8612,3.99999999999998);
#2422=VECTOR('',#8615,3.99999999999999);
#2423=VECTOR('',#8616,3.23316150746187);
#2424=VECTOR('',#8619,3.99999999999998);
#2425=VECTOR('',#8620,3.23316150746189);
#2426=VECTOR('',#8623,3.99999999999998);
#2427=VECTOR('',#8624,3.233161507462);
#2428=VECTOR('',#8627,4.00000000000001);
#2429=VECTOR('',#8628,3.23316150746188);
#2430=VECTOR('',#8631,3.23316150746187);
#2431=VECTOR('',#8634,161.);
#2432=VECTOR('',#8635,180.999999999999);
#2433=VECTOR('',#8638,31.9999999999998);
#2434=VECTOR('',#8641,16.000000000005);
#2435=VECTOR('',#8642,6.00000000000021);
#2436=VECTOR('',#8653,240.);
#2437=VECTOR('',#8654,16.000000000005);
#2438=VECTOR('',#8657,31.9999999999998);
#2439=VECTOR('',#8660,180.999999999999);
#2440=VECTOR('',#8669,10.);
#2441=VECTOR('',#8672,10.);
#2442=VECTOR('',#8675,10.);
#2443=VECTOR('',#8678,9.99999999999999);
#2444=VECTOR('',#8681,10.);
#2445=VECTOR('',#8684,10.);
#2446=VECTOR('',#8687,10.);
#2447=VECTOR('',#8692,1.59999999999991);
#2448=VECTOR('',#8695,1.59999999999991);
#2449=VECTOR('',#8698,1.60000000000002);
#2450=VECTOR('',#8707,44.9999999999999);
#2451=VECTOR('',#8708,335.);
#2452=VECTOR('',#8709,45.);
#2453=VECTOR('',#8710,335.);
#2454=VECTOR('',#8713,40.);
#2455=VECTOR('',#8714,325.);
#2456=VECTOR('',#8715,39.9999999999999);
#2457=VECTOR('',#8716,325.);
#2458=VECTOR('',#8719,45.);
#2459=VECTOR('',#8720,459.);
#2460=VECTOR('',#8721,459.);
#2461=VECTOR('',#8724,449.);
#2462=VECTOR('',#8725,39.9999999999999);
#2463=VECTOR('',#8726,449.);
#2464=VECTOR('',#8729,45.0000000000001);
#2465=VECTOR('',#8730,335.);
#2466=VECTOR('',#8731,335.);
#2467=VECTOR('',#8734,325.);
#2468=VECTOR('',#8735,40.);
#2469=VECTOR('',#8736,325.);
#2470=VECTOR('',#8739,459.);
#2471=VECTOR('',#8740,459.);
#2472=VECTOR('',#8741,453.);
#2473=VECTOR('',#8742,459.);
#2474=VECTOR('',#8745,449.);
#2475=VECTOR('',#8746,449.);
#2476=VECTOR('',#8753,7.07106781186557);
#2477=VECTOR('',#8754,7.07106781186543);
#2478=VECTOR('',#8757,7.07106781186549);
#2479=VECTOR('',#8760,7.07106781186543);
#2480=VECTOR('',#8765,7.07106781186554);
#2481=VECTOR('',#8766,453.);
#2482=VECTOR('',#8767,7.07106781186539);
#2483=VECTOR('',#8768,443.);
#2484=VECTOR('',#8771,330.);
#2485=VECTOR('',#8772,7.07106781186551);
#2486=VECTOR('',#8773,320.);
#2487=VECTOR('',#8776,453.);
#2488=VECTOR('',#8777,7.07106781186547);
#2489=VECTOR('',#8778,443.);
#2490=VECTOR('',#8781,330.);
#2491=VECTOR('',#8782,320.);
#2492=VECTOR('',#8785,320.);
#2493=VECTOR('',#8786,443.);
#2494=VECTOR('',#8787,320.);
#2495=VECTOR('',#8788,443.);
#2496=VECTOR('',#8791,330.);
#2497=VECTOR('',#8792,453.);
#2498=VECTOR('',#8793,330.);
#2499=VECTOR('',#8794,453.);
#2500=VECTOR('',#8797,90.);
#2501=VECTOR('',#8798,90.);
#2502=VECTOR('',#8801,95.);
#2503=VECTOR('',#8802,95.0000000000001);
#2504=VECTOR('',#8805,90.);
#2505=VECTOR('',#8808,95.0000000000001);
#2506=VECTOR('',#8811,90.);
#2507=VECTOR('',#8814,95.0000000000001);
#2508=VECTOR('',#8825,449.);
#2509=VECTOR('',#8826,325.);
#2510=VECTOR('',#8827,449.);
#2511=VECTOR('',#8828,325.);
#2512=VECTOR('',#8829,16.0000000000034);
#2513=VECTOR('',#8832,31.9999999999999);
#2514=VECTOR('',#8835,181.);
#2515=VECTOR('',#8836,180.999999999999);
#2516=VECTOR('',#8839,31.9999999999998);
#2517=VECTOR('',#8842,16.000000000005);
#2518=VECTOR('',#8843,200.);
#2519=VECTOR('',#8844,16.000000000005);
#2520=VECTOR('',#8847,31.9999999999998);
#2521=VECTOR('',#8850,180.999999999999);
#2522=VECTOR('',#8851,181.);
#2523=VECTOR('',#8854,75.);
#2524=VECTOR('',#8855,20.0000000000107);
#2525=VECTOR('',#8856,161.000000000002);
#2526=VECTOR('',#8859,449.);
#2527=VECTOR('',#8860,325.);
#2528=VECTOR('',#8861,449.);
#2529=VECTOR('',#8862,325.);
#2530=VECTOR('',#8863,16.0000000000034);
#2531=VECTOR('',#8864,161.000000000002);
#2532=VECTOR('',#8865,20.0000000000107);
#2533=VECTOR('',#8866,75.);
#2534=VECTOR('',#8869,181.);
#2535=VECTOR('',#8870,180.999999999999);
#2536=VECTOR('',#8873,31.9999999999998);
#2537=VECTOR('',#8876,16.000000000005);
#2538=VECTOR('',#8877,200.);
#2539=VECTOR('',#8878,16.000000000005);
#2540=VECTOR('',#8881,31.9999999999998);
#2541=VECTOR('',#8884,180.999999999999);
#2542=VECTOR('',#8885,181.);
#2543=VECTOR('',#8888,31.9999999999999);
#2544=VECTOR('',#8893,33.);
#2545=VECTOR('',#8894,33.);
#2546=VECTOR('',#8897,33.);
#2547=VECTOR('',#8900,33.);
#2548=VECTOR('',#8905,33.);
#2549=VECTOR('',#8906,33.);
#2550=VECTOR('',#8909,33.);
#2551=VECTOR('',#8912,33.);
#2552=VECTOR('',#8915,33.);
#2553=VECTOR('',#8918,33.);
#2554=VECTOR('',#8921,33.);
#2555=VECTOR('',#8924,33.);
#2556=VECTOR('',#8927,33.);
#2557=VECTOR('',#8930,33.);
#2558=VECTOR('',#8933,33.);
#2559=VECTOR('',#8936,33.);
#2560=VECTOR('',#8939,33.);
#2561=VECTOR('',#8942,33.);
#2562=VECTOR('',#8945,33.);
#2563=VECTOR('',#8948,33.);
#2564=VECTOR('',#8951,33.);
#2565=VECTOR('',#8954,33.);
#2566=VECTOR('',#8957,33.);
#2567=VECTOR('',#8960,33.);
#2568=VECTOR('',#8963,33.);
#2569=VECTOR('',#8974,325.);
#2570=VECTOR('',#8975,449.);
#2571=VECTOR('',#8976,325.);
#2572=VECTOR('',#8977,449.);
#2573=VECTOR('',#9004,325.);
#2574=VECTOR('',#9005,449.);
#2575=VECTOR('',#9006,325.);
#2576=VECTOR('',#9007,449.);
#2577=VECTOR('',#9034,7.);
#2578=VECTOR('',#9035,7.);
#2579=VECTOR('',#9038,7.);
#2580=VECTOR('',#9041,7.);
#2581=VECTOR('',#9046,5.);
#2582=VECTOR('',#9049,5.);
#2583=VECTOR('',#9052,5.);
#2584=VECTOR('',#9055,5.);
#2585=VECTOR('',#9058,5.);
#2586=VECTOR('',#9061,5.);
#2587=VECTOR('',#9064,5.);
#2588=VECTOR('',#9067,5.);
#2589=VECTOR('',#9070,5.);
#2590=VECTOR('',#9073,5.);
#2591=VECTOR('',#9076,5.);
#2592=VECTOR('',#9079,5.);
#2593=VECTOR('',#9088,336.);
#2594=VECTOR('',#9089,64.9999999999999);
#2595=VECTOR('',#9090,336.);
#2596=VECTOR('',#9091,65.);
#2597=VECTOR('',#9094,90.9999999999998);
#2598=VECTOR('',#9095,90.9999999999998);
#2599=VECTOR('',#9096,65.);
#2600=VECTOR('',#9099,336.);
#2601=VECTOR('',#9100,336.);
#2602=VECTOR('',#9101,64.9999999999999);
#2603=VECTOR('',#9104,90.9999999999998);
#2604=VECTOR('',#9105,90.9999999999998);
#2605=VECTOR('',#9108,366.000000000001);
#2606=VECTOR('',#9109,64.9999999999999);
#2607=VECTOR('',#9110,366.000000000001);
#2608=VECTOR('',#9111,65.);
#2609=VECTOR('',#9114,15.);
#2610=VECTOR('',#9115,15.);
#2611=VECTOR('',#9116,15.);
#2612=VECTOR('',#9119,121.);
#2613=VECTOR('',#9120,366.);
#2614=VECTOR('',#9121,121.);
#2615=VECTOR('',#9124,40.4500018631093);
#2616=VECTOR('',#9125,32.0000000000001);
#2617=VECTOR('',#9126,79.9999999999998);
#2618=VECTOR('',#9127,80.0000000000004);
#2619=VECTOR('',#9128,80.);
#2620=VECTOR('',#9129,32.0000000000003);
#2621=VECTOR('',#9130,40.4500018631093);
#2622=VECTOR('',#9131,22.0000000000001);
#2623=VECTOR('',#9132,40.);
#2624=VECTOR('',#9133,60.0000000000004);
#2625=VECTOR('',#9134,40.);
#2626=VECTOR('',#9135,22.0000000000006);
#2627=VECTOR('',#9138,40.4500018631093);
#2628=VECTOR('',#9139,22.0000000000005);
#2629=VECTOR('',#9140,40.);
#2630=VECTOR('',#9141,60.0000000000004);
#2631=VECTOR('',#9142,40.);
#2632=VECTOR('',#9143,22.0000000000002);
#2633=VECTOR('',#9144,40.4500018631091);
#2634=VECTOR('',#9145,32.0000000000002);
#2635=VECTOR('',#9146,79.9999999999999);
#2636=VECTOR('',#9147,80.0000000000004);
#2637=VECTOR('',#9148,79.9999999999998);
#2638=VECTOR('',#9149,32.0000000000002);
#2639=VECTOR('',#9152,2.170269885979);
#2640=VECTOR('',#9153,75.);
#2641=VECTOR('',#9154,2.170269885979);
#2642=VECTOR('',#9155,75.);
#2643=VECTOR('',#9158,6.28905503376451);
#2644=VECTOR('',#9159,75.);
#2645=VECTOR('',#9160,6.2890550337645);
#2646=VECTOR('',#9163,2.170269885979);
#2647=VECTOR('',#9164,75.);
#2648=VECTOR('',#9165,2.170269885979);
#2649=VECTOR('',#9168,11.519107017309);
#2650=VECTOR('',#9169,75.);
#2651=VECTOR('',#9170,11.519107017309);
#2652=VECTOR('',#9173,0.499999999999005);
#2653=VECTOR('',#9174,75.);
#2654=VECTOR('',#9175,0.499999999999005);
#2655=VECTOR('',#9178,0.742868620499242);
#2656=VECTOR('',#9179,75.);
#2657=VECTOR('',#9180,0.742868620499256);
#2658=VECTOR('',#9183,1.09999999999999);
#2659=VECTOR('',#9184,75.);
#2660=VECTOR('',#9185,1.09999999999999);
#2661=VECTOR('',#9188,0.0241652339207243);
#2662=VECTOR('',#9189,75.);
#2663=VECTOR('',#9190,0.0241652339207238);
#2664=VECTOR('',#9193,0.024216183998395);
#2665=VECTOR('',#9194,75.);
#2666=VECTOR('',#9195,0.0242161839983351);
#2667=VECTOR('',#9198,0.024252861086283);
#2668=VECTOR('',#9199,75.);
#2669=VECTOR('',#9200,0.0242528610862781);
#2670=VECTOR('',#9203,0.0242767808683242);
#2671=VECTOR('',#9204,75.);
#2672=VECTOR('',#9205,0.0242767808683813);
#2673=VECTOR('',#9208,0.0242897102312843);
#2674=VECTOR('',#9209,75.);
#2675=VECTOR('',#9210,0.024289710231275);
#2676=VECTOR('',#9213,0.0242936745747841);
#2677=VECTOR('',#9214,75.);
#2678=VECTOR('',#9215,0.0242936745747871);
#2679=VECTOR('',#9218,0.0242909653261354);
#2680=VECTOR('',#9219,75.);
#2681=VECTOR('',#9220,0.0242909653261355);
#2682=VECTOR('',#9223,0.0242841469893028);
#2683=VECTOR('',#9224,75.);
#2684=VECTOR('',#9225,0.0242841469893018);
#2685=VECTOR('',#9228,0.0242760628355805);
#2686=VECTOR('',#9229,75.);
#2687=VECTOR('',#9230,0.0242760628355932);
#2688=VECTOR('',#9233,0.0242698382912633);
#2689=VECTOR('',#9234,75.);
#2690=VECTOR('',#9235,0.0242698382912711);
#2691=VECTOR('',#9238,0.0242688808382623);
#2692=VECTOR('',#9239,75.);
#2693=VECTOR('',#9240,0.0242688808382696);
#2694=VECTOR('',#9243,0.024276875180178);
#2695=VECTOR('',#9244,75.);
#2696=VECTOR('',#9245,0.0242768751801845);
#2697=VECTOR('',#9248,0.0242977723034318);
#2698=VECTOR('',#9249,75.);
#2699=VECTOR('',#9250,0.024297772303899);
#2700=VECTOR('',#9253,0.0243350881300856);
#2701=VECTOR('',#9254,75.);
#2702=VECTOR('',#9255,0.0243350881296294);
#2703=VECTOR('',#9258,0.0243690489162293);
#2704=VECTOR('',#9259,75.);
#2705=VECTOR('',#9260,0.024369048916236);
#2706=VECTOR('',#9263,0.024374943076647);
#2707=VECTOR('',#9264,75.);
#2708=VECTOR('',#9265,0.0243749430765721);
#2709=VECTOR('',#9268,0.023299299647864);
#2710=VECTOR('',#9269,75.);
#2711=VECTOR('',#9270,0.0232992996479465);
#2712=VECTOR('',#9273,0.0253828099914573);
#2713=VECTOR('',#9274,75.);
#2714=VECTOR('',#9275,0.0253828099914506);
#2715=VECTOR('',#9278,0.0242843450653322);
#2716=VECTOR('',#9279,75.);
#2717=VECTOR('',#9280,0.0242843450652512);
#2718=VECTOR('',#9283,0.0242463636084012);
#2719=VECTOR('',#9284,75.);
#2720=VECTOR('',#9285,0.0242463636084672);
#2721=VECTOR('',#9288,0.024221007094855);
#2722=VECTOR('',#9289,75.);
#2723=VECTOR('',#9290,0.0242210070948606);
#2724=VECTOR('',#9293,0.0242196008113787);
#2725=VECTOR('',#9294,75.);
#2726=VECTOR('',#9295,0.0242196008113058);
#2727=VECTOR('',#9298,0.02425432339109);
#2728=VECTOR('',#9299,75.);
#2729=VECTOR('',#9300,0.0242543233911734);
#2730=VECTOR('',#9303,0.0243380546072153);
#2731=VECTOR('',#9304,75.);
#2732=VECTOR('',#9305,0.0243380546072062);
#2733=VECTOR('',#9308,0.0244841446204433);
#2734=VECTOR('',#9309,75.);
#2735=VECTOR('',#9310,0.0244841446203547);
#2736=VECTOR('',#9313,0.776749837565205);
#2737=VECTOR('',#9314,75.);
#2738=VECTOR('',#9315,0.776749837565212);
#2739=VECTOR('',#9318,1.50000000000099);
#2740=VECTOR('',#9319,75.);
#2741=VECTOR('',#9320,1.50000000000099);
#2742=VECTOR('',#9325,75.);
#2743=VECTOR('',#9330,1.4999999999873);
#2744=VECTOR('',#9331,75.);
#2745=VECTOR('',#9332,1.49999999998722);
#2746=VECTOR('',#9337,75.);
#2747=VECTOR('',#9342,10.299999999979);
#2748=VECTOR('',#9343,75.);
#2749=VECTOR('',#9344,10.299999999979);
#2750=VECTOR('',#9347,8.300000000013);
#2751=VECTOR('',#9348,75.);
#2752=VECTOR('',#9349,8.300000000013);
#2753=VECTOR('',#9354,74.9999999999991);
#2754=VECTOR('',#9359,13.2000000004362);
#2755=VECTOR('',#9360,75.);
#2756=VECTOR('',#9361,13.2000000004362);
#2757=VECTOR('',#9366,74.9999999999991);
#2758=VECTOR('',#9371,8.);
#2759=VECTOR('',#9372,75.);
#2760=VECTOR('',#9373,8.);
#2761=VECTOR('',#9376,10.599999999992);
#2762=VECTOR('',#9377,75.);
#2763=VECTOR('',#9378,10.599999999992);
#2764=VECTOR('',#9383,74.9999999999992);
#2765=VECTOR('',#9388,1.4999999999534);
#2766=VECTOR('',#9389,75.);
#2767=VECTOR('',#9390,1.4999999999534);
#2768=VECTOR('',#9395,75.);
#2769=VECTOR('',#9400,1.5);
#2770=VECTOR('',#9401,75.);
#2771=VECTOR('',#9402,1.5);
#2772=VECTOR('',#9405,0.899999999766898);
#2773=VECTOR('',#9406,75.);
#2774=VECTOR('',#9407,0.899999999766976);
#2775=VECTOR('',#9410,0.148367644977207);
#2776=VECTOR('',#9411,75.);
#2777=VECTOR('',#9412,0.148367644977219);
#2778=VECTOR('',#9415,0.186397539453614);
#2779=VECTOR('',#9416,75.);
#2780=VECTOR('',#9417,0.186397539453561);
#2781=VECTOR('',#9420,0.155426536500542);
#2782=VECTOR('',#9421,75.);
#2783=VECTOR('',#9422,0.155426536500595);
#2784=VECTOR('',#9425,1.09999999999999);
#2785=VECTOR('',#9426,75.);
#2786=VECTOR('',#9427,1.09999999999999);
#2787=VECTOR('',#9430,0.742868620499142);
#2788=VECTOR('',#9431,75.);
#2789=VECTOR('',#9432,0.742868620499155);
#2790=VECTOR('',#9435,0.499999999997996);
#2791=VECTOR('',#9436,75.);
#2792=VECTOR('',#9437,0.499999999997996);
#2793=VECTOR('',#9440,9.2861256906276);
#2794=VECTOR('',#9441,75.);
#2795=VECTOR('',#9442,9.2861256906276);
#2796=VECTOR('',#9445,7.19999999999901);
#2797=VECTOR('',#9446,75.);
#2798=VECTOR('',#9447,7.19999999999901);
#2799=VECTOR('',#9450,15.);
#2800=VECTOR('',#9451,75.);
#2801=VECTOR('',#9452,15.);
#2802=VECTOR('',#9455,7.2);
#2803=VECTOR('',#9456,75.);
#2804=VECTOR('',#9457,7.20000000000002);
#2805=VECTOR('',#9460,2.54621954865102);
#2806=VECTOR('',#9461,75.);
#2807=VECTOR('',#9462,2.54621954865102);
#2808=VECTOR('',#9465,111.000000000011);
#2809=VECTOR('',#9466,75.);
#2810=VECTOR('',#9467,111.000000000011);
#2811=VECTOR('',#9470,63.932336);
#2812=VECTOR('',#9471,75.);
#2813=VECTOR('',#9472,63.932336);
#2814=VECTOR('',#9475,111.00000000001);
#2815=VECTOR('',#9476,75.);
#2816=VECTOR('',#9477,111.00000000001);
#2817=VECTOR('',#9480,9.0918379486617);
#2818=VECTOR('',#9481,9.09183794866169);
#2819=VECTOR('',#9484,32.0000000000001);
#2820=VECTOR('',#9485,75.);
#2821=VECTOR('',#9486,75.);
#2822=VECTOR('',#9489,79.9999999999999);
#2823=VECTOR('',#9490,75.);
#2824=VECTOR('',#9493,80.0000000000004);
#2825=VECTOR('',#9494,75.);
#2826=VECTOR('',#9497,79.9999999999999);
#2827=VECTOR('',#9498,75.);
#2828=VECTOR('',#9501,32.0000000000003);
#2829=VECTOR('',#9502,75.);
#2830=VECTOR('',#9505,40.4500018631092);
#2831=VECTOR('',#9506,75.);
#2832=VECTOR('',#9509,22.0000000000002);
#2833=VECTOR('',#9510,75.);
#2834=VECTOR('',#9513,40.);
#2835=VECTOR('',#9514,75.);
#2836=VECTOR('',#9517,60.0000000000004);
#2837=VECTOR('',#9518,75.0000000000001);
#2838=VECTOR('',#9521,40.);
#2839=VECTOR('',#9522,75.);
#2840=VECTOR('',#9525,22.0000000000005);
#2841=VECTOR('',#9526,75.);
#2842=VECTOR('',#9529,40.4500018631093);
#2843=VECTOR('',#9532,180.000001862645);
#2844=VECTOR('',#9533,90.);
#2845=VECTOR('',#9534,180.000001862645);
#2846=VECTOR('',#9535,90.);
#2847=VECTOR('',#9538,215.000000000001);
#2848=VECTOR('',#9539,89.9999999999999);
#2849=VECTOR('',#9540,215.000000000001);
#2850=VECTOR('',#9543,180.000001862645);
#2851=VECTOR('',#9544,89.9999999999999);
#2852=VECTOR('',#9545,180.000001862645);
#2853=VECTOR('',#9548,215.);
#2854=VECTOR('',#9549,215.);
#2855=VECTOR('',#9552,121.);
#2856=VECTOR('',#9553,25.);
#2857=VECTOR('',#9554,25.);
#2858=VECTOR('',#9557,366.);
#2859=VECTOR('',#9558,25.);
#2860=VECTOR('',#9561,121.);
#2861=VECTOR('',#9562,25.);
#2862=VECTOR('',#9565,38.499999999999);
#2863=VECTOR('',#9566,89.9999999999999);
#2864=VECTOR('',#9567,38.499999999999);
#2865=VECTOR('',#9570,320.);
#2866=VECTOR('',#9571,89.9999999999999);
#2867=VECTOR('',#9572,320.);
#2868=VECTOR('',#9575,443.);
#2869=VECTOR('',#9576,90.);
#2870=VECTOR('',#9577,443.);
#2871=VECTOR('',#9580,320.);
#2872=VECTOR('',#9581,90.);
#2873=VECTOR('',#9582,320.);
#2874=VECTOR('',#9585,38.5000000000001);
#2875=VECTOR('',#9586,38.5000000000001);
#2876=VECTOR('',#9589,9.09183794866169);
#2877=VECTOR('',#9590,2.170269885979);
#2878=VECTOR('',#9591,6.28905503376449);
#2879=VECTOR('',#9592,2.170269885979);
#2880=VECTOR('',#9593,11.519107017309);
#2881=VECTOR('',#9594,0.499999999999005);
#2882=VECTOR('',#9595,0.742868620499235);
#2883=VECTOR('',#9596,1.09999999999999);
#2884=VECTOR('',#9597,0.0241652339207342);
#2885=VECTOR('',#9598,0.0242161839983198);
#2886=VECTOR('',#9599,0.0242528610862834);
#2887=VECTOR('',#9600,0.0242767808684016);
#2888=VECTOR('',#9601,0.0242897102312399);
#2889=VECTOR('',#9602,0.0242936745747819);
#2890=VECTOR('',#9603,0.0242909653261302);
#2891=VECTOR('',#9604,0.0242841469893112);
#2892=VECTOR('',#9605,0.0242760628356077);
#2893=VECTOR('',#9606,0.0242698382912655);
#2894=VECTOR('',#9607,0.0242688808382383);
#2895=VECTOR('',#9608,0.024276875180173);
#2896=VECTOR('',#9609,0.0242977723039916);
#2897=VECTOR('',#9610,0.0243350881295797);
#2898=VECTOR('',#9611,0.024369048916236);
#2899=VECTOR('',#9612,0.0243749430765658);
#2900=VECTOR('',#9613,0.0232992996479595);
#2901=VECTOR('',#9614,0.0253828099914328);
#2902=VECTOR('',#9615,0.0242843450652345);
#2903=VECTOR('',#9616,0.0242463636085097);
#2904=VECTOR('',#9617,0.0242210070948743);
#2905=VECTOR('',#9618,0.0242196008112651);
#2906=VECTOR('',#9619,0.0242543233911875);
#2907=VECTOR('',#9620,0.0243380546072088);
#2908=VECTOR('',#9621,0.0244841446203622);
#2909=VECTOR('',#9622,0.77674983756522);
#2910=VECTOR('',#9623,1.50000000000097);
#2911=VECTOR('',#9626,1.49999999998718);
#2912=VECTOR('',#9629,10.299999999979);
#2913=VECTOR('',#9632,13.2000000004362);
#2914=VECTOR('',#9635,8.);
#2915=VECTOR('',#9638,1.4999999999534);
#2916=VECTOR('',#9641,1.5);
#2917=VECTOR('',#9642,0.899999999767005);
#2918=VECTOR('',#9643,0.148367644977204);
#2919=VECTOR('',#9644,0.186397539453541);
#2920=VECTOR('',#9645,0.155426536500615);
#2921=VECTOR('',#9646,1.09999999999999);
#2922=VECTOR('',#9647,0.742868620499168);
#2923=VECTOR('',#9648,0.49999999999801);
#2924=VECTOR('',#9649,9.28612569062761);
#2925=VECTOR('',#9650,7.19999999999899);
#2926=VECTOR('',#9651,15.);
#2927=VECTOR('',#9652,7.20000000000002);
#2928=VECTOR('',#9653,2.54621954865102);
#2929=VECTOR('',#9654,111.000000000011);
#2930=VECTOR('',#9655,63.932336);
#2931=VECTOR('',#9656,111.00000000001);
#2932=CIRCLE('',#7301,4.);
#2933=CIRCLE('',#7302,4.);
#2934=CIRCLE('',#7306,4.);
#2935=CIRCLE('',#7307,4.);
#2936=CIRCLE('',#7310,4.);
#2937=CIRCLE('',#7311,4.);
#2938=CIRCLE('',#7313,1.60000000000002);
#2939=CIRCLE('',#7314,1.60000000000002);
#2940=CIRCLE('',#7316,1.60000000000002);
#2941=CIRCLE('',#7317,1.60000000000002);
#2942=CIRCLE('',#7319,1.60000000000002);
#2943=CIRCLE('',#7320,1.60000000000002);
#2944=CIRCLE('',#7322,4.);
#2945=CIRCLE('',#7323,4.);
#2946=CIRCLE('',#7324,4.);
#2947=CIRCLE('',#7326,4.);
#2948=CIRCLE('',#7327,4.);
#2949=CIRCLE('',#7328,4.);
#2950=CIRCLE('',#7329,1.60000000000002);
#2951=CIRCLE('',#7330,1.59999999999991);
#2952=CIRCLE('',#7331,1.59999999999991);
#2953=CIRCLE('',#7333,4.);
#2954=CIRCLE('',#7334,4.);
#2955=CIRCLE('',#7335,1.60000000000002);
#2956=CIRCLE('',#7336,1.59999999999991);
#2957=CIRCLE('',#7337,1.59999999999991);
#2958=CIRCLE('',#7350,4.);
#2959=CIRCLE('',#7351,4.);
#2960=CIRCLE('',#7354,4.);
#2961=CIRCLE('',#7355,4.);
#2962=CIRCLE('',#7358,1.60000000000002);
#2963=CIRCLE('',#7359,1.60000000000002);
#2964=CIRCLE('',#7361,1.60000000000002);
#2965=CIRCLE('',#7362,1.60000000000002);
#2966=CIRCLE('',#7364,1.60000000000002);
#2967=CIRCLE('',#7365,1.60000000000002);
#2968=CIRCLE('',#7390,4.);
#2969=CIRCLE('',#7391,4.);
#2970=CIRCLE('',#7392,1.60000000000002);
#2971=CIRCLE('',#7393,1.59999999999991);
#2972=CIRCLE('',#7394,1.59999999999991);
#2973=CIRCLE('',#7397,4.);
#2974=CIRCLE('',#7400,4.);
#2975=CIRCLE('',#7403,1.59999999999991);
#2976=CIRCLE('',#7405,1.59999999999991);
#2977=CIRCLE('',#7407,1.60000000000002);
#2978=CIRCLE('',#7431,4.);
#2979=CIRCLE('',#7435,4.);
#2980=CIRCLE('',#7436,4.);
#2981=CIRCLE('',#7439,4.);
#2982=CIRCLE('',#7440,4.);
#2983=CIRCLE('',#7442,1.60000000000002);
#2984=CIRCLE('',#7443,1.60000000000002);
#2985=CIRCLE('',#7445,1.60000000000002);
#2986=CIRCLE('',#7446,1.60000000000002);
#2987=CIRCLE('',#7448,1.60000000000002);
#2988=CIRCLE('',#7449,1.60000000000002);
#2989=CIRCLE('',#7451,4.);
#2990=CIRCLE('',#7452,4.);
#2991=CIRCLE('',#7455,4.);
#2992=CIRCLE('',#7456,4.);
#2993=CIRCLE('',#7459,1.59999999999991);
#2994=CIRCLE('',#7460,1.59999999999991);
#2995=CIRCLE('',#7462,1.59999999999991);
#2996=CIRCLE('',#7463,1.59999999999991);
#2997=CIRCLE('',#7465,1.60000000000002);
#2998=CIRCLE('',#7466,1.60000000000002);
#2999=CIRCLE('',#7490,4.);
#3000=CIRCLE('',#7491,4.);
#3001=CIRCLE('',#7492,1.60000000000002);
#3002=CIRCLE('',#7493,1.60000000000002);
#3003=CIRCLE('',#7494,1.60000000000002);
#3004=CIRCLE('',#7497,4.);
#3005=CIRCLE('',#7500,4.);
#3006=CIRCLE('',#7503,1.60000000000002);
#3007=CIRCLE('',#7505,1.60000000000002);
#3008=CIRCLE('',#7507,1.60000000000002);
#3009=CIRCLE('',#7530,4.);
#3010=CIRCLE('',#7531,4.);
#3011=CIRCLE('',#7532,4.);
#3012=CIRCLE('',#7533,1.60000000000002);
#3013=CIRCLE('',#7534,1.59999999999991);
#3014=CIRCLE('',#7535,1.59999999999991);
#3015=CIRCLE('',#7537,4.);
#3016=CIRCLE('',#7538,4.);
#3017=CIRCLE('',#7539,1.60000000000002);
#3018=CIRCLE('',#7540,1.59999999999991);
#3019=CIRCLE('',#7541,1.59999999999991);
#3020=CIRCLE('',#7587,4.);
#3021=CIRCLE('',#7588,4.);
#3022=CIRCLE('',#7589,4.);
#3023=CIRCLE('',#7590,4.);
#3024=CIRCLE('',#7591,4.);
#3025=CIRCLE('',#7592,4.);
#3026=CIRCLE('',#7593,4.00000000000006);
#3027=CIRCLE('',#7595,4.00000000000006);
#3028=CIRCLE('',#7596,4.);
#3029=CIRCLE('',#7597,4.);
#3030=CIRCLE('',#7598,4.);
#3031=CIRCLE('',#7599,4.);
#3032=CIRCLE('',#7600,4.);
#3033=CIRCLE('',#7601,4.);
#3034=CIRCLE('',#7631,5.);
#3035=CIRCLE('',#7632,5.);
#3036=CIRCLE('',#7633,5.);
#3037=CIRCLE('',#7634,5.);
#3038=CIRCLE('',#7635,5.);
#3039=CIRCLE('',#7636,5.);
#3040=CIRCLE('',#7637,5.);
#3041=CIRCLE('',#7638,5.);
#3042=CIRCLE('',#7639,5.);
#3043=CIRCLE('',#7640,5.);
#3044=CIRCLE('',#7641,5.);
#3045=CIRCLE('',#7642,5.);
#3046=CIRCLE('',#7644,5.);
#3047=CIRCLE('',#7645,5.);
#3048=CIRCLE('',#7646,5.);
#3049=CIRCLE('',#7647,5.);
#3050=CIRCLE('',#7648,5.);
#3051=CIRCLE('',#7649,5.);
#3052=CIRCLE('',#7650,5.);
#3053=CIRCLE('',#7651,5.);
#3054=CIRCLE('',#7652,5.);
#3055=CIRCLE('',#7653,5.);
#3056=CIRCLE('',#7654,5.);
#3057=CIRCLE('',#7655,5.);
#3058=CIRCLE('',#7719,2.00000000000001);
#3059=CIRCLE('',#7720,2.00000000000001);
#3060=CIRCLE('',#7723,2.00000000000001);
#3061=CIRCLE('',#7724,2.00000000000001);
#3062=CIRCLE('',#7728,2.);
#3063=CIRCLE('',#7729,2.);
#3064=CIRCLE('',#7732,2.);
#3065=CIRCLE('',#7733,2.);
#3066=CIRCLE('',#7737,2.);
#3067=CIRCLE('',#7738,2.);
#3068=CIRCLE('',#7741,2.);
#3069=CIRCLE('',#7742,2.);
#3070=CIRCLE('',#7785,2.00000000000001);
#3071=CIRCLE('',#7786,2.00000000000001);
#3072=CIRCLE('',#7787,2.);
#3073=CIRCLE('',#7788,2.);
#3074=CIRCLE('',#7789,2.);
#3075=CIRCLE('',#7790,2.);
#3076=VERTEX_POINT('',#9704);
#3077=VERTEX_POINT('',#9705);
#3078=VERTEX_POINT('',#9707);
#3079=VERTEX_POINT('',#9709);
#3080=VERTEX_POINT('',#9713);
#3081=VERTEX_POINT('',#9715);
#3082=VERTEX_POINT('',#9719);
#3083=VERTEX_POINT('',#9721);
#3084=VERTEX_POINT('',#9725);
#3085=VERTEX_POINT('',#9727);
#3086=VERTEX_POINT('',#9731);
#3087=VERTEX_POINT('',#9733);
#3088=VERTEX_POINT('',#9737);
#3089=VERTEX_POINT('',#9739);
#3090=VERTEX_POINT('',#9743);
#3091=VERTEX_POINT('',#9745);
#3092=VERTEX_POINT('',#9749);
#3093=VERTEX_POINT('',#9751);
#3094=VERTEX_POINT('',#9755);
#3095=VERTEX_POINT('',#9757);
#3096=VERTEX_POINT('',#9761);
#3097=VERTEX_POINT('',#9764);
#3098=VERTEX_POINT('',#9766);
#3099=VERTEX_POINT('',#9768);
#3100=VERTEX_POINT('',#9770);
#3101=VERTEX_POINT('',#9772);
#3102=VERTEX_POINT('',#9774);
#3103=VERTEX_POINT('',#9776);
#3104=VERTEX_POINT('',#9778);
#3105=VERTEX_POINT('',#9782);
#3106=VERTEX_POINT('',#9784);
#3107=VERTEX_POINT('',#9786);
#3108=VERTEX_POINT('',#9788);
#3109=VERTEX_POINT('',#9790);
#3110=VERTEX_POINT('',#9792);
#3111=VERTEX_POINT('',#9794);
#3112=VERTEX_POINT('',#9797);
#3113=VERTEX_POINT('',#9799);
#3114=VERTEX_POINT('',#9801);
#3115=VERTEX_POINT('',#9804);
#3116=VERTEX_POINT('',#9805);
#3117=VERTEX_POINT('',#9808);
#3118=VERTEX_POINT('',#9810);
#3119=VERTEX_POINT('',#9812);
#3120=VERTEX_POINT('',#9814);
#3121=VERTEX_POINT('',#9819);
#3122=VERTEX_POINT('',#9821);
#3123=VERTEX_POINT('',#9823);
#3124=VERTEX_POINT('',#9847);
#3125=VERTEX_POINT('',#9848);
#3126=VERTEX_POINT('',#9850);
#3127=VERTEX_POINT('',#9852);
#3128=VERTEX_POINT('',#9856);
#3129=VERTEX_POINT('',#9858);
#3130=VERTEX_POINT('',#9862);
#3131=VERTEX_POINT('',#9864);
#3132=VERTEX_POINT('',#9868);
#3133=VERTEX_POINT('',#9870);
#3134=VERTEX_POINT('',#9874);
#3135=VERTEX_POINT('',#9876);
#3136=VERTEX_POINT('',#9880);
#3137=VERTEX_POINT('',#9882);
#3138=VERTEX_POINT('',#9886);
#3139=VERTEX_POINT('',#9888);
#3140=VERTEX_POINT('',#9892);
#3141=VERTEX_POINT('',#9893);
#3142=VERTEX_POINT('',#9895);
#3143=VERTEX_POINT('',#9897);
#3144=VERTEX_POINT('',#9899);
#3145=VERTEX_POINT('',#9901);
#3146=VERTEX_POINT('',#9905);
#3147=VERTEX_POINT('',#9907);
#3148=VERTEX_POINT('',#9911);
#3149=VERTEX_POINT('',#9915);
#3150=VERTEX_POINT('',#9919);
#3151=VERTEX_POINT('',#9923);
#3152=VERTEX_POINT('',#9929);
#3153=VERTEX_POINT('',#9930);
#3154=VERTEX_POINT('',#9932);
#3155=VERTEX_POINT('',#9934);
#3156=VERTEX_POINT('',#9936);
#3157=VERTEX_POINT('',#9938);
#3158=VERTEX_POINT('',#9942);
#3159=VERTEX_POINT('',#9944);
#3160=VERTEX_POINT('',#9948);
#3161=VERTEX_POINT('',#9952);
#3162=VERTEX_POINT('',#9956);
#3163=VERTEX_POINT('',#9960);
#3164=VERTEX_POINT('',#9966);
#3165=VERTEX_POINT('',#9967);
#3166=VERTEX_POINT('',#9969);
#3167=VERTEX_POINT('',#9971);
#3168=VERTEX_POINT('',#9973);
#3169=VERTEX_POINT('',#9975);
#3170=VERTEX_POINT('',#9979);
#3171=VERTEX_POINT('',#9981);
#3172=VERTEX_POINT('',#9985);
#3173=VERTEX_POINT('',#9989);
#3174=VERTEX_POINT('',#9993);
#3175=VERTEX_POINT('',#9997);
#3176=VERTEX_POINT('',#10003);
#3177=VERTEX_POINT('',#10004);
#3178=VERTEX_POINT('',#10010);
#3179=VERTEX_POINT('',#10012);
#3180=VERTEX_POINT('',#10014);
#3181=VERTEX_POINT('',#10016);
#3182=VERTEX_POINT('',#10020);
#3183=VERTEX_POINT('',#10022);
#3184=VERTEX_POINT('',#10024);
#3185=VERTEX_POINT('',#10026);
#3186=VERTEX_POINT('',#10028);
#3187=VERTEX_POINT('',#10031);
#3188=VERTEX_POINT('',#10033);
#3189=VERTEX_POINT('',#10035);
#3190=VERTEX_POINT('',#10038);
#3191=VERTEX_POINT('',#10042);
#3192=VERTEX_POINT('',#10046);
#3193=VERTEX_POINT('',#10050);
#3194=VERTEX_POINT('',#10054);
#3195=VERTEX_POINT('',#10058);
#3196=VERTEX_POINT('',#10062);
#3197=VERTEX_POINT('',#10066);
#3198=VERTEX_POINT('',#10070);
#3199=VERTEX_POINT('',#10071);
#3200=VERTEX_POINT('',#10073);
#3201=VERTEX_POINT('',#10075);
#3202=VERTEX_POINT('',#10077);
#3203=VERTEX_POINT('',#10079);
#3204=VERTEX_POINT('',#10083);
#3205=VERTEX_POINT('',#10085);
#3206=VERTEX_POINT('',#10089);
#3207=VERTEX_POINT('',#10093);
#3208=VERTEX_POINT('',#10097);
#3209=VERTEX_POINT('',#10101);
#3210=VERTEX_POINT('',#10107);
#3211=VERTEX_POINT('',#10108);
#3212=VERTEX_POINT('',#10110);
#3213=VERTEX_POINT('',#10112);
#3214=VERTEX_POINT('',#10114);
#3215=VERTEX_POINT('',#10116);
#3216=VERTEX_POINT('',#10120);
#3217=VERTEX_POINT('',#10122);
#3218=VERTEX_POINT('',#10126);
#3219=VERTEX_POINT('',#10130);
#3220=VERTEX_POINT('',#10134);
#3221=VERTEX_POINT('',#10138);
#3222=VERTEX_POINT('',#10144);
#3223=VERTEX_POINT('',#10145);
#3224=VERTEX_POINT('',#10147);
#3225=VERTEX_POINT('',#10149);
#3226=VERTEX_POINT('',#10151);
#3227=VERTEX_POINT('',#10153);
#3228=VERTEX_POINT('',#10157);
#3229=VERTEX_POINT('',#10159);
#3230=VERTEX_POINT('',#10163);
#3231=VERTEX_POINT('',#10167);
#3232=VERTEX_POINT('',#10171);
#3233=VERTEX_POINT('',#10175);
#3234=VERTEX_POINT('',#10181);
#3235=VERTEX_POINT('',#10183);
#3236=VERTEX_POINT('',#10185);
#3237=VERTEX_POINT('',#10187);
#3238=VERTEX_POINT('',#10191);
#3239=VERTEX_POINT('',#10192);
#3240=VERTEX_POINT('',#10197);
#3241=VERTEX_POINT('',#10202);
#3242=VERTEX_POINT('',#10204);
#3243=VERTEX_POINT('',#10208);
#3244=VERTEX_POINT('',#10210);
#3245=VERTEX_POINT('',#10214);
#3246=VERTEX_POINT('',#10216);
#3247=VERTEX_POINT('',#10220);
#3248=VERTEX_POINT('',#10222);
#3249=VERTEX_POINT('',#10226);
#3250=VERTEX_POINT('',#10228);
#3251=VERTEX_POINT('',#10232);
#3252=VERTEX_POINT('',#10234);
#3253=VERTEX_POINT('',#10238);
#3254=VERTEX_POINT('',#10240);
#3255=VERTEX_POINT('',#10244);
#3256=VERTEX_POINT('',#10245);
#3257=VERTEX_POINT('',#10247);
#3258=VERTEX_POINT('',#10249);
#3259=VERTEX_POINT('',#10253);
#3260=VERTEX_POINT('',#10255);
#3261=VERTEX_POINT('',#10259);
#3262=VERTEX_POINT('',#10261);
#3263=VERTEX_POINT('',#10268);
#3264=VERTEX_POINT('',#10270);
#3265=VERTEX_POINT('',#10274);
#3266=VERTEX_POINT('',#10276);
#3267=VERTEX_POINT('',#10280);
#3268=VERTEX_POINT('',#10282);
#3269=VERTEX_POINT('',#10286);
#3270=VERTEX_POINT('',#10287);
#3271=VERTEX_POINT('',#10289);
#3272=VERTEX_POINT('',#10291);
#3273=VERTEX_POINT('',#10293);
#3274=VERTEX_POINT('',#10295);
#3275=VERTEX_POINT('',#10299);
#3276=VERTEX_POINT('',#10301);
#3277=VERTEX_POINT('',#10305);
#3278=VERTEX_POINT('',#10309);
#3279=VERTEX_POINT('',#10313);
#3280=VERTEX_POINT('',#10317);
#3281=VERTEX_POINT('',#10323);
#3282=VERTEX_POINT('',#10324);
#3283=VERTEX_POINT('',#10326);
#3284=VERTEX_POINT('',#10328);
#3285=VERTEX_POINT('',#10330);
#3286=VERTEX_POINT('',#10332);
#3287=VERTEX_POINT('',#10336);
#3288=VERTEX_POINT('',#10338);
#3289=VERTEX_POINT('',#10342);
#3290=VERTEX_POINT('',#10346);
#3291=VERTEX_POINT('',#10350);
#3292=VERTEX_POINT('',#10354);
#3293=VERTEX_POINT('',#10360);
#3294=VERTEX_POINT('',#10361);
#3295=VERTEX_POINT('',#10363);
#3296=VERTEX_POINT('',#10365);
#3297=VERTEX_POINT('',#10367);
#3298=VERTEX_POINT('',#10369);
#3299=VERTEX_POINT('',#10373);
#3300=VERTEX_POINT('',#10375);
#3301=VERTEX_POINT('',#10379);
#3302=VERTEX_POINT('',#10383);
#3303=VERTEX_POINT('',#10387);
#3304=VERTEX_POINT('',#10391);
#3305=VERTEX_POINT('',#10400);
#3306=VERTEX_POINT('',#10402);
#3307=VERTEX_POINT('',#10404);
#3308=VERTEX_POINT('',#10406);
#3309=VERTEX_POINT('',#10409);
#3310=VERTEX_POINT('',#10411);
#3311=VERTEX_POINT('',#10413);
#3312=VERTEX_POINT('',#10416);
#3313=VERTEX_POINT('',#10420);
#3314=VERTEX_POINT('',#10424);
#3315=VERTEX_POINT('',#10428);
#3316=VERTEX_POINT('',#10434);
#3317=VERTEX_POINT('',#10438);
#3318=VERTEX_POINT('',#10442);
#3319=VERTEX_POINT('',#10446);
#3320=VERTEX_POINT('',#10447);
#3321=VERTEX_POINT('',#10449);
#3322=VERTEX_POINT('',#10451);
#3323=VERTEX_POINT('',#10453);
#3324=VERTEX_POINT('',#10455);
#3325=VERTEX_POINT('',#10459);
#3326=VERTEX_POINT('',#10461);
#3327=VERTEX_POINT('',#10465);
#3328=VERTEX_POINT('',#10469);
#3329=VERTEX_POINT('',#10473);
#3330=VERTEX_POINT('',#10477);
#3331=VERTEX_POINT('',#10483);
#3332=VERTEX_POINT('',#10484);
#3333=VERTEX_POINT('',#10486);
#3334=VERTEX_POINT('',#10488);
#3335=VERTEX_POINT('',#10490);
#3336=VERTEX_POINT('',#10492);
#3337=VERTEX_POINT('',#10496);
#3338=VERTEX_POINT('',#10498);
#3339=VERTEX_POINT('',#10502);
#3340=VERTEX_POINT('',#10506);
#3341=VERTEX_POINT('',#10510);
#3342=VERTEX_POINT('',#10514);
#3343=VERTEX_POINT('',#10520);
#3344=VERTEX_POINT('',#10521);
#3345=VERTEX_POINT('',#10523);
#3346=VERTEX_POINT('',#10525);
#3347=VERTEX_POINT('',#10527);
#3348=VERTEX_POINT('',#10529);
#3349=VERTEX_POINT('',#10533);
#3350=VERTEX_POINT('',#10535);
#3351=VERTEX_POINT('',#10539);
#3352=VERTEX_POINT('',#10543);
#3353=VERTEX_POINT('',#10547);
#3354=VERTEX_POINT('',#10551);
#3355=VERTEX_POINT('',#10557);
#3356=VERTEX_POINT('',#10559);
#3357=VERTEX_POINT('',#10561);
#3358=VERTEX_POINT('',#10563);
#3359=VERTEX_POINT('',#10565);
#3360=VERTEX_POINT('',#10567);
#3361=VERTEX_POINT('',#10569);
#3362=VERTEX_POINT('',#10572);
#3363=VERTEX_POINT('',#10574);
#3364=VERTEX_POINT('',#10576);
#3365=VERTEX_POINT('',#10580);
#3366=VERTEX_POINT('',#10582);
#3367=VERTEX_POINT('',#10584);
#3368=VERTEX_POINT('',#10586);
#3369=VERTEX_POINT('',#10589);
#3370=VERTEX_POINT('',#10591);
#3371=VERTEX_POINT('',#10593);
#3372=VERTEX_POINT('',#10620);
#3373=VERTEX_POINT('',#10621);
#3374=VERTEX_POINT('',#10623);
#3375=VERTEX_POINT('',#10625);
#3376=VERTEX_POINT('',#10629);
#3377=VERTEX_POINT('',#10630);
#3378=VERTEX_POINT('',#10632);
#3379=VERTEX_POINT('',#10634);
#3380=VERTEX_POINT('',#10638);
#3381=VERTEX_POINT('',#10639);
#3382=VERTEX_POINT('',#10644);
#3383=VERTEX_POINT('',#10646);
#3384=VERTEX_POINT('',#10650);
#3385=VERTEX_POINT('',#10651);
#3386=VERTEX_POINT('',#10656);
#3387=VERTEX_POINT('',#10658);
#3388=VERTEX_POINT('',#10663);
#3389=VERTEX_POINT('',#10665);
#3390=VERTEX_POINT('',#10682);
#3391=VERTEX_POINT('',#10683);
#3392=VERTEX_POINT('',#10685);
#3393=VERTEX_POINT('',#10687);
#3394=VERTEX_POINT('',#10691);
#3395=VERTEX_POINT('',#10693);
#3396=VERTEX_POINT('',#10697);
#3397=VERTEX_POINT('',#10699);
#3398=VERTEX_POINT('',#10706);
#3399=VERTEX_POINT('',#10707);
#3400=VERTEX_POINT('',#10709);
#3401=VERTEX_POINT('',#10711);
#3402=VERTEX_POINT('',#10715);
#3403=VERTEX_POINT('',#10716);
#3404=VERTEX_POINT('',#10718);
#3405=VERTEX_POINT('',#10720);
#3406=VERTEX_POINT('',#10742);
#3407=VERTEX_POINT('',#10743);
#3408=VERTEX_POINT('',#10745);
#3409=VERTEX_POINT('',#10747);
#3410=VERTEX_POINT('',#10750);
#3411=VERTEX_POINT('',#10751);
#3412=VERTEX_POINT('',#10753);
#3413=VERTEX_POINT('',#10755);
#3414=VERTEX_POINT('',#10757);
#3415=VERTEX_POINT('',#10759);
#3416=VERTEX_POINT('',#10761);
#3417=VERTEX_POINT('',#10763);
#3418=VERTEX_POINT('',#10765);
#3419=VERTEX_POINT('',#10767);
#3420=VERTEX_POINT('',#10769);
#3421=VERTEX_POINT('',#10771);
#3422=VERTEX_POINT('',#10773);
#3423=VERTEX_POINT('',#10775);
#3424=VERTEX_POINT('',#10777);
#3425=VERTEX_POINT('',#10779);
#3426=VERTEX_POINT('',#10781);
#3427=VERTEX_POINT('',#10783);
#3428=VERTEX_POINT('',#10785);
#3429=VERTEX_POINT('',#10787);
#3430=VERTEX_POINT('',#10789);
#3431=VERTEX_POINT('',#10793);
#3432=VERTEX_POINT('',#10794);
#3433=VERTEX_POINT('',#10796);
#3434=VERTEX_POINT('',#10798);
#3435=VERTEX_POINT('',#10801);
#3436=VERTEX_POINT('',#10802);
#3437=VERTEX_POINT('',#10804);
#3438=VERTEX_POINT('',#10806);
#3439=VERTEX_POINT('',#10808);
#3440=VERTEX_POINT('',#10810);
#3441=VERTEX_POINT('',#10812);
#3442=VERTEX_POINT('',#10814);
#3443=VERTEX_POINT('',#10816);
#3444=VERTEX_POINT('',#10818);
#3445=VERTEX_POINT('',#10820);
#3446=VERTEX_POINT('',#10822);
#3447=VERTEX_POINT('',#10824);
#3448=VERTEX_POINT('',#10826);
#3449=VERTEX_POINT('',#10828);
#3450=VERTEX_POINT('',#10830);
#3451=VERTEX_POINT('',#10832);
#3452=VERTEX_POINT('',#10834);
#3453=VERTEX_POINT('',#10836);
#3454=VERTEX_POINT('',#10838);
#3455=VERTEX_POINT('',#10840);
#3456=VERTEX_POINT('',#10897);
#3457=VERTEX_POINT('',#10898);
#3458=VERTEX_POINT('',#10900);
#3459=VERTEX_POINT('',#10902);
#3460=VERTEX_POINT('',#10905);
#3461=VERTEX_POINT('',#10907);
#3462=VERTEX_POINT('',#10909);
#3463=VERTEX_POINT('',#10911);
#3464=VERTEX_POINT('',#10913);
#3465=VERTEX_POINT('',#10915);
#3466=VERTEX_POINT('',#10917);
#3467=VERTEX_POINT('',#10919);
#3468=VERTEX_POINT('',#10921);
#3469=VERTEX_POINT('',#10923);
#3470=VERTEX_POINT('',#10925);
#3471=VERTEX_POINT('',#10927);
#3472=VERTEX_POINT('',#10930);
#3473=VERTEX_POINT('',#10931);
#3474=VERTEX_POINT('',#10933);
#3475=VERTEX_POINT('',#10935);
#3476=VERTEX_POINT('',#10938);
#3477=VERTEX_POINT('',#10940);
#3478=VERTEX_POINT('',#10942);
#3479=VERTEX_POINT('',#10944);
#3480=VERTEX_POINT('',#10946);
#3481=VERTEX_POINT('',#10948);
#3482=VERTEX_POINT('',#10950);
#3483=VERTEX_POINT('',#10952);
#3484=VERTEX_POINT('',#10954);
#3485=VERTEX_POINT('',#10956);
#3486=VERTEX_POINT('',#10958);
#3487=VERTEX_POINT('',#10960);
#3488=VERTEX_POINT('',#10998);
#3489=VERTEX_POINT('',#10999);
#3490=VERTEX_POINT('',#11001);
#3491=VERTEX_POINT('',#11003);
#3492=VERTEX_POINT('',#11007);
#3493=VERTEX_POINT('',#11009);
#3494=VERTEX_POINT('',#11013);
#3495=VERTEX_POINT('',#11015);
#3496=VERTEX_POINT('',#11022);
#3497=VERTEX_POINT('',#11023);
#3498=VERTEX_POINT('',#11025);
#3499=VERTEX_POINT('',#11027);
#3500=VERTEX_POINT('',#11031);
#3501=VERTEX_POINT('',#11033);
#3502=VERTEX_POINT('',#11037);
#3503=VERTEX_POINT('',#11039);
#3504=VERTEX_POINT('',#11043);
#3505=VERTEX_POINT('',#11044);
#3506=VERTEX_POINT('',#11046);
#3507=VERTEX_POINT('',#11048);
#3508=VERTEX_POINT('',#11050);
#3509=VERTEX_POINT('',#11052);
#3510=VERTEX_POINT('',#11054);
#3511=VERTEX_POINT('',#11056);
#3512=VERTEX_POINT('',#11058);
#3513=VERTEX_POINT('',#11060);
#3514=VERTEX_POINT('',#11062);
#3515=VERTEX_POINT('',#11064);
#3516=VERTEX_POINT('',#11068);
#3517=VERTEX_POINT('',#11069);
#3518=VERTEX_POINT('',#11071);
#3519=VERTEX_POINT('',#11073);
#3520=VERTEX_POINT('',#11075);
#3521=VERTEX_POINT('',#11077);
#3522=VERTEX_POINT('',#11079);
#3523=VERTEX_POINT('',#11081);
#3524=VERTEX_POINT('',#11083);
#3525=VERTEX_POINT('',#11085);
#3526=VERTEX_POINT('',#11087);
#3527=VERTEX_POINT('',#11089);
#3528=VERTEX_POINT('',#11093);
#3529=VERTEX_POINT('',#11094);
#3530=VERTEX_POINT('',#11096);
#3531=VERTEX_POINT('',#11098);
#3532=VERTEX_POINT('',#11102);
#3533=VERTEX_POINT('',#11104);
#3534=VERTEX_POINT('',#11108);
#3535=VERTEX_POINT('',#11110);
#3536=VERTEX_POINT('',#11114);
#3537=VERTEX_POINT('',#11116);
#3538=VERTEX_POINT('',#11120);
#3539=VERTEX_POINT('',#11122);
#3540=VERTEX_POINT('',#11126);
#3541=VERTEX_POINT('',#11128);
#3542=VERTEX_POINT('',#11132);
#3543=VERTEX_POINT('',#11134);
#3544=VERTEX_POINT('',#11138);
#3545=VERTEX_POINT('',#11140);
#3546=VERTEX_POINT('',#11144);
#3547=VERTEX_POINT('',#11146);
#3548=VERTEX_POINT('',#11150);
#3549=VERTEX_POINT('',#11152);
#3550=VERTEX_POINT('',#11156);
#3551=VERTEX_POINT('',#11158);
#3552=VERTEX_POINT('',#11162);
#3553=VERTEX_POINT('',#11164);
#3554=VERTEX_POINT('',#11168);
#3555=VERTEX_POINT('',#11170);
#3556=VERTEX_POINT('',#11174);
#3557=VERTEX_POINT('',#11176);
#3558=VERTEX_POINT('',#11180);
#3559=VERTEX_POINT('',#11182);
#3560=VERTEX_POINT('',#11186);
#3561=VERTEX_POINT('',#11188);
#3562=VERTEX_POINT('',#11192);
#3563=VERTEX_POINT('',#11194);
#3564=VERTEX_POINT('',#11198);
#3565=VERTEX_POINT('',#11200);
#3566=VERTEX_POINT('',#11204);
#3567=VERTEX_POINT('',#11206);
#3568=VERTEX_POINT('',#11210);
#3569=VERTEX_POINT('',#11212);
#3570=VERTEX_POINT('',#11216);
#3571=VERTEX_POINT('',#11218);
#3572=VERTEX_POINT('',#11222);
#3573=VERTEX_POINT('',#11224);
#3574=VERTEX_POINT('',#11228);
#3575=VERTEX_POINT('',#11230);
#3576=VERTEX_POINT('',#11234);
#3577=VERTEX_POINT('',#11236);
#3578=VERTEX_POINT('',#11240);
#3579=VERTEX_POINT('',#11242);
#3580=VERTEX_POINT('',#11246);
#3581=VERTEX_POINT('',#11248);
#3582=VERTEX_POINT('',#11252);
#3583=VERTEX_POINT('',#11254);
#3584=VERTEX_POINT('',#11258);
#3585=VERTEX_POINT('',#11260);
#3586=VERTEX_POINT('',#11264);
#3587=VERTEX_POINT('',#11266);
#3588=VERTEX_POINT('',#11270);
#3589=VERTEX_POINT('',#11272);
#3590=VERTEX_POINT('',#11276);
#3591=VERTEX_POINT('',#11278);
#3592=VERTEX_POINT('',#11282);
#3593=VERTEX_POINT('',#11284);
#3594=VERTEX_POINT('',#11288);
#3595=VERTEX_POINT('',#11290);
#3596=VERTEX_POINT('',#11294);
#3597=VERTEX_POINT('',#11296);
#3598=VERTEX_POINT('',#11300);
#3599=VERTEX_POINT('',#11302);
#3600=VERTEX_POINT('',#11306);
#3601=VERTEX_POINT('',#11308);
#3602=VERTEX_POINT('',#11312);
#3603=VERTEX_POINT('',#11314);
#3604=VERTEX_POINT('',#11318);
#3605=VERTEX_POINT('',#11320);
#3606=VERTEX_POINT('',#11324);
#3607=VERTEX_POINT('',#11326);
#3608=VERTEX_POINT('',#11330);
#3609=VERTEX_POINT('',#11332);
#3610=VERTEX_POINT('',#11336);
#3611=VERTEX_POINT('',#11338);
#3612=VERTEX_POINT('',#11342);
#3613=VERTEX_POINT('',#11344);
#3614=VERTEX_POINT('',#11348);
#3615=VERTEX_POINT('',#11350);
#3616=VERTEX_POINT('',#11354);
#3617=VERTEX_POINT('',#11356);
#3618=VERTEX_POINT('',#11360);
#3619=VERTEX_POINT('',#11362);
#3620=VERTEX_POINT('',#11366);
#3621=VERTEX_POINT('',#11368);
#3622=VERTEX_POINT('',#11372);
#3623=VERTEX_POINT('',#11374);
#3624=VERTEX_POINT('',#11378);
#3625=VERTEX_POINT('',#11380);
#3626=VERTEX_POINT('',#11384);
#3627=VERTEX_POINT('',#11386);
#3628=VERTEX_POINT('',#11390);
#3629=VERTEX_POINT('',#11392);
#3630=VERTEX_POINT('',#11396);
#3631=VERTEX_POINT('',#11398);
#3632=VERTEX_POINT('',#11402);
#3633=VERTEX_POINT('',#11404);
#3634=VERTEX_POINT('',#11408);
#3635=VERTEX_POINT('',#11410);
#3636=VERTEX_POINT('',#11414);
#3637=VERTEX_POINT('',#11416);
#3638=VERTEX_POINT('',#11420);
#3639=VERTEX_POINT('',#11422);
#3640=VERTEX_POINT('',#11426);
#3641=VERTEX_POINT('',#11428);
#3642=VERTEX_POINT('',#11432);
#3643=VERTEX_POINT('',#11434);
#3644=VERTEX_POINT('',#11438);
#3645=VERTEX_POINT('',#11440);
#3646=VERTEX_POINT('',#11444);
#3647=VERTEX_POINT('',#11446);
#3648=VERTEX_POINT('',#11450);
#3649=VERTEX_POINT('',#11452);
#3650=VERTEX_POINT('',#11456);
#3651=VERTEX_POINT('',#11458);
#3652=VERTEX_POINT('',#11462);
#3653=VERTEX_POINT('',#11464);
#3654=VERTEX_POINT('',#11468);
#3655=VERTEX_POINT('',#11470);
#3656=VERTEX_POINT('',#11477);
#3657=VERTEX_POINT('',#11478);
#3658=VERTEX_POINT('',#11483);
#3659=VERTEX_POINT('',#11487);
#3660=VERTEX_POINT('',#11491);
#3661=VERTEX_POINT('',#11495);
#3662=VERTEX_POINT('',#11499);
#3663=VERTEX_POINT('',#11503);
#3664=VERTEX_POINT('',#11507);
#3665=VERTEX_POINT('',#11511);
#3666=VERTEX_POINT('',#11515);
#3667=VERTEX_POINT('',#11519);
#3668=VERTEX_POINT('',#11525);
#3669=VERTEX_POINT('',#11526);
#3670=VERTEX_POINT('',#11528);
#3671=VERTEX_POINT('',#11530);
#3672=VERTEX_POINT('',#11534);
#3673=VERTEX_POINT('',#11536);
#3674=VERTEX_POINT('',#11540);
#3675=VERTEX_POINT('',#11542);
#3676=VERTEX_POINT('',#11549);
#3677=VERTEX_POINT('',#11550);
#3678=VERTEX_POINT('',#11555);
#3679=VERTEX_POINT('',#11559);
#3680=VERTEX_POINT('',#11563);
#3681=VERTEX_POINT('',#11565);
#3682=VERTEX_POINT('',#11569);
#3683=VERTEX_POINT('',#11571);
#3684=VERTEX_POINT('',#11575);
#3685=VERTEX_POINT('',#11577);
#3686=VERTEX_POINT('',#11581);
#3687=VERTEX_POINT('',#11583);
#3688=VERTEX_POINT('',#11590);
#3689=VERTEX_POINT('',#11591);
#3690=VERTEX_POINT('',#11593);
#3691=VERTEX_POINT('',#11595);
#3692=VERTEX_POINT('',#11597);
#3693=VERTEX_POINT('',#11599);
#3694=VERTEX_POINT('',#11601);
#3695=VERTEX_POINT('',#11603);
#3696=VERTEX_POINT('',#11605);
#3697=VERTEX_POINT('',#11607);
#3698=VERTEX_POINT('',#11609);
#3699=VERTEX_POINT('',#11611);
#3700=VERTEX_POINT('',#11613);
#3701=VERTEX_POINT('',#11615);
#3702=VERTEX_POINT('',#11617);
#3703=VERTEX_POINT('',#11619);
#3704=VERTEX_POINT('',#11621);
#3705=VERTEX_POINT('',#11623);
#3706=VERTEX_POINT('',#11625);
#3707=VERTEX_POINT('',#11627);
#3708=VERTEX_POINT('',#11629);
#3709=VERTEX_POINT('',#11631);
#3710=VERTEX_POINT('',#11633);
#3711=VERTEX_POINT('',#11635);
#3712=VERTEX_POINT('',#11637);
#3713=VERTEX_POINT('',#11639);
#3714=VERTEX_POINT('',#11641);
#3715=VERTEX_POINT('',#11643);
#3716=VERTEX_POINT('',#11645);
#3717=VERTEX_POINT('',#11647);
#3718=VERTEX_POINT('',#11649);
#3719=VERTEX_POINT('',#11651);
#3720=VERTEX_POINT('',#11653);
#3721=VERTEX_POINT('',#11655);
#3722=VERTEX_POINT('',#11657);
#3723=VERTEX_POINT('',#11659);
#3724=VERTEX_POINT('',#11661);
#3725=VERTEX_POINT('',#11663);
#3726=VERTEX_POINT('',#11665);
#3727=VERTEX_POINT('',#11667);
#3728=VERTEX_POINT('',#11669);
#3729=VERTEX_POINT('',#11671);
#3730=VERTEX_POINT('',#11673);
#3731=VERTEX_POINT('',#11675);
#3732=VERTEX_POINT('',#11677);
#3733=VERTEX_POINT('',#11679);
#3734=VERTEX_POINT('',#11681);
#3735=VERTEX_POINT('',#11683);
#3736=VERTEX_POINT('',#11685);
#3737=VERTEX_POINT('',#11687);
#3738=VERTEX_POINT('',#11689);
#3739=VERTEX_POINT('',#11691);
#3740=VERTEX_POINT('',#11693);
#3741=VERTEX_POINT('',#11695);
#3742=VERTEX_POINT('',#11697);
#3743=VERTEX_POINT('',#11699);
#3744=VERTEX_POINT('',#11701);
#3745=VERTEX_POINT('',#11703);
#3746=VERTEX_POINT('',#11705);
#3747=VERTEX_POINT('',#11707);
#3748=VERTEX_POINT('',#11709);
#3749=VERTEX_POINT('',#11711);
#3750=EDGE_CURVE('',#3076,#3077,#2932,.T.);
#3751=EDGE_CURVE('',#3078,#3077,#1240,.T.);
#3752=EDGE_CURVE('',#3079,#3078,#2933,.T.);
#3753=EDGE_CURVE('',#3079,#3076,#1241,.T.);
#3754=EDGE_CURVE('',#3080,#3077,#1242,.T.);
#3755=EDGE_CURVE('',#3081,#3080,#1243,.T.);
#3756=EDGE_CURVE('',#3081,#3078,#1244,.T.);
#3757=EDGE_CURVE('',#3082,#3080,#1245,.T.);
#3758=EDGE_CURVE('',#3083,#3082,#1246,.T.);
#3759=EDGE_CURVE('',#3083,#3081,#1247,.T.);
#3760=EDGE_CURVE('',#3084,#3082,#2934,.T.);
#3761=EDGE_CURVE('',#3085,#3084,#1248,.T.);
#3762=EDGE_CURVE('',#3083,#3085,#2935,.T.);
#3763=EDGE_CURVE('',#3086,#3084,#1249,.T.);
#3764=EDGE_CURVE('',#3087,#3086,#1250,.T.);
#3765=EDGE_CURVE('',#3087,#3085,#1251,.T.);
#3766=EDGE_CURVE('',#3088,#3086,#2936,.T.);
#3767=EDGE_CURVE('',#3089,#3088,#1252,.T.);
#3768=EDGE_CURVE('',#3087,#3089,#2937,.T.);
#3769=EDGE_CURVE('',#3090,#3090,#2938,.T.);
#3770=EDGE_CURVE('',#3090,#3091,#1253,.T.);
#3771=EDGE_CURVE('',#3091,#3091,#2939,.T.);
#3772=EDGE_CURVE('',#3092,#3092,#2940,.T.);
#3773=EDGE_CURVE('',#3092,#3093,#1254,.T.);
#3774=EDGE_CURVE('',#3093,#3093,#2941,.T.);
#3775=EDGE_CURVE('',#3094,#3094,#2942,.T.);
#3776=EDGE_CURVE('',#3094,#3095,#1255,.T.);
#3777=EDGE_CURVE('',#3095,#3095,#2943,.T.);
#3778=EDGE_CURVE('',#3096,#3079,#1256,.T.);
#3779=EDGE_CURVE('',#3081,#3078,#1257,.T.);
#3780=EDGE_CURVE('',#3097,#3081,#1258,.T.);
#3781=EDGE_CURVE('',#3098,#3097,#1259,.T.);
#3782=EDGE_CURVE('',#3098,#3099,#2944,.T.);
#3783=EDGE_CURVE('',#3099,#3100,#1260,.T.);
#3784=EDGE_CURVE('',#3100,#3101,#2945,.T.);
#3785=EDGE_CURVE('',#3102,#3101,#1261,.T.);
#3786=EDGE_CURVE('',#3103,#3102,#1262,.T.);
#3787=EDGE_CURVE('',#3104,#3103,#1263,.T.);
#3788=EDGE_CURVE('',#3104,#3096,#2946,.T.);
#3789=EDGE_CURVE('',#3105,#3076,#1264,.T.);
#3790=EDGE_CURVE('',#3106,#3105,#2947,.T.);
#3791=EDGE_CURVE('',#3107,#3106,#1265,.T.);
#3792=EDGE_CURVE('',#3108,#3107,#1266,.T.);
#3793=EDGE_CURVE('',#3108,#3109,#2948,.T.);
#3794=EDGE_CURVE('',#3110,#3109,#1267,.T.);
#3795=EDGE_CURVE('',#3110,#3111,#2949,.T.);
#3796=EDGE_CURVE('',#3088,#3111,#1268,.T.);
#3797=EDGE_CURVE('',#3112,#3112,#2950,.T.);
#3798=EDGE_CURVE('',#3113,#3113,#2951,.T.);
#3799=EDGE_CURVE('',#3114,#3114,#2952,.T.);
#3800=EDGE_CURVE('',#3115,#3116,#1269,.T.);
#3801=EDGE_CURVE('',#3078,#3115,#1270,.T.);
#3802=EDGE_CURVE('',#3089,#3117,#1271,.T.);
#3803=EDGE_CURVE('',#3117,#3118,#2953,.T.);
#3804=EDGE_CURVE('',#3118,#3119,#1272,.T.);
#3805=EDGE_CURVE('',#3119,#3120,#2954,.T.);
#3806=EDGE_CURVE('',#3120,#3103,#1273,.T.);
#3807=EDGE_CURVE('',#3104,#3103,#1274,.T.);
#3808=EDGE_CURVE('',#3116,#3104,#1275,.T.);
#3809=EDGE_CURVE('',#3121,#3121,#2955,.T.);
#3810=EDGE_CURVE('',#3122,#3122,#2956,.T.);
#3811=EDGE_CURVE('',#3123,#3123,#2957,.T.);
#3812=EDGE_CURVE('',#3096,#3105,#1276,.T.);
#3813=EDGE_CURVE('',#3104,#3106,#1277,.T.);
#3814=EDGE_CURVE('',#3103,#3107,#1278,.T.);
#3815=EDGE_CURVE('',#3120,#3108,#1279,.T.);
#3816=EDGE_CURVE('',#3119,#3109,#1280,.T.);
#3817=EDGE_CURVE('',#3118,#3110,#1281,.T.);
#3818=EDGE_CURVE('',#3117,#3111,#1282,.T.);
#3819=EDGE_CURVE('',#3123,#3114,#1283,.T.);
#3820=EDGE_CURVE('',#3122,#3113,#1284,.T.);
#3821=EDGE_CURVE('',#3121,#3112,#1285,.T.);
#3822=EDGE_CURVE('',#3124,#3125,#2958,.T.);
#3823=EDGE_CURVE('',#3126,#3124,#1286,.T.);
#3824=EDGE_CURVE('',#3127,#3126,#2959,.T.);
#3825=EDGE_CURVE('',#3127,#3125,#1287,.T.);
#3826=EDGE_CURVE('',#3128,#3125,#1288,.T.);
#3827=EDGE_CURVE('',#3129,#3127,#1289,.T.);
#3828=EDGE_CURVE('',#3129,#3128,#1290,.T.);
#3829=EDGE_CURVE('',#3128,#3130,#2960,.T.);
#3830=EDGE_CURVE('',#3131,#3129,#2961,.T.);
#3831=EDGE_CURVE('',#3131,#3130,#1291,.T.);
#3832=EDGE_CURVE('',#3132,#3130,#1292,.T.);
#3833=EDGE_CURVE('',#3133,#3131,#1293,.T.);
#3834=EDGE_CURVE('',#3132,#3133,#1294,.T.);
#3835=EDGE_CURVE('',#3134,#3134,#2962,.T.);
#3836=EDGE_CURVE('',#3134,#3135,#1295,.T.);
#3837=EDGE_CURVE('',#3135,#3135,#2963,.T.);
#3838=EDGE_CURVE('',#3136,#3136,#2964,.T.);
#3839=EDGE_CURVE('',#3136,#3137,#1296,.T.);
#3840=EDGE_CURVE('',#3137,#3137,#2965,.T.);
#3841=EDGE_CURVE('',#3138,#3138,#2966,.T.);
#3842=EDGE_CURVE('',#3138,#3139,#1297,.T.);
#3843=EDGE_CURVE('',#3139,#3139,#2967,.T.);
#3844=EDGE_CURVE('',#3140,#3141,#1298,.T.);
#3845=EDGE_CURVE('',#3142,#3140,#1299,.T.);
#3846=EDGE_CURVE('',#3143,#3142,#1300,.T.);
#3847=EDGE_CURVE('',#3144,#3143,#1301,.T.);
#3848=EDGE_CURVE('',#3145,#3144,#1302,.T.);
#3849=EDGE_CURVE('',#3141,#3145,#1303,.T.);
#3850=EDGE_CURVE('',#3146,#3141,#1304,.T.);
#3851=EDGE_CURVE('',#3146,#3147,#1305,.T.);
#3852=EDGE_CURVE('',#3147,#3140,#1306,.T.);
#3853=EDGE_CURVE('',#3147,#3148,#1307,.T.);
#3854=EDGE_CURVE('',#3148,#3142,#1308,.T.);
#3855=EDGE_CURVE('',#3148,#3149,#1309,.T.);
#3856=EDGE_CURVE('',#3149,#3143,#1310,.T.);
#3857=EDGE_CURVE('',#3149,#3150,#1311,.T.);
#3858=EDGE_CURVE('',#3150,#3144,#1312,.T.);
#3859=EDGE_CURVE('',#3150,#3151,#1313,.T.);
#3860=EDGE_CURVE('',#3151,#3145,#1314,.T.);
#3861=EDGE_CURVE('',#3151,#3146,#1315,.T.);
#3862=EDGE_CURVE('',#3152,#3153,#1316,.T.);
#3863=EDGE_CURVE('',#3154,#3152,#1317,.T.);
#3864=EDGE_CURVE('',#3155,#3154,#1318,.T.);
#3865=EDGE_CURVE('',#3156,#3155,#1319,.T.);
#3866=EDGE_CURVE('',#3157,#3156,#1320,.T.);
#3867=EDGE_CURVE('',#3153,#3157,#1321,.T.);
#3868=EDGE_CURVE('',#3158,#3153,#1322,.T.);
#3869=EDGE_CURVE('',#3158,#3159,#1323,.T.);
#3870=EDGE_CURVE('',#3159,#3152,#1324,.T.);
#3871=EDGE_CURVE('',#3159,#3160,#1325,.T.);
#3872=EDGE_CURVE('',#3160,#3154,#1326,.T.);
#3873=EDGE_CURVE('',#3160,#3161,#1327,.T.);
#3874=EDGE_CURVE('',#3161,#3155,#1328,.T.);
#3875=EDGE_CURVE('',#3161,#3162,#1329,.T.);
#3876=EDGE_CURVE('',#3162,#3156,#1330,.T.);
#3877=EDGE_CURVE('',#3162,#3163,#1331,.T.);
#3878=EDGE_CURVE('',#3163,#3157,#1332,.T.);
#3879=EDGE_CURVE('',#3163,#3158,#1333,.T.);
#3880=EDGE_CURVE('',#3164,#3165,#1334,.T.);
#3881=EDGE_CURVE('',#3166,#3164,#1335,.T.);
#3882=EDGE_CURVE('',#3167,#3166,#1336,.T.);
#3883=EDGE_CURVE('',#3168,#3167,#1337,.T.);
#3884=EDGE_CURVE('',#3169,#3168,#1338,.T.);
#3885=EDGE_CURVE('',#3165,#3169,#1339,.T.);
#3886=EDGE_CURVE('',#3170,#3165,#1340,.T.);
#3887=EDGE_CURVE('',#3170,#3171,#1341,.T.);
#3888=EDGE_CURVE('',#3171,#3164,#1342,.T.);
#3889=EDGE_CURVE('',#3171,#3172,#1343,.T.);
#3890=EDGE_CURVE('',#3172,#3166,#1344,.T.);
#3891=EDGE_CURVE('',#3172,#3173,#1345,.T.);
#3892=EDGE_CURVE('',#3173,#3167,#1346,.T.);
#3893=EDGE_CURVE('',#3173,#3174,#1347,.T.);
#3894=EDGE_CURVE('',#3174,#3168,#1348,.T.);
#3895=EDGE_CURVE('',#3174,#3175,#1349,.T.);
#3896=EDGE_CURVE('',#3175,#3169,#1350,.T.);
#3897=EDGE_CURVE('',#3175,#3170,#1351,.T.);
#3898=EDGE_CURVE('',#3176,#3177,#1352,.T.);
#3899=EDGE_CURVE('',#3177,#3115,#1353,.T.);
#3900=EDGE_CURVE('',#3176,#3116,#1354,.T.);
#3901=EDGE_CURVE('',#3177,#3132,#1355,.T.);
#3902=EDGE_CURVE('',#3178,#3133,#1356,.T.);
#3903=EDGE_CURVE('',#3178,#3179,#1357,.T.);
#3904=EDGE_CURVE('',#3179,#3180,#1358,.T.);
#3905=EDGE_CURVE('',#3180,#3181,#1359,.T.);
#3906=EDGE_CURVE('',#3181,#3098,#1360,.T.);
#3907=EDGE_CURVE('',#3182,#3124,#1361,.T.);
#3908=EDGE_CURVE('',#3183,#3176,#1362,.T.);
#3909=EDGE_CURVE('',#3183,#3184,#1363,.T.);
#3910=EDGE_CURVE('',#3184,#3185,#2968,.T.);
#3911=EDGE_CURVE('',#3185,#3186,#1364,.T.);
#3912=EDGE_CURVE('',#3186,#3182,#2969,.T.);
#3913=EDGE_CURVE('',#3187,#3187,#2970,.T.);
#3914=EDGE_CURVE('',#3188,#3188,#2971,.T.);
#3915=EDGE_CURVE('',#3189,#3189,#2972,.T.);
#3916=EDGE_CURVE('',#3190,#3182,#1365,.T.);
#3917=EDGE_CURVE('',#3190,#3126,#1366,.T.);
#3918=EDGE_CURVE('',#3191,#3186,#1367,.T.);
#3919=EDGE_CURVE('',#3190,#3191,#2973,.T.);
#3920=EDGE_CURVE('',#3192,#3185,#1368,.T.);
#3921=EDGE_CURVE('',#3192,#3191,#1369,.T.);
#3922=EDGE_CURVE('',#3193,#3184,#1370,.T.);
#3923=EDGE_CURVE('',#3192,#3193,#2974,.T.);
#3924=EDGE_CURVE('',#3194,#3183,#1371,.T.);
#3925=EDGE_CURVE('',#3194,#3193,#1372,.T.);
#3926=EDGE_CURVE('',#3195,#3195,#2975,.T.);
#3927=EDGE_CURVE('',#3195,#3189,#1373,.T.);
#3928=EDGE_CURVE('',#3196,#3196,#2976,.T.);
#3929=EDGE_CURVE('',#3196,#3188,#1374,.T.);
#3930=EDGE_CURVE('',#3197,#3197,#2977,.T.);
#3931=EDGE_CURVE('',#3197,#3187,#1375,.T.);
#3932=EDGE_CURVE('',#3198,#3199,#1376,.T.);
#3933=EDGE_CURVE('',#3200,#3198,#1377,.T.);
#3934=EDGE_CURVE('',#3201,#3200,#1378,.T.);
#3935=EDGE_CURVE('',#3202,#3201,#1379,.T.);
#3936=EDGE_CURVE('',#3203,#3202,#1380,.T.);
#3937=EDGE_CURVE('',#3199,#3203,#1381,.T.);
#3938=EDGE_CURVE('',#3204,#3199,#1382,.T.);
#3939=EDGE_CURVE('',#3204,#3205,#1383,.T.);
#3940=EDGE_CURVE('',#3205,#3198,#1384,.T.);
#3941=EDGE_CURVE('',#3205,#3206,#1385,.T.);
#3942=EDGE_CURVE('',#3206,#3200,#1386,.T.);
#3943=EDGE_CURVE('',#3206,#3207,#1387,.T.);
#3944=EDGE_CURVE('',#3207,#3201,#1388,.T.);
#3945=EDGE_CURVE('',#3207,#3208,#1389,.T.);
#3946=EDGE_CURVE('',#3208,#3202,#1390,.T.);
#3947=EDGE_CURVE('',#3208,#3209,#1391,.T.);
#3948=EDGE_CURVE('',#3209,#3203,#1392,.T.);
#3949=EDGE_CURVE('',#3209,#3204,#1393,.T.);
#3950=EDGE_CURVE('',#3210,#3211,#1394,.T.);
#3951=EDGE_CURVE('',#3212,#3210,#1395,.T.);
#3952=EDGE_CURVE('',#3213,#3212,#1396,.T.);
#3953=EDGE_CURVE('',#3214,#3213,#1397,.T.);
#3954=EDGE_CURVE('',#3215,#3214,#1398,.T.);
#3955=EDGE_CURVE('',#3211,#3215,#1399,.T.);
#3956=EDGE_CURVE('',#3216,#3211,#1400,.T.);
#3957=EDGE_CURVE('',#3216,#3217,#1401,.T.);
#3958=EDGE_CURVE('',#3217,#3210,#1402,.T.);
#3959=EDGE_CURVE('',#3217,#3218,#1403,.T.);
#3960=EDGE_CURVE('',#3218,#3212,#1404,.T.);
#3961=EDGE_CURVE('',#3218,#3219,#1405,.T.);
#3962=EDGE_CURVE('',#3219,#3213,#1406,.T.);
#3963=EDGE_CURVE('',#3219,#3220,#1407,.T.);
#3964=EDGE_CURVE('',#3220,#3214,#1408,.T.);
#3965=EDGE_CURVE('',#3220,#3221,#1409,.T.);
#3966=EDGE_CURVE('',#3221,#3215,#1410,.T.);
#3967=EDGE_CURVE('',#3221,#3216,#1411,.T.);
#3968=EDGE_CURVE('',#3222,#3223,#1412,.T.);
#3969=EDGE_CURVE('',#3224,#3222,#1413,.T.);
#3970=EDGE_CURVE('',#3225,#3224,#1414,.T.);
#3971=EDGE_CURVE('',#3226,#3225,#1415,.T.);
#3972=EDGE_CURVE('',#3227,#3226,#1416,.T.);
#3973=EDGE_CURVE('',#3223,#3227,#1417,.T.);
#3974=EDGE_CURVE('',#3228,#3223,#1418,.T.);
#3975=EDGE_CURVE('',#3228,#3229,#1419,.T.);
#3976=EDGE_CURVE('',#3229,#3222,#1420,.T.);
#3977=EDGE_CURVE('',#3229,#3230,#1421,.T.);
#3978=EDGE_CURVE('',#3230,#3224,#1422,.T.);
#3979=EDGE_CURVE('',#3230,#3231,#1423,.T.);
#3980=EDGE_CURVE('',#3231,#3225,#1424,.T.);
#3981=EDGE_CURVE('',#3231,#3232,#1425,.T.);
#3982=EDGE_CURVE('',#3232,#3226,#1426,.T.);
#3983=EDGE_CURVE('',#3232,#3233,#1427,.T.);
#3984=EDGE_CURVE('',#3233,#3227,#1428,.T.);
#3985=EDGE_CURVE('',#3233,#3228,#1429,.T.);
#3986=EDGE_CURVE('',#3101,#3234,#1430,.T.);
#3987=EDGE_CURVE('',#3235,#3234,#1431,.T.);
#3988=EDGE_CURVE('',#3235,#3236,#1432,.T.);
#3989=EDGE_CURVE('',#3236,#3237,#1433,.T.);
#3990=EDGE_CURVE('',#3194,#3237,#1434,.T.);
#3991=EDGE_CURVE('',#3238,#3239,#2978,.T.);
#3992=EDGE_CURVE('',#3099,#3239,#1435,.T.);
#3993=EDGE_CURVE('',#3098,#3238,#1436,.T.);
#3994=EDGE_CURVE('',#3240,#3238,#1437,.T.);
#3995=EDGE_CURVE('',#3098,#3097,#1438,.T.);
#3996=EDGE_CURVE('',#3097,#3240,#1439,.T.);
#3997=EDGE_CURVE('',#3241,#3240,#1440,.T.);
#3998=EDGE_CURVE('',#3242,#3097,#1441,.T.);
#3999=EDGE_CURVE('',#3242,#3241,#1442,.T.);
#4000=EDGE_CURVE('',#3241,#3243,#2979,.T.);
#4001=EDGE_CURVE('',#3244,#3242,#2980,.T.);
#4002=EDGE_CURVE('',#3244,#3243,#1443,.T.);
#4003=EDGE_CURVE('',#3245,#3243,#1444,.T.);
#4004=EDGE_CURVE('',#3246,#3244,#1445,.T.);
#4005=EDGE_CURVE('',#3246,#3245,#1446,.T.);
#4006=EDGE_CURVE('',#3245,#3247,#2981,.T.);
#4007=EDGE_CURVE('',#3248,#3246,#2982,.T.);
#4008=EDGE_CURVE('',#3248,#3247,#1447,.T.);
#4009=EDGE_CURVE('',#3249,#3249,#2983,.T.);
#4010=EDGE_CURVE('',#3249,#3250,#1448,.T.);
#4011=EDGE_CURVE('',#3250,#3250,#2984,.T.);
#4012=EDGE_CURVE('',#3251,#3251,#2985,.T.);
#4013=EDGE_CURVE('',#3251,#3252,#1449,.T.);
#4014=EDGE_CURVE('',#3252,#3252,#2986,.T.);
#4015=EDGE_CURVE('',#3253,#3253,#2987,.T.);
#4016=EDGE_CURVE('',#3253,#3254,#1450,.T.);
#4017=EDGE_CURVE('',#3254,#3254,#2988,.T.);
#4018=EDGE_CURVE('',#3255,#3256,#2989,.T.);
#4019=EDGE_CURVE('',#3257,#3255,#1451,.T.);
#4020=EDGE_CURVE('',#3258,#3257,#2990,.T.);
#4021=EDGE_CURVE('',#3258,#3256,#1452,.T.);
#4022=EDGE_CURVE('',#3259,#3256,#1453,.T.);
#4023=EDGE_CURVE('',#3260,#3258,#1454,.T.);
#4024=EDGE_CURVE('',#3260,#3259,#1455,.T.);
#4025=EDGE_CURVE('',#3259,#3261,#2991,.T.);
#4026=EDGE_CURVE('',#3262,#3260,#2992,.T.);
#4027=EDGE_CURVE('',#3262,#3261,#1456,.T.);
#4028=EDGE_CURVE('',#3236,#3261,#1457,.T.);
#4029=EDGE_CURVE('',#3237,#3262,#1458,.T.);
#4030=EDGE_CURVE('',#3263,#3263,#2993,.T.);
#4031=EDGE_CURVE('',#3263,#3264,#1459,.T.);
#4032=EDGE_CURVE('',#3264,#3264,#2994,.T.);
#4033=EDGE_CURVE('',#3265,#3265,#2995,.T.);
#4034=EDGE_CURVE('',#3265,#3266,#1460,.T.);
#4035=EDGE_CURVE('',#3266,#3266,#2996,.T.);
#4036=EDGE_CURVE('',#3267,#3267,#2997,.T.);
#4037=EDGE_CURVE('',#3267,#3268,#1461,.T.);
#4038=EDGE_CURVE('',#3268,#3268,#2998,.T.);
#4039=EDGE_CURVE('',#3269,#3270,#1462,.T.);
#4040=EDGE_CURVE('',#3270,#3271,#1463,.T.);
#4041=EDGE_CURVE('',#3271,#3272,#1464,.T.);
#4042=EDGE_CURVE('',#3272,#3273,#1465,.T.);
#4043=EDGE_CURVE('',#3273,#3274,#1466,.T.);
#4044=EDGE_CURVE('',#3274,#3269,#1467,.T.);
#4045=EDGE_CURVE('',#3275,#3269,#1468,.T.);
#4046=EDGE_CURVE('',#3275,#3276,#1469,.T.);
#4047=EDGE_CURVE('',#3276,#3270,#1470,.T.);
#4048=EDGE_CURVE('',#3277,#3274,#1471,.T.);
#4049=EDGE_CURVE('',#3277,#3275,#1472,.T.);
#4050=EDGE_CURVE('',#3278,#3273,#1473,.T.);
#4051=EDGE_CURVE('',#3278,#3277,#1474,.T.);
#4052=EDGE_CURVE('',#3279,#3272,#1475,.T.);
#4053=EDGE_CURVE('',#3279,#3278,#1476,.T.);
#4054=EDGE_CURVE('',#3280,#3271,#1477,.T.);
#4055=EDGE_CURVE('',#3280,#3279,#1478,.T.);
#4056=EDGE_CURVE('',#3276,#3280,#1479,.T.);
#4057=EDGE_CURVE('',#3281,#3282,#1480,.T.);
#4058=EDGE_CURVE('',#3282,#3283,#1481,.T.);
#4059=EDGE_CURVE('',#3283,#3284,#1482,.T.);
#4060=EDGE_CURVE('',#3284,#3285,#1483,.T.);
#4061=EDGE_CURVE('',#3285,#3286,#1484,.T.);
#4062=EDGE_CURVE('',#3286,#3281,#1485,.T.);
#4063=EDGE_CURVE('',#3287,#3281,#1486,.T.);
#4064=EDGE_CURVE('',#3287,#3288,#1487,.T.);
#4065=EDGE_CURVE('',#3288,#3282,#1488,.T.);
#4066=EDGE_CURVE('',#3289,#3286,#1489,.T.);
#4067=EDGE_CURVE('',#3289,#3287,#1490,.T.);
#4068=EDGE_CURVE('',#3290,#3285,#1491,.T.);
#4069=EDGE_CURVE('',#3290,#3289,#1492,.T.);
#4070=EDGE_CURVE('',#3291,#3284,#1493,.T.);
#4071=EDGE_CURVE('',#3291,#3290,#1494,.T.);
#4072=EDGE_CURVE('',#3292,#3283,#1495,.T.);
#4073=EDGE_CURVE('',#3292,#3291,#1496,.T.);
#4074=EDGE_CURVE('',#3288,#3292,#1497,.T.);
#4075=EDGE_CURVE('',#3293,#3294,#1498,.T.);
#4076=EDGE_CURVE('',#3294,#3295,#1499,.T.);
#4077=EDGE_CURVE('',#3295,#3296,#1500,.T.);
#4078=EDGE_CURVE('',#3296,#3297,#1501,.T.);
#4079=EDGE_CURVE('',#3297,#3298,#1502,.T.);
#4080=EDGE_CURVE('',#3298,#3293,#1503,.T.);
#4081=EDGE_CURVE('',#3299,#3293,#1504,.T.);
#4082=EDGE_CURVE('',#3299,#3300,#1505,.T.);
#4083=EDGE_CURVE('',#3300,#3294,#1506,.T.);
#4084=EDGE_CURVE('',#3301,#3298,#1507,.T.);
#4085=EDGE_CURVE('',#3301,#3299,#1508,.T.);
#4086=EDGE_CURVE('',#3302,#3297,#1509,.T.);
#4087=EDGE_CURVE('',#3302,#3301,#1510,.T.);
#4088=EDGE_CURVE('',#3303,#3296,#1511,.T.);
#4089=EDGE_CURVE('',#3303,#3302,#1512,.T.);
#4090=EDGE_CURVE('',#3304,#3295,#1513,.T.);
#4091=EDGE_CURVE('',#3304,#3303,#1514,.T.);
#4092=EDGE_CURVE('',#3300,#3304,#1515,.T.);
#4093=EDGE_CURVE('',#3180,#3235,#1516,.T.);
#4094=EDGE_CURVE('',#3234,#3181,#1517,.T.);
#4095=EDGE_CURVE('',#3305,#3255,#1518,.T.);
#4096=EDGE_CURVE('',#3179,#3306,#1519,.T.);
#4097=EDGE_CURVE('',#3306,#3307,#2999,.T.);
#4098=EDGE_CURVE('',#3307,#3308,#1520,.T.);
#4099=EDGE_CURVE('',#3308,#3305,#3000,.T.);
#4100=EDGE_CURVE('',#3309,#3309,#3001,.T.);
#4101=EDGE_CURVE('',#3310,#3310,#3002,.T.);
#4102=EDGE_CURVE('',#3311,#3311,#3003,.T.);
#4103=EDGE_CURVE('',#3312,#3305,#1521,.T.);
#4104=EDGE_CURVE('',#3312,#3257,#1522,.T.);
#4105=EDGE_CURVE('',#3313,#3308,#1523,.T.);
#4106=EDGE_CURVE('',#3312,#3313,#3004,.T.);
#4107=EDGE_CURVE('',#3314,#3307,#1524,.T.);
#4108=EDGE_CURVE('',#3314,#3313,#1525,.T.);
#4109=EDGE_CURVE('',#3315,#3306,#1526,.T.);
#4110=EDGE_CURVE('',#3314,#3315,#3005,.T.);
#4111=EDGE_CURVE('',#3178,#3315,#1527,.T.);
#4112=EDGE_CURVE('',#3316,#3316,#3006,.T.);
#4113=EDGE_CURVE('',#3316,#3311,#1528,.T.);
#4114=EDGE_CURVE('',#3317,#3317,#3007,.T.);
#4115=EDGE_CURVE('',#3317,#3310,#1529,.T.);
#4116=EDGE_CURVE('',#3318,#3318,#3008,.T.);
#4117=EDGE_CURVE('',#3318,#3309,#1530,.T.);
#4118=EDGE_CURVE('',#3319,#3320,#1531,.T.);
#4119=EDGE_CURVE('',#3320,#3321,#1532,.T.);
#4120=EDGE_CURVE('',#3321,#3322,#1533,.T.);
#4121=EDGE_CURVE('',#3322,#3323,#1534,.T.);
#4122=EDGE_CURVE('',#3323,#3324,#1535,.T.);
#4123=EDGE_CURVE('',#3324,#3319,#1536,.T.);
#4124=EDGE_CURVE('',#3325,#3319,#1537,.T.);
#4125=EDGE_CURVE('',#3325,#3326,#1538,.T.);
#4126=EDGE_CURVE('',#3326,#3320,#1539,.T.);
#4127=EDGE_CURVE('',#3327,#3324,#1540,.T.);
#4128=EDGE_CURVE('',#3327,#3325,#1541,.T.);
#4129=EDGE_CURVE('',#3328,#3323,#1542,.T.);
#4130=EDGE_CURVE('',#3328,#3327,#1543,.T.);
#4131=EDGE_CURVE('',#3329,#3322,#1544,.T.);
#4132=EDGE_CURVE('',#3329,#3328,#1545,.T.);
#4133=EDGE_CURVE('',#3330,#3321,#1546,.T.);
#4134=EDGE_CURVE('',#3330,#3329,#1547,.T.);
#4135=EDGE_CURVE('',#3326,#3330,#1548,.T.);
#4136=EDGE_CURVE('',#3331,#3332,#1549,.T.);
#4137=EDGE_CURVE('',#3332,#3333,#1550,.T.);
#4138=EDGE_CURVE('',#3333,#3334,#1551,.T.);
#4139=EDGE_CURVE('',#3334,#3335,#1552,.T.);
#4140=EDGE_CURVE('',#3335,#3336,#1553,.T.);
#4141=EDGE_CURVE('',#3336,#3331,#1554,.T.);
#4142=EDGE_CURVE('',#3337,#3331,#1555,.T.);
#4143=EDGE_CURVE('',#3337,#3338,#1556,.T.);
#4144=EDGE_CURVE('',#3338,#3332,#1557,.T.);
#4145=EDGE_CURVE('',#3339,#3336,#1558,.T.);
#4146=EDGE_CURVE('',#3339,#3337,#1559,.T.);
#4147=EDGE_CURVE('',#3340,#3335,#1560,.T.);
#4148=EDGE_CURVE('',#3340,#3339,#1561,.T.);
#4149=EDGE_CURVE('',#3341,#3334,#1562,.T.);
#4150=EDGE_CURVE('',#3341,#3340,#1563,.T.);
#4151=EDGE_CURVE('',#3342,#3333,#1564,.T.);
#4152=EDGE_CURVE('',#3342,#3341,#1565,.T.);
#4153=EDGE_CURVE('',#3338,#3342,#1566,.T.);
#4154=EDGE_CURVE('',#3343,#3344,#1567,.T.);
#4155=EDGE_CURVE('',#3344,#3345,#1568,.T.);
#4156=EDGE_CURVE('',#3345,#3346,#1569,.T.);
#4157=EDGE_CURVE('',#3346,#3347,#1570,.T.);
#4158=EDGE_CURVE('',#3347,#3348,#1571,.T.);
#4159=EDGE_CURVE('',#3348,#3343,#1572,.T.);
#4160=EDGE_CURVE('',#3349,#3343,#1573,.T.);
#4161=EDGE_CURVE('',#3349,#3350,#1574,.T.);
#4162=EDGE_CURVE('',#3350,#3344,#1575,.T.);
#4163=EDGE_CURVE('',#3351,#3348,#1576,.T.);
#4164=EDGE_CURVE('',#3351,#3349,#1577,.T.);
#4165=EDGE_CURVE('',#3352,#3347,#1578,.T.);
#4166=EDGE_CURVE('',#3352,#3351,#1579,.T.);
#4167=EDGE_CURVE('',#3353,#3346,#1580,.T.);
#4168=EDGE_CURVE('',#3353,#3352,#1581,.T.);
#4169=EDGE_CURVE('',#3354,#3345,#1582,.T.);
#4170=EDGE_CURVE('',#3354,#3353,#1583,.T.);
#4171=EDGE_CURVE('',#3350,#3354,#1584,.T.);
#4172=EDGE_CURVE('',#3355,#3239,#1585,.T.);
#4173=EDGE_CURVE('',#3247,#3356,#1586,.T.);
#4174=EDGE_CURVE('',#3356,#3357,#3009,.T.);
#4175=EDGE_CURVE('',#3357,#3358,#1587,.T.);
#4176=EDGE_CURVE('',#3358,#3359,#3010,.T.);
#4177=EDGE_CURVE('',#3359,#3360,#1588,.T.);
#4178=EDGE_CURVE('',#3360,#3361,#1589,.T.);
#4179=EDGE_CURVE('',#3355,#3361,#3011,.T.);
#4180=EDGE_CURVE('',#3362,#3362,#3012,.T.);
#4181=EDGE_CURVE('',#3363,#3363,#3013,.T.);
#4182=EDGE_CURVE('',#3364,#3364,#3014,.T.);
#4183=EDGE_CURVE('',#3102,#3101,#1590,.T.);
#4184=EDGE_CURVE('',#3365,#3102,#1591,.T.);
#4185=EDGE_CURVE('',#3365,#3366,#3015,.T.);
#4186=EDGE_CURVE('',#3367,#3366,#1592,.T.);
#4187=EDGE_CURVE('',#3367,#3368,#3016,.T.);
#4188=EDGE_CURVE('',#3248,#3368,#1593,.T.);
#4189=EDGE_CURVE('',#3369,#3369,#3017,.T.);
#4190=EDGE_CURVE('',#3370,#3370,#3018,.T.);
#4191=EDGE_CURVE('',#3371,#3371,#3019,.T.);
#4192=EDGE_CURVE('',#3100,#3355,#1594,.T.);
#4193=EDGE_CURVE('',#3101,#3361,#1595,.T.);
#4194=EDGE_CURVE('',#3102,#3360,#1596,.T.);
#4195=EDGE_CURVE('',#3365,#3359,#1597,.T.);
#4196=EDGE_CURVE('',#3366,#3358,#1598,.T.);
#4197=EDGE_CURVE('',#3367,#3357,#1599,.T.);
#4198=EDGE_CURVE('',#3368,#3356,#1600,.T.);
#4199=EDGE_CURVE('',#3371,#3364,#1601,.T.);
#4200=EDGE_CURVE('',#3370,#3363,#1602,.T.);
#4201=EDGE_CURVE('',#3369,#3362,#1603,.T.);
#4202=EDGE_CURVE('',#3372,#3373,#1604,.T.);
#4203=EDGE_CURVE('',#3374,#3372,#1605,.T.);
#4204=EDGE_CURVE('',#3374,#3375,#1606,.T.);
#4205=EDGE_CURVE('',#3375,#3373,#1607,.T.);
#4206=EDGE_CURVE('',#3376,#3377,#1608,.T.);
#4207=EDGE_CURVE('',#3376,#3378,#1609,.T.);
#4208=EDGE_CURVE('',#3378,#3379,#1610,.T.);
#4209=EDGE_CURVE('',#3377,#3379,#1611,.T.);
#4210=EDGE_CURVE('',#3380,#3381,#1612,.T.);
#4211=EDGE_CURVE('',#3372,#3380,#1613,.T.);
#4212=EDGE_CURVE('',#3373,#3381,#1614,.T.);
#4213=EDGE_CURVE('',#3378,#3382,#1615,.T.);
#4214=EDGE_CURVE('',#3382,#3383,#1616,.T.);
#4215=EDGE_CURVE('',#3379,#3383,#1617,.T.);
#4216=EDGE_CURVE('',#3384,#3385,#1618,.T.);
#4217=EDGE_CURVE('',#3380,#3384,#1619,.T.);
#4218=EDGE_CURVE('',#3381,#3385,#1620,.T.);
#4219=EDGE_CURVE('',#3382,#3386,#1621,.T.);
#4220=EDGE_CURVE('',#3386,#3387,#1622,.T.);
#4221=EDGE_CURVE('',#3383,#3387,#1623,.T.);
#4222=EDGE_CURVE('',#3384,#3374,#1624,.T.);
#4223=EDGE_CURVE('',#3385,#3388,#1625,.T.);
#4224=EDGE_CURVE('',#3389,#3388,#1626,.T.);
#4225=EDGE_CURVE('',#3389,#3375,#1627,.T.);
#4226=EDGE_CURVE('',#3386,#3376,#1628,.T.);
#4227=EDGE_CURVE('',#3387,#3377,#1629,.T.);
#4228=EDGE_CURVE('',#3379,#3373,#1630,.T.);
#4229=EDGE_CURVE('',#3377,#3375,#1631,.T.);
#4230=EDGE_CURVE('',#3383,#3381,#1632,.T.);
#4231=EDGE_CURVE('',#3387,#3385,#1633,.T.);
#4232=EDGE_CURVE('',#3390,#3391,#1634,.T.);
#4233=EDGE_CURVE('',#3392,#3391,#1635,.T.);
#4234=EDGE_CURVE('',#3393,#3392,#1636,.T.);
#4235=EDGE_CURVE('',#3393,#3390,#1637,.T.);
#4236=EDGE_CURVE('',#3394,#3392,#1638,.T.);
#4237=EDGE_CURVE('',#3395,#3394,#1639,.T.);
#4238=EDGE_CURVE('',#3395,#3393,#1640,.T.);
#4239=EDGE_CURVE('',#3396,#3394,#1641,.T.);
#4240=EDGE_CURVE('',#3397,#3396,#1642,.T.);
#4241=EDGE_CURVE('',#3397,#3395,#1643,.T.);
#4242=EDGE_CURVE('',#3391,#3396,#1644,.T.);
#4243=EDGE_CURVE('',#3390,#3397,#1645,.T.);
#4244=EDGE_CURVE('',#3398,#3399,#1646,.T.);
#4245=EDGE_CURVE('',#3400,#3398,#1647,.T.);
#4246=EDGE_CURVE('',#3401,#3400,#1648,.T.);
#4247=EDGE_CURVE('',#3399,#3401,#1649,.T.);
#4248=EDGE_CURVE('',#3402,#3403,#1650,.T.);
#4249=EDGE_CURVE('',#3403,#3404,#1651,.T.);
#4250=EDGE_CURVE('',#3404,#3405,#1652,.T.);
#4251=EDGE_CURVE('',#3405,#3402,#1653,.T.);
#4252=EDGE_CURVE('',#3399,#3393,#1654,.T.);
#4253=EDGE_CURVE('',#3401,#3390,#1655,.T.);
#4254=EDGE_CURVE('',#3402,#3391,#1656,.T.);
#4255=EDGE_CURVE('',#3405,#3392,#1657,.T.);
#4256=EDGE_CURVE('',#3398,#3395,#1658,.T.);
#4257=EDGE_CURVE('',#3404,#3394,#1659,.T.);
#4258=EDGE_CURVE('',#3400,#3397,#1660,.T.);
#4259=EDGE_CURVE('',#3403,#3396,#1661,.T.);
#4260=EDGE_CURVE('',#3406,#3407,#1662,.T.);
#4261=EDGE_CURVE('',#3408,#3406,#1663,.T.);
#4262=EDGE_CURVE('',#3409,#3408,#1664,.T.);
#4263=EDGE_CURVE('',#3407,#3409,#1665,.T.);
#4264=EDGE_CURVE('',#3410,#3411,#1666,.T.);
#4265=EDGE_CURVE('',#3412,#3410,#3020,.T.);
#4266=EDGE_CURVE('',#3413,#3412,#1667,.T.);
#4267=EDGE_CURVE('',#3414,#3413,#3021,.T.);
#4268=EDGE_CURVE('',#3415,#3414,#1668,.T.);
#4269=EDGE_CURVE('',#3416,#3415,#1669,.T.);
#4270=EDGE_CURVE('',#3417,#3416,#3022,.T.);
#4271=EDGE_CURVE('',#3418,#3417,#1670,.T.);
#4272=EDGE_CURVE('',#3419,#3418,#3023,.T.);
#4273=EDGE_CURVE('',#3420,#3419,#1671,.T.);
#4274=EDGE_CURVE('',#3421,#3420,#1672,.T.);
#4275=EDGE_CURVE('',#3422,#3421,#1673,.T.);
#4276=EDGE_CURVE('',#3423,#3422,#3024,.T.);
#4277=EDGE_CURVE('',#3424,#3423,#1674,.T.);
#4278=EDGE_CURVE('',#3425,#3424,#3025,.T.);
#4279=EDGE_CURVE('',#3426,#3425,#1675,.T.);
#4280=EDGE_CURVE('',#3427,#3426,#1676,.T.);
#4281=EDGE_CURVE('',#3428,#3427,#3026,.T.);
#4282=EDGE_CURVE('',#3429,#3428,#1677,.T.);
#4283=EDGE_CURVE('',#3430,#3429,#1678,.T.);
#4284=EDGE_CURVE('',#3411,#3430,#1679,.T.);
#4285=EDGE_CURVE('',#3431,#3432,#1680,.T.);
#4286=EDGE_CURVE('',#3432,#3433,#1681,.T.);
#4287=EDGE_CURVE('',#3433,#3434,#1682,.T.);
#4288=EDGE_CURVE('',#3434,#3431,#1683,.T.);
#4289=EDGE_CURVE('',#3435,#3436,#1684,.T.);
#4290=EDGE_CURVE('',#3436,#3437,#1685,.T.);
#4291=EDGE_CURVE('',#3437,#3438,#1686,.T.);
#4292=EDGE_CURVE('',#3438,#3439,#1687,.T.);
#4293=EDGE_CURVE('',#3440,#3439,#3027,.T.);
#4294=EDGE_CURVE('',#3440,#3441,#1688,.T.);
#4295=EDGE_CURVE('',#3441,#3442,#1689,.T.);
#4296=EDGE_CURVE('',#3443,#3442,#3028,.T.);
#4297=EDGE_CURVE('',#3443,#3444,#1690,.T.);
#4298=EDGE_CURVE('',#3445,#3444,#3029,.T.);
#4299=EDGE_CURVE('',#3445,#3446,#1691,.T.);
#4300=EDGE_CURVE('',#3446,#3447,#1692,.T.);
#4301=EDGE_CURVE('',#3447,#3448,#1693,.T.);
#4302=EDGE_CURVE('',#3449,#3448,#3030,.T.);
#4303=EDGE_CURVE('',#3449,#3450,#1694,.T.);
#4304=EDGE_CURVE('',#3451,#3450,#3031,.T.);
#4305=EDGE_CURVE('',#3451,#3452,#1695,.T.);
#4306=EDGE_CURVE('',#3452,#3453,#1696,.T.);
#4307=EDGE_CURVE('',#3454,#3453,#3032,.T.);
#4308=EDGE_CURVE('',#3454,#3455,#1697,.T.);
#4309=EDGE_CURVE('',#3435,#3455,#3033,.T.);
#4310=EDGE_CURVE('',#3432,#3407,#1698,.T.);
#4311=EDGE_CURVE('',#3431,#3406,#1699,.T.);
#4312=EDGE_CURVE('',#3434,#3408,#1700,.T.);
#4313=EDGE_CURVE('',#3433,#3409,#1701,.T.);
#4314=EDGE_CURVE('',#3436,#3411,#1702,.T.);
#4315=EDGE_CURVE('',#3435,#3410,#1703,.T.);
#4316=EDGE_CURVE('',#3455,#3412,#1704,.T.);
#4317=EDGE_CURVE('',#3454,#3413,#1705,.T.);
#4318=EDGE_CURVE('',#3453,#3414,#1706,.T.);
#4319=EDGE_CURVE('',#3452,#3415,#1707,.T.);
#4320=EDGE_CURVE('',#3451,#3416,#1708,.T.);
#4321=EDGE_CURVE('',#3450,#3417,#1709,.T.);
#4322=EDGE_CURVE('',#3449,#3418,#1710,.T.);
#4323=EDGE_CURVE('',#3448,#3419,#1711,.T.);
#4324=EDGE_CURVE('',#3447,#3420,#1712,.T.);
#4325=EDGE_CURVE('',#3446,#3421,#1713,.T.);
#4326=EDGE_CURVE('',#3445,#3422,#1714,.T.);
#4327=EDGE_CURVE('',#3444,#3423,#1715,.T.);
#4328=EDGE_CURVE('',#3443,#3424,#1716,.T.);
#4329=EDGE_CURVE('',#3442,#3425,#1717,.T.);
#4330=EDGE_CURVE('',#3441,#3426,#1718,.T.);
#4331=EDGE_CURVE('',#3440,#3427,#1719,.T.);
#4332=EDGE_CURVE('',#3439,#3428,#1720,.T.);
#4333=EDGE_CURVE('',#3438,#3429,#1721,.T.);
#4334=EDGE_CURVE('',#3437,#3430,#1722,.T.);
#4335=EDGE_CURVE('',#3456,#3457,#1723,.T.);
#4336=EDGE_CURVE('',#3458,#3456,#1724,.T.);
#4337=EDGE_CURVE('',#3459,#3458,#1725,.T.);
#4338=EDGE_CURVE('',#3457,#3459,#1726,.T.);
#4339=EDGE_CURVE('',#3460,#3460,#3034,.T.);
#4340=EDGE_CURVE('',#3461,#3461,#3035,.T.);
#4341=EDGE_CURVE('',#3462,#3462,#3036,.T.);
#4342=EDGE_CURVE('',#3463,#3463,#3037,.T.);
#4343=EDGE_CURVE('',#3464,#3464,#3038,.T.);
#4344=EDGE_CURVE('',#3465,#3465,#3039,.T.);
#4345=EDGE_CURVE('',#3466,#3466,#3040,.T.);
#4346=EDGE_CURVE('',#3467,#3467,#3041,.T.);
#4347=EDGE_CURVE('',#3468,#3468,#3042,.T.);
#4348=EDGE_CURVE('',#3469,#3469,#3043,.T.);
#4349=EDGE_CURVE('',#3470,#3470,#3044,.T.);
#4350=EDGE_CURVE('',#3471,#3471,#3045,.T.);
#4351=EDGE_CURVE('',#3472,#3473,#1727,.T.);
#4352=EDGE_CURVE('',#3473,#3474,#1728,.T.);
#4353=EDGE_CURVE('',#3474,#3475,#1729,.T.);
#4354=EDGE_CURVE('',#3475,#3472,#1730,.T.);
#4355=EDGE_CURVE('',#3476,#3476,#3046,.T.);
#4356=EDGE_CURVE('',#3477,#3477,#3047,.T.);
#4357=EDGE_CURVE('',#3478,#3478,#3048,.T.);
#4358=EDGE_CURVE('',#3479,#3479,#3049,.T.);
#4359=EDGE_CURVE('',#3480,#3480,#3050,.T.);
#4360=EDGE_CURVE('',#3481,#3481,#3051,.T.);
#4361=EDGE_CURVE('',#3482,#3482,#3052,.T.);
#4362=EDGE_CURVE('',#3483,#3483,#3053,.T.);
#4363=EDGE_CURVE('',#3484,#3484,#3054,.T.);
#4364=EDGE_CURVE('',#3485,#3485,#3055,.T.);
#4365=EDGE_CURVE('',#3486,#3486,#3056,.T.);
#4366=EDGE_CURVE('',#3487,#3487,#3057,.T.);
#4367=EDGE_CURVE('',#3473,#3457,#1731,.T.);
#4368=EDGE_CURVE('',#3472,#3456,#1732,.T.);
#4369=EDGE_CURVE('',#3475,#3458,#1733,.T.);
#4370=EDGE_CURVE('',#3474,#3459,#1734,.T.);
#4371=EDGE_CURVE('',#3487,#3471,#1735,.T.);
#4372=EDGE_CURVE('',#3486,#3470,#1736,.T.);
#4373=EDGE_CURVE('',#3485,#3469,#1737,.T.);
#4374=EDGE_CURVE('',#3484,#3468,#1738,.T.);
#4375=EDGE_CURVE('',#3483,#3467,#1739,.T.);
#4376=EDGE_CURVE('',#3482,#3466,#1740,.T.);
#4377=EDGE_CURVE('',#3481,#3465,#1741,.T.);
#4378=EDGE_CURVE('',#3480,#3464,#1742,.T.);
#4379=EDGE_CURVE('',#3479,#3463,#1743,.T.);
#4380=EDGE_CURVE('',#3478,#3462,#1744,.T.);
#4381=EDGE_CURVE('',#3477,#3461,#1745,.T.);
#4382=EDGE_CURVE('',#3476,#3460,#1746,.T.);
#4383=EDGE_CURVE('',#3488,#3489,#1747,.T.);
#4384=EDGE_CURVE('',#3490,#3488,#1748,.T.);
#4385=EDGE_CURVE('',#3490,#3491,#1749,.T.);
#4386=EDGE_CURVE('',#3491,#3489,#1750,.T.);
#4387=EDGE_CURVE('',#3489,#3492,#1751,.T.);
#4388=EDGE_CURVE('',#3491,#3493,#1752,.T.);
#4389=EDGE_CURVE('',#3493,#3492,#1753,.T.);
#4390=EDGE_CURVE('',#3492,#3494,#1754,.T.);
#4391=EDGE_CURVE('',#3493,#3495,#1755,.T.);
#4392=EDGE_CURVE('',#3495,#3494,#1756,.T.);
#4393=EDGE_CURVE('',#3494,#3488,#1757,.T.);
#4394=EDGE_CURVE('',#3495,#3490,#1758,.T.);
#4395=EDGE_CURVE('',#3496,#3497,#1759,.T.);
#4396=EDGE_CURVE('',#3498,#3497,#1760,.T.);
#4397=EDGE_CURVE('',#3499,#3498,#1761,.T.);
#4398=EDGE_CURVE('',#3499,#3496,#1762,.T.);
#4399=EDGE_CURVE('',#3500,#3498,#1763,.T.);
#4400=EDGE_CURVE('',#3501,#3500,#1764,.T.);
#4401=EDGE_CURVE('',#3499,#3501,#1765,.T.);
#4402=EDGE_CURVE('',#3496,#3502,#1766,.T.);
#4403=EDGE_CURVE('',#3502,#3503,#1767,.T.);
#4404=EDGE_CURVE('',#3503,#3497,#1768,.T.);
#4405=EDGE_CURVE('',#3504,#3505,#1769,.T.);
#4406=EDGE_CURVE('',#3505,#3506,#1770,.T.);
#4407=EDGE_CURVE('',#3506,#3507,#1771,.T.);
#4408=EDGE_CURVE('',#3507,#3508,#1772,.T.);
#4409=EDGE_CURVE('',#3508,#3509,#1773,.T.);
#4410=EDGE_CURVE('',#3509,#3510,#1774,.T.);
#4411=EDGE_CURVE('',#3510,#3511,#1775,.T.);
#4412=EDGE_CURVE('',#3511,#3512,#1776,.T.);
#4413=EDGE_CURVE('',#3512,#3513,#1777,.T.);
#4414=EDGE_CURVE('',#3513,#3514,#1778,.T.);
#4415=EDGE_CURVE('',#3514,#3515,#1779,.T.);
#4416=EDGE_CURVE('',#3515,#3504,#1780,.T.);
#4417=EDGE_CURVE('',#3516,#3517,#1781,.T.);
#4418=EDGE_CURVE('',#3517,#3518,#1782,.T.);
#4419=EDGE_CURVE('',#3518,#3519,#1783,.T.);
#4420=EDGE_CURVE('',#3519,#3520,#1784,.T.);
#4421=EDGE_CURVE('',#3520,#3521,#1785,.T.);
#4422=EDGE_CURVE('',#3521,#3522,#1786,.T.);
#4423=EDGE_CURVE('',#3522,#3523,#1787,.T.);
#4424=EDGE_CURVE('',#3523,#3524,#1788,.T.);
#4425=EDGE_CURVE('',#3524,#3525,#1789,.T.);
#4426=EDGE_CURVE('',#3525,#3526,#1790,.T.);
#4427=EDGE_CURVE('',#3526,#3527,#1791,.T.);
#4428=EDGE_CURVE('',#3527,#3516,#1792,.T.);
#4429=EDGE_CURVE('',#3528,#3529,#1793,.T.);
#4430=EDGE_CURVE('',#3530,#3529,#1794,.T.);
#4431=EDGE_CURVE('',#3531,#3530,#1795,.T.);
#4432=EDGE_CURVE('',#3531,#3528,#1796,.T.);
#4433=EDGE_CURVE('',#3529,#3532,#1797,.T.);
#4434=EDGE_CURVE('',#3533,#3532,#1798,.T.);
#4435=EDGE_CURVE('',#3530,#3533,#1799,.T.);
#4436=EDGE_CURVE('',#3532,#3534,#1800,.T.);
#4437=EDGE_CURVE('',#3535,#3534,#1801,.T.);
#4438=EDGE_CURVE('',#3533,#3535,#1802,.T.);
#4439=EDGE_CURVE('',#3534,#3536,#1803,.T.);
#4440=EDGE_CURVE('',#3537,#3536,#1804,.T.);
#4441=EDGE_CURVE('',#3535,#3537,#1805,.T.);
#4442=EDGE_CURVE('',#3536,#3538,#1806,.T.);
#4443=EDGE_CURVE('',#3539,#3538,#1807,.T.);
#4444=EDGE_CURVE('',#3537,#3539,#1808,.T.);
#4445=EDGE_CURVE('',#3538,#3540,#1809,.T.);
#4446=EDGE_CURVE('',#3541,#3540,#1810,.T.);
#4447=EDGE_CURVE('',#3539,#3541,#1811,.T.);
#4448=EDGE_CURVE('',#3540,#3542,#1812,.T.);
#4449=EDGE_CURVE('',#3543,#3542,#1813,.T.);
#4450=EDGE_CURVE('',#3541,#3543,#1814,.T.);
#4451=EDGE_CURVE('',#3542,#3544,#1815,.T.);
#4452=EDGE_CURVE('',#3545,#3544,#1816,.T.);
#4453=EDGE_CURVE('',#3543,#3545,#1817,.T.);
#4454=EDGE_CURVE('',#3544,#3546,#1818,.T.);
#4455=EDGE_CURVE('',#3547,#3546,#1819,.T.);
#4456=EDGE_CURVE('',#3545,#3547,#1820,.T.);
#4457=EDGE_CURVE('',#3546,#3548,#1821,.T.);
#4458=EDGE_CURVE('',#3549,#3548,#1822,.T.);
#4459=EDGE_CURVE('',#3547,#3549,#1823,.T.);
#4460=EDGE_CURVE('',#3548,#3550,#1824,.T.);
#4461=EDGE_CURVE('',#3551,#3550,#1825,.T.);
#4462=EDGE_CURVE('',#3549,#3551,#1826,.T.);
#4463=EDGE_CURVE('',#3550,#3552,#1827,.T.);
#4464=EDGE_CURVE('',#3553,#3552,#1828,.T.);
#4465=EDGE_CURVE('',#3551,#3553,#1829,.T.);
#4466=EDGE_CURVE('',#3552,#3554,#1830,.T.);
#4467=EDGE_CURVE('',#3555,#3554,#1831,.T.);
#4468=EDGE_CURVE('',#3553,#3555,#1832,.T.);
#4469=EDGE_CURVE('',#3554,#3556,#1833,.T.);
#4470=EDGE_CURVE('',#3557,#3556,#1834,.T.);
#4471=EDGE_CURVE('',#3555,#3557,#1835,.T.);
#4472=EDGE_CURVE('',#3556,#3558,#1836,.T.);
#4473=EDGE_CURVE('',#3559,#3558,#1837,.T.);
#4474=EDGE_CURVE('',#3557,#3559,#1838,.T.);
#4475=EDGE_CURVE('',#3558,#3560,#1839,.T.);
#4476=EDGE_CURVE('',#3561,#3560,#1840,.T.);
#4477=EDGE_CURVE('',#3559,#3561,#1841,.T.);
#4478=EDGE_CURVE('',#3560,#3562,#1842,.T.);
#4479=EDGE_CURVE('',#3563,#3562,#1843,.T.);
#4480=EDGE_CURVE('',#3561,#3563,#1844,.T.);
#4481=EDGE_CURVE('',#3562,#3564,#1845,.T.);
#4482=EDGE_CURVE('',#3565,#3564,#1846,.T.);
#4483=EDGE_CURVE('',#3563,#3565,#1847,.T.);
#4484=EDGE_CURVE('',#3564,#3566,#1848,.T.);
#4485=EDGE_CURVE('',#3567,#3566,#1849,.T.);
#4486=EDGE_CURVE('',#3565,#3567,#1850,.T.);
#4487=EDGE_CURVE('',#3566,#3568,#1851,.T.);
#4488=EDGE_CURVE('',#3569,#3568,#1852,.T.);
#4489=EDGE_CURVE('',#3567,#3569,#1853,.T.);
#4490=EDGE_CURVE('',#3568,#3570,#1854,.T.);
#4491=EDGE_CURVE('',#3571,#3570,#1855,.T.);
#4492=EDGE_CURVE('',#3569,#3571,#1856,.T.);
#4493=EDGE_CURVE('',#3570,#3572,#1857,.T.);
#4494=EDGE_CURVE('',#3573,#3572,#1858,.T.);
#4495=EDGE_CURVE('',#3571,#3573,#1859,.T.);
#4496=EDGE_CURVE('',#3572,#3574,#1860,.T.);
#4497=EDGE_CURVE('',#3575,#3574,#1861,.T.);
#4498=EDGE_CURVE('',#3573,#3575,#1862,.T.);
#4499=EDGE_CURVE('',#3574,#3576,#1863,.T.);
#4500=EDGE_CURVE('',#3577,#3576,#1864,.T.);
#4501=EDGE_CURVE('',#3575,#3577,#1865,.T.);
#4502=EDGE_CURVE('',#3576,#3578,#1866,.T.);
#4503=EDGE_CURVE('',#3579,#3578,#1867,.T.);
#4504=EDGE_CURVE('',#3577,#3579,#1868,.T.);
#4505=EDGE_CURVE('',#3578,#3580,#1869,.T.);
#4506=EDGE_CURVE('',#3581,#3580,#1870,.T.);
#4507=EDGE_CURVE('',#3579,#3581,#1871,.T.);
#4508=EDGE_CURVE('',#3580,#3582,#1872,.T.);
#4509=EDGE_CURVE('',#3583,#3582,#1873,.T.);
#4510=EDGE_CURVE('',#3581,#3583,#1874,.T.);
#4511=EDGE_CURVE('',#3582,#3584,#1875,.T.);
#4512=EDGE_CURVE('',#3585,#3584,#1876,.T.);
#4513=EDGE_CURVE('',#3583,#3585,#1877,.T.);
#4514=EDGE_CURVE('',#3584,#3586,#1878,.T.);
#4515=EDGE_CURVE('',#3587,#3586,#1879,.T.);
#4516=EDGE_CURVE('',#3585,#3587,#1880,.T.);
#4517=EDGE_CURVE('',#3586,#3588,#1881,.T.);
#4518=EDGE_CURVE('',#3589,#3588,#1882,.T.);
#4519=EDGE_CURVE('',#3587,#3589,#1883,.T.);
#4520=EDGE_CURVE('',#3588,#3590,#1884,.T.);
#4521=EDGE_CURVE('',#3591,#3590,#1885,.T.);
#4522=EDGE_CURVE('',#3589,#3591,#1886,.T.);
#4523=EDGE_CURVE('',#3590,#3592,#1887,.T.);
#4524=EDGE_CURVE('',#3593,#3592,#1888,.T.);
#4525=EDGE_CURVE('',#3591,#3593,#1889,.T.);
#4526=EDGE_CURVE('',#3592,#3594,#1890,.T.);
#4527=EDGE_CURVE('',#3595,#3594,#1891,.T.);
#4528=EDGE_CURVE('',#3593,#3595,#1892,.T.);
#4529=EDGE_CURVE('',#3594,#3596,#1893,.T.);
#4530=EDGE_CURVE('',#3597,#3596,#1894,.T.);
#4531=EDGE_CURVE('',#3595,#3597,#1895,.T.);
#4532=EDGE_CURVE('',#3598,#3596,#3058,.T.);
#4533=EDGE_CURVE('',#3599,#3598,#1896,.T.);
#4534=EDGE_CURVE('',#3599,#3597,#3059,.T.);
#4535=EDGE_CURVE('',#3598,#3600,#1897,.T.);
#4536=EDGE_CURVE('',#3601,#3600,#1898,.T.);
#4537=EDGE_CURVE('',#3599,#3601,#1899,.T.);
#4538=EDGE_CURVE('',#3600,#3602,#3060,.T.);
#4539=EDGE_CURVE('',#3603,#3602,#1900,.T.);
#4540=EDGE_CURVE('',#3601,#3603,#3061,.T.);
#4541=EDGE_CURVE('',#3602,#3604,#1901,.T.);
#4542=EDGE_CURVE('',#3605,#3604,#1902,.T.);
#4543=EDGE_CURVE('',#3603,#3605,#1903,.T.);
#4544=EDGE_CURVE('',#3604,#3606,#1904,.T.);
#4545=EDGE_CURVE('',#3607,#3606,#1905,.T.);
#4546=EDGE_CURVE('',#3605,#3607,#1906,.T.);
#4547=EDGE_CURVE('',#3606,#3608,#3062,.T.);
#4548=EDGE_CURVE('',#3609,#3608,#1907,.T.);
#4549=EDGE_CURVE('',#3607,#3609,#3063,.T.);
#4550=EDGE_CURVE('',#3608,#3610,#1908,.T.);
#4551=EDGE_CURVE('',#3611,#3610,#1909,.T.);
#4552=EDGE_CURVE('',#3609,#3611,#1910,.T.);
#4553=EDGE_CURVE('',#3610,#3612,#3064,.T.);
#4554=EDGE_CURVE('',#3613,#3612,#1911,.T.);
#4555=EDGE_CURVE('',#3611,#3613,#3065,.T.);
#4556=EDGE_CURVE('',#3612,#3614,#1912,.T.);
#4557=EDGE_CURVE('',#3615,#3614,#1913,.T.);
#4558=EDGE_CURVE('',#3613,#3615,#1914,.T.);
#4559=EDGE_CURVE('',#3614,#3616,#1915,.T.);
#4560=EDGE_CURVE('',#3617,#3616,#1916,.T.);
#4561=EDGE_CURVE('',#3615,#3617,#1917,.T.);
#4562=EDGE_CURVE('',#3616,#3618,#3066,.T.);
#4563=EDGE_CURVE('',#3619,#3618,#1918,.T.);
#4564=EDGE_CURVE('',#3617,#3619,#3067,.T.);
#4565=EDGE_CURVE('',#3618,#3620,#1919,.T.);
#4566=EDGE_CURVE('',#3621,#3620,#1920,.T.);
#4567=EDGE_CURVE('',#3619,#3621,#1921,.T.);
#4568=EDGE_CURVE('',#3622,#3620,#3068,.T.);
#4569=EDGE_CURVE('',#3623,#3622,#1922,.T.);
#4570=EDGE_CURVE('',#3623,#3621,#3069,.T.);
#4571=EDGE_CURVE('',#3622,#3624,#1923,.T.);
#4572=EDGE_CURVE('',#3625,#3624,#1924,.T.);
#4573=EDGE_CURVE('',#3623,#3625,#1925,.T.);
#4574=EDGE_CURVE('',#3624,#3626,#1926,.T.);
#4575=EDGE_CURVE('',#3627,#3626,#1927,.T.);
#4576=EDGE_CURVE('',#3625,#3627,#1928,.T.);
#4577=EDGE_CURVE('',#3626,#3628,#1929,.T.);
#4578=EDGE_CURVE('',#3629,#3628,#1930,.T.);
#4579=EDGE_CURVE('',#3627,#3629,#1931,.T.);
#4580=EDGE_CURVE('',#3628,#3630,#1932,.T.);
#4581=EDGE_CURVE('',#3631,#3630,#1933,.T.);
#4582=EDGE_CURVE('',#3629,#3631,#1934,.T.);
#4583=EDGE_CURVE('',#3630,#3632,#1935,.T.);
#4584=EDGE_CURVE('',#3633,#3632,#1936,.T.);
#4585=EDGE_CURVE('',#3631,#3633,#1937,.T.);
#4586=EDGE_CURVE('',#3632,#3634,#1938,.T.);
#4587=EDGE_CURVE('',#3635,#3634,#1939,.T.);
#4588=EDGE_CURVE('',#3633,#3635,#1940,.T.);
#4589=EDGE_CURVE('',#3634,#3636,#1941,.T.);
#4590=EDGE_CURVE('',#3637,#3636,#1942,.T.);
#4591=EDGE_CURVE('',#3635,#3637,#1943,.T.);
#4592=EDGE_CURVE('',#3636,#3638,#1944,.T.);
#4593=EDGE_CURVE('',#3639,#3638,#1945,.T.);
#4594=EDGE_CURVE('',#3637,#3639,#1946,.T.);
#4595=EDGE_CURVE('',#3638,#3640,#1947,.T.);
#4596=EDGE_CURVE('',#3641,#3640,#1948,.T.);
#4597=EDGE_CURVE('',#3639,#3641,#1949,.T.);
#4598=EDGE_CURVE('',#3640,#3642,#1950,.T.);
#4599=EDGE_CURVE('',#3643,#3642,#1951,.T.);
#4600=EDGE_CURVE('',#3641,#3643,#1952,.T.);
#4601=EDGE_CURVE('',#3642,#3644,#1953,.T.);
#4602=EDGE_CURVE('',#3645,#3644,#1954,.T.);
#4603=EDGE_CURVE('',#3643,#3645,#1955,.T.);
#4604=EDGE_CURVE('',#3644,#3646,#1956,.T.);
#4605=EDGE_CURVE('',#3647,#3646,#1957,.T.);
#4606=EDGE_CURVE('',#3645,#3647,#1958,.T.);
#4607=EDGE_CURVE('',#3646,#3648,#1959,.T.);
#4608=EDGE_CURVE('',#3649,#3648,#1960,.T.);
#4609=EDGE_CURVE('',#3647,#3649,#1961,.T.);
#4610=EDGE_CURVE('',#3648,#3650,#1962,.T.);
#4611=EDGE_CURVE('',#3651,#3650,#1963,.T.);
#4612=EDGE_CURVE('',#3649,#3651,#1964,.T.);
#4613=EDGE_CURVE('',#3650,#3652,#1965,.T.);
#4614=EDGE_CURVE('',#3653,#3652,#1966,.T.);
#4615=EDGE_CURVE('',#3651,#3653,#1967,.T.);
#4616=EDGE_CURVE('',#3652,#3654,#1968,.T.);
#4617=EDGE_CURVE('',#3655,#3654,#1969,.T.);
#4618=EDGE_CURVE('',#3653,#3655,#1970,.T.);
#4619=EDGE_CURVE('',#3654,#3528,#1971,.T.);
#4620=EDGE_CURVE('',#3655,#3531,#1972,.T.);
#4621=EDGE_CURVE('',#3656,#3657,#1973,.T.);
#4622=EDGE_CURVE('',#3516,#3656,#1974,.T.);
#4623=EDGE_CURVE('',#3527,#3657,#1975,.T.);
#4624=EDGE_CURVE('',#3657,#3658,#1976,.T.);
#4625=EDGE_CURVE('',#3526,#3658,#1977,.T.);
#4626=EDGE_CURVE('',#3658,#3659,#1978,.T.);
#4627=EDGE_CURVE('',#3525,#3659,#1979,.T.);
#4628=EDGE_CURVE('',#3659,#3660,#1980,.T.);
#4629=EDGE_CURVE('',#3524,#3660,#1981,.T.);
#4630=EDGE_CURVE('',#3660,#3661,#1982,.T.);
#4631=EDGE_CURVE('',#3523,#3661,#1983,.T.);
#4632=EDGE_CURVE('',#3661,#3662,#1984,.T.);
#4633=EDGE_CURVE('',#3522,#3662,#1985,.T.);
#4634=EDGE_CURVE('',#3662,#3663,#1986,.T.);
#4635=EDGE_CURVE('',#3521,#3663,#1987,.T.);
#4636=EDGE_CURVE('',#3663,#3664,#1988,.T.);
#4637=EDGE_CURVE('',#3520,#3664,#1989,.T.);
#4638=EDGE_CURVE('',#3664,#3665,#1990,.T.);
#4639=EDGE_CURVE('',#3519,#3665,#1991,.T.);
#4640=EDGE_CURVE('',#3665,#3666,#1992,.T.);
#4641=EDGE_CURVE('',#3518,#3666,#1993,.T.);
#4642=EDGE_CURVE('',#3666,#3667,#1994,.T.);
#4643=EDGE_CURVE('',#3517,#3667,#1995,.T.);
#4644=EDGE_CURVE('',#3667,#3656,#1996,.T.);
#4645=EDGE_CURVE('',#3668,#3669,#1997,.T.);
#4646=EDGE_CURVE('',#3670,#3669,#1998,.T.);
#4647=EDGE_CURVE('',#3671,#3670,#1999,.T.);
#4648=EDGE_CURVE('',#3671,#3668,#2000,.T.);
#4649=EDGE_CURVE('',#3669,#3672,#2001,.T.);
#4650=EDGE_CURVE('',#3673,#3672,#2002,.T.);
#4651=EDGE_CURVE('',#3670,#3673,#2003,.T.);
#4652=EDGE_CURVE('',#3672,#3674,#2004,.T.);
#4653=EDGE_CURVE('',#3675,#3674,#2005,.T.);
#4654=EDGE_CURVE('',#3673,#3675,#2006,.T.);
#4655=EDGE_CURVE('',#3674,#3668,#2007,.T.);
#4656=EDGE_CURVE('',#3675,#3671,#2008,.T.);
#4657=EDGE_CURVE('',#3676,#3677,#2009,.T.);
#4658=EDGE_CURVE('',#3502,#3677,#2010,.T.);
#4659=EDGE_CURVE('',#3496,#3676,#2011,.T.);
#4660=EDGE_CURVE('',#3677,#3678,#2012,.T.);
#4661=EDGE_CURVE('',#3503,#3678,#2013,.T.);
#4662=EDGE_CURVE('',#3678,#3679,#2014,.T.);
#4663=EDGE_CURVE('',#3497,#3679,#2015,.T.);
#4664=EDGE_CURVE('',#3679,#3680,#2016,.T.);
#4665=EDGE_CURVE('',#3681,#3680,#2017,.T.);
#4666=EDGE_CURVE('',#3498,#3681,#2018,.T.);
#4667=EDGE_CURVE('',#3680,#3682,#2019,.T.);
#4668=EDGE_CURVE('',#3683,#3682,#2020,.T.);
#4669=EDGE_CURVE('',#3681,#3683,#2021,.T.);
#4670=EDGE_CURVE('',#3682,#3684,#2022,.T.);
#4671=EDGE_CURVE('',#3685,#3684,#2023,.T.);
#4672=EDGE_CURVE('',#3683,#3685,#2024,.T.);
#4673=EDGE_CURVE('',#3684,#3686,#2025,.T.);
#4674=EDGE_CURVE('',#3687,#3686,#2026,.T.);
#4675=EDGE_CURVE('',#3685,#3687,#2027,.T.);
#4676=EDGE_CURVE('',#3686,#3676,#2028,.T.);
#4677=EDGE_CURVE('',#3687,#3499,#2029,.T.);
#4678=EDGE_CURVE('',#3688,#3689,#2030,.T.);
#4679=EDGE_CURVE('',#3690,#3688,#2031,.T.);
#4680=EDGE_CURVE('',#3691,#3690,#2032,.T.);
#4681=EDGE_CURVE('',#3692,#3691,#2033,.T.);
#4682=EDGE_CURVE('',#3693,#3692,#2034,.T.);
#4683=EDGE_CURVE('',#3694,#3693,#2035,.T.);
#4684=EDGE_CURVE('',#3695,#3694,#2036,.T.);
#4685=EDGE_CURVE('',#3696,#3695,#2037,.T.);
#4686=EDGE_CURVE('',#3697,#3696,#2038,.T.);
#4687=EDGE_CURVE('',#3698,#3697,#2039,.T.);
#4688=EDGE_CURVE('',#3699,#3698,#2040,.T.);
#4689=EDGE_CURVE('',#3700,#3699,#2041,.T.);
#4690=EDGE_CURVE('',#3701,#3700,#2042,.T.);
#4691=EDGE_CURVE('',#3702,#3701,#2043,.T.);
#4692=EDGE_CURVE('',#3703,#3702,#2044,.T.);
#4693=EDGE_CURVE('',#3704,#3703,#2045,.T.);
#4694=EDGE_CURVE('',#3705,#3704,#2046,.T.);
#4695=EDGE_CURVE('',#3706,#3705,#2047,.T.);
#4696=EDGE_CURVE('',#3707,#3706,#2048,.T.);
#4697=EDGE_CURVE('',#3708,#3707,#2049,.T.);
#4698=EDGE_CURVE('',#3709,#3708,#2050,.T.);
#4699=EDGE_CURVE('',#3710,#3709,#2051,.T.);
#4700=EDGE_CURVE('',#3711,#3710,#2052,.T.);
#4701=EDGE_CURVE('',#3712,#3711,#2053,.T.);
#4702=EDGE_CURVE('',#3713,#3712,#2054,.T.);
#4703=EDGE_CURVE('',#3714,#3713,#2055,.T.);
#4704=EDGE_CURVE('',#3715,#3714,#2056,.T.);
#4705=EDGE_CURVE('',#3716,#3715,#2057,.T.);
#4706=EDGE_CURVE('',#3717,#3716,#2058,.T.);
#4707=EDGE_CURVE('',#3718,#3717,#2059,.T.);
#4708=EDGE_CURVE('',#3719,#3718,#2060,.T.);
#4709=EDGE_CURVE('',#3720,#3719,#2061,.T.);
#4710=EDGE_CURVE('',#3721,#3720,#2062,.T.);
#4711=EDGE_CURVE('',#3722,#3721,#2063,.T.);
#4712=EDGE_CURVE('',#3723,#3722,#2064,.T.);
#4713=EDGE_CURVE('',#3723,#3724,#3070,.T.);
#4714=EDGE_CURVE('',#3725,#3724,#2065,.T.);
#4715=EDGE_CURVE('',#3726,#3725,#3071,.T.);
#4716=EDGE_CURVE('',#3727,#3726,#2066,.T.);
#4717=EDGE_CURVE('',#3728,#3727,#3072,.T.);
#4718=EDGE_CURVE('',#3729,#3728,#2067,.T.);
#4719=EDGE_CURVE('',#3730,#3729,#3073,.T.);
#4720=EDGE_CURVE('',#3731,#3730,#2068,.T.);
#4721=EDGE_CURVE('',#3732,#3731,#3074,.T.);
#4722=EDGE_CURVE('',#3733,#3732,#2069,.T.);
#4723=EDGE_CURVE('',#3733,#3734,#3075,.T.);
#4724=EDGE_CURVE('',#3735,#3734,#2070,.T.);
#4725=EDGE_CURVE('',#3736,#3735,#2071,.T.);
#4726=EDGE_CURVE('',#3737,#3736,#2072,.T.);
#4727=EDGE_CURVE('',#3738,#3737,#2073,.T.);
#4728=EDGE_CURVE('',#3739,#3738,#2074,.T.);
#4729=EDGE_CURVE('',#3740,#3739,#2075,.T.);
#4730=EDGE_CURVE('',#3741,#3740,#2076,.T.);
#4731=EDGE_CURVE('',#3742,#3741,#2077,.T.);
#4732=EDGE_CURVE('',#3743,#3742,#2078,.T.);
#4733=EDGE_CURVE('',#3744,#3743,#2079,.T.);
#4734=EDGE_CURVE('',#3745,#3744,#2080,.T.);
#4735=EDGE_CURVE('',#3746,#3745,#2081,.T.);
#4736=EDGE_CURVE('',#3747,#3746,#2082,.T.);
#4737=EDGE_CURVE('',#3748,#3747,#2083,.T.);
#4738=EDGE_CURVE('',#3749,#3748,#2084,.T.);
#4739=EDGE_CURVE('',#3689,#3749,#2085,.T.);
#4740=ORIENTED_EDGE('',*,*,#3750,.T.);
#4741=ORIENTED_EDGE('',*,*,#3751,.F.);
#4742=ORIENTED_EDGE('',*,*,#3752,.F.);
#4743=ORIENTED_EDGE('',*,*,#3753,.T.);
#4744=ORIENTED_EDGE('',*,*,#3754,.F.);
#4745=ORIENTED_EDGE('',*,*,#3755,.F.);
#4746=ORIENTED_EDGE('',*,*,#3756,.T.);
#4747=ORIENTED_EDGE('',*,*,#3751,.T.);
#4748=ORIENTED_EDGE('',*,*,#3757,.F.);
#4749=ORIENTED_EDGE('',*,*,#3758,.F.);
#4750=ORIENTED_EDGE('',*,*,#3759,.T.);
#4751=ORIENTED_EDGE('',*,*,#3755,.T.);
#4752=ORIENTED_EDGE('',*,*,#3760,.F.);
#4753=ORIENTED_EDGE('',*,*,#3761,.F.);
#4754=ORIENTED_EDGE('',*,*,#3762,.F.);
#4755=ORIENTED_EDGE('',*,*,#3758,.T.);
#4756=ORIENTED_EDGE('',*,*,#3763,.F.);
#4757=ORIENTED_EDGE('',*,*,#3764,.F.);
#4758=ORIENTED_EDGE('',*,*,#3765,.T.);
#4759=ORIENTED_EDGE('',*,*,#3761,.T.);
#4760=ORIENTED_EDGE('',*,*,#3766,.F.);
#4761=ORIENTED_EDGE('',*,*,#3767,.F.);
#4762=ORIENTED_EDGE('',*,*,#3768,.F.);
#4763=ORIENTED_EDGE('',*,*,#3764,.T.);
#4764=ORIENTED_EDGE('',*,*,#3769,.T.);
#4765=ORIENTED_EDGE('',*,*,#3770,.T.);
#4766=ORIENTED_EDGE('',*,*,#3771,.T.);
#4767=ORIENTED_EDGE('',*,*,#3770,.F.);
#4768=ORIENTED_EDGE('',*,*,#3772,.T.);
#4769=ORIENTED_EDGE('',*,*,#3773,.T.);
#4770=ORIENTED_EDGE('',*,*,#3774,.T.);
#4771=ORIENTED_EDGE('',*,*,#3773,.F.);
#4772=ORIENTED_EDGE('',*,*,#3775,.T.);
#4773=ORIENTED_EDGE('',*,*,#3776,.T.);
#4774=ORIENTED_EDGE('',*,*,#3777,.T.);
#4775=ORIENTED_EDGE('',*,*,#3776,.F.);
#4776=ORIENTED_EDGE('',*,*,#3778,.T.);
#4777=ORIENTED_EDGE('',*,*,#3752,.T.);
#4778=ORIENTED_EDGE('',*,*,#3779,.F.);
#4779=ORIENTED_EDGE('',*,*,#3780,.F.);
#4780=ORIENTED_EDGE('',*,*,#3781,.F.);
#4781=ORIENTED_EDGE('',*,*,#3782,.T.);
#4782=ORIENTED_EDGE('',*,*,#3783,.T.);
#4783=ORIENTED_EDGE('',*,*,#3784,.T.);
#4784=ORIENTED_EDGE('',*,*,#3785,.F.);
#4785=ORIENTED_EDGE('',*,*,#3786,.F.);
#4786=ORIENTED_EDGE('',*,*,#3787,.F.);
#4787=ORIENTED_EDGE('',*,*,#3788,.T.);
#4788=ORIENTED_EDGE('',*,*,#3789,.F.);
#4789=ORIENTED_EDGE('',*,*,#3790,.F.);
#4790=ORIENTED_EDGE('',*,*,#3791,.F.);
#4791=ORIENTED_EDGE('',*,*,#3792,.F.);
#4792=ORIENTED_EDGE('',*,*,#3793,.T.);
#4793=ORIENTED_EDGE('',*,*,#3794,.F.);
#4794=ORIENTED_EDGE('',*,*,#3795,.T.);
#4795=ORIENTED_EDGE('',*,*,#3796,.F.);
#4796=ORIENTED_EDGE('',*,*,#3766,.T.);
#4797=ORIENTED_EDGE('',*,*,#3763,.T.);
#4798=ORIENTED_EDGE('',*,*,#3760,.T.);
#4799=ORIENTED_EDGE('',*,*,#3757,.T.);
#4800=ORIENTED_EDGE('',*,*,#3754,.T.);
#4801=ORIENTED_EDGE('',*,*,#3750,.F.);
#4802=ORIENTED_EDGE('',*,*,#3771,.F.);
#4803=ORIENTED_EDGE('',*,*,#3774,.F.);
#4804=ORIENTED_EDGE('',*,*,#3777,.F.);
#4805=ORIENTED_EDGE('',*,*,#3797,.F.);
#4806=ORIENTED_EDGE('',*,*,#3798,.F.);
#4807=ORIENTED_EDGE('',*,*,#3799,.F.);
#4808=ORIENTED_EDGE('',*,*,#3800,.F.);
#4809=ORIENTED_EDGE('',*,*,#3801,.F.);
#4810=ORIENTED_EDGE('',*,*,#3756,.F.);
#4811=ORIENTED_EDGE('',*,*,#3759,.F.);
#4812=ORIENTED_EDGE('',*,*,#3762,.T.);
#4813=ORIENTED_EDGE('',*,*,#3765,.F.);
#4814=ORIENTED_EDGE('',*,*,#3768,.T.);
#4815=ORIENTED_EDGE('',*,*,#3802,.T.);
#4816=ORIENTED_EDGE('',*,*,#3803,.T.);
#4817=ORIENTED_EDGE('',*,*,#3804,.T.);
#4818=ORIENTED_EDGE('',*,*,#3805,.T.);
#4819=ORIENTED_EDGE('',*,*,#3806,.T.);
#4820=ORIENTED_EDGE('',*,*,#3807,.F.);
#4821=ORIENTED_EDGE('',*,*,#3808,.F.);
#4822=ORIENTED_EDGE('',*,*,#3775,.F.);
#4823=ORIENTED_EDGE('',*,*,#3772,.F.);
#4824=ORIENTED_EDGE('',*,*,#3769,.F.);
#4825=ORIENTED_EDGE('',*,*,#3809,.F.);
#4826=ORIENTED_EDGE('',*,*,#3810,.F.);
#4827=ORIENTED_EDGE('',*,*,#3811,.F.);
#4828=ORIENTED_EDGE('',*,*,#3789,.T.);
#4829=ORIENTED_EDGE('',*,*,#3753,.F.);
#4830=ORIENTED_EDGE('',*,*,#3778,.F.);
#4831=ORIENTED_EDGE('',*,*,#3812,.T.);
#4832=ORIENTED_EDGE('',*,*,#3790,.T.);
#4833=ORIENTED_EDGE('',*,*,#3812,.F.);
#4834=ORIENTED_EDGE('',*,*,#3788,.F.);
#4835=ORIENTED_EDGE('',*,*,#3813,.T.);
#4836=ORIENTED_EDGE('',*,*,#3791,.T.);
#4837=ORIENTED_EDGE('',*,*,#3813,.F.);
#4838=ORIENTED_EDGE('',*,*,#3807,.T.);
#4839=ORIENTED_EDGE('',*,*,#3814,.T.);
#4840=ORIENTED_EDGE('',*,*,#3792,.T.);
#4841=ORIENTED_EDGE('',*,*,#3814,.F.);
#4842=ORIENTED_EDGE('',*,*,#3806,.F.);
#4843=ORIENTED_EDGE('',*,*,#3815,.T.);
#4844=ORIENTED_EDGE('',*,*,#3793,.F.);
#4845=ORIENTED_EDGE('',*,*,#3815,.F.);
#4846=ORIENTED_EDGE('',*,*,#3805,.F.);
#4847=ORIENTED_EDGE('',*,*,#3816,.T.);
#4848=ORIENTED_EDGE('',*,*,#3794,.T.);
#4849=ORIENTED_EDGE('',*,*,#3816,.F.);
#4850=ORIENTED_EDGE('',*,*,#3804,.F.);
#4851=ORIENTED_EDGE('',*,*,#3817,.T.);
#4852=ORIENTED_EDGE('',*,*,#3795,.F.);
#4853=ORIENTED_EDGE('',*,*,#3817,.F.);
#4854=ORIENTED_EDGE('',*,*,#3803,.F.);
#4855=ORIENTED_EDGE('',*,*,#3818,.T.);
#4856=ORIENTED_EDGE('',*,*,#3796,.T.);
#4857=ORIENTED_EDGE('',*,*,#3818,.F.);
#4858=ORIENTED_EDGE('',*,*,#3802,.F.);
#4859=ORIENTED_EDGE('',*,*,#3767,.T.);
#4860=ORIENTED_EDGE('',*,*,#3811,.T.);
#4861=ORIENTED_EDGE('',*,*,#3819,.T.);
#4862=ORIENTED_EDGE('',*,*,#3799,.T.);
#4863=ORIENTED_EDGE('',*,*,#3819,.F.);
#4864=ORIENTED_EDGE('',*,*,#3810,.T.);
#4865=ORIENTED_EDGE('',*,*,#3820,.T.);
#4866=ORIENTED_EDGE('',*,*,#3798,.T.);
#4867=ORIENTED_EDGE('',*,*,#3820,.F.);
#4868=ORIENTED_EDGE('',*,*,#3809,.T.);
#4869=ORIENTED_EDGE('',*,*,#3821,.T.);
#4870=ORIENTED_EDGE('',*,*,#3797,.T.);
#4871=ORIENTED_EDGE('',*,*,#3821,.F.);
#4872=ORIENTED_EDGE('',*,*,#3822,.F.);
#4873=ORIENTED_EDGE('',*,*,#3823,.F.);
#4874=ORIENTED_EDGE('',*,*,#3824,.F.);
#4875=ORIENTED_EDGE('',*,*,#3825,.T.);
#4876=ORIENTED_EDGE('',*,*,#3826,.T.);
#4877=ORIENTED_EDGE('',*,*,#3825,.F.);
#4878=ORIENTED_EDGE('',*,*,#3827,.F.);
#4879=ORIENTED_EDGE('',*,*,#3828,.T.);
#4880=ORIENTED_EDGE('',*,*,#3829,.F.);
#4881=ORIENTED_EDGE('',*,*,#3828,.F.);
#4882=ORIENTED_EDGE('',*,*,#3830,.F.);
#4883=ORIENTED_EDGE('',*,*,#3831,.T.);
#4884=ORIENTED_EDGE('',*,*,#3832,.T.);
#4885=ORIENTED_EDGE('',*,*,#3831,.F.);
#4886=ORIENTED_EDGE('',*,*,#3833,.F.);
#4887=ORIENTED_EDGE('',*,*,#3834,.F.);
#4888=ORIENTED_EDGE('',*,*,#3835,.F.);
#4889=ORIENTED_EDGE('',*,*,#3836,.T.);
#4890=ORIENTED_EDGE('',*,*,#3837,.T.);
#4891=ORIENTED_EDGE('',*,*,#3836,.F.);
#4892=ORIENTED_EDGE('',*,*,#3838,.F.);
#4893=ORIENTED_EDGE('',*,*,#3839,.T.);
#4894=ORIENTED_EDGE('',*,*,#3840,.T.);
#4895=ORIENTED_EDGE('',*,*,#3839,.F.);
#4896=ORIENTED_EDGE('',*,*,#3841,.F.);
#4897=ORIENTED_EDGE('',*,*,#3842,.T.);
#4898=ORIENTED_EDGE('',*,*,#3843,.T.);
#4899=ORIENTED_EDGE('',*,*,#3842,.F.);
#4900=ORIENTED_EDGE('',*,*,#3844,.F.);
#4901=ORIENTED_EDGE('',*,*,#3845,.F.);
#4902=ORIENTED_EDGE('',*,*,#3846,.F.);
#4903=ORIENTED_EDGE('',*,*,#3847,.F.);
#4904=ORIENTED_EDGE('',*,*,#3848,.F.);
#4905=ORIENTED_EDGE('',*,*,#3849,.F.);
#4906=ORIENTED_EDGE('',*,*,#3835,.T.);
#4907=ORIENTED_EDGE('',*,*,#3844,.T.);
#4908=ORIENTED_EDGE('',*,*,#3850,.F.);
#4909=ORIENTED_EDGE('',*,*,#3851,.T.);
#4910=ORIENTED_EDGE('',*,*,#3852,.T.);
#4911=ORIENTED_EDGE('',*,*,#3845,.T.);
#4912=ORIENTED_EDGE('',*,*,#3852,.F.);
#4913=ORIENTED_EDGE('',*,*,#3853,.T.);
#4914=ORIENTED_EDGE('',*,*,#3854,.T.);
#4915=ORIENTED_EDGE('',*,*,#3846,.T.);
#4916=ORIENTED_EDGE('',*,*,#3854,.F.);
#4917=ORIENTED_EDGE('',*,*,#3855,.T.);
#4918=ORIENTED_EDGE('',*,*,#3856,.T.);
#4919=ORIENTED_EDGE('',*,*,#3847,.T.);
#4920=ORIENTED_EDGE('',*,*,#3856,.F.);
#4921=ORIENTED_EDGE('',*,*,#3857,.T.);
#4922=ORIENTED_EDGE('',*,*,#3858,.T.);
#4923=ORIENTED_EDGE('',*,*,#3848,.T.);
#4924=ORIENTED_EDGE('',*,*,#3858,.F.);
#4925=ORIENTED_EDGE('',*,*,#3859,.T.);
#4926=ORIENTED_EDGE('',*,*,#3860,.T.);
#4927=ORIENTED_EDGE('',*,*,#3849,.T.);
#4928=ORIENTED_EDGE('',*,*,#3860,.F.);
#4929=ORIENTED_EDGE('',*,*,#3861,.T.);
#4930=ORIENTED_EDGE('',*,*,#3850,.T.);
#4931=ORIENTED_EDGE('',*,*,#3862,.F.);
#4932=ORIENTED_EDGE('',*,*,#3863,.F.);
#4933=ORIENTED_EDGE('',*,*,#3864,.F.);
#4934=ORIENTED_EDGE('',*,*,#3865,.F.);
#4935=ORIENTED_EDGE('',*,*,#3866,.F.);
#4936=ORIENTED_EDGE('',*,*,#3867,.F.);
#4937=ORIENTED_EDGE('',*,*,#3838,.T.);
#4938=ORIENTED_EDGE('',*,*,#3862,.T.);
#4939=ORIENTED_EDGE('',*,*,#3868,.F.);
#4940=ORIENTED_EDGE('',*,*,#3869,.T.);
#4941=ORIENTED_EDGE('',*,*,#3870,.T.);
#4942=ORIENTED_EDGE('',*,*,#3863,.T.);
#4943=ORIENTED_EDGE('',*,*,#3870,.F.);
#4944=ORIENTED_EDGE('',*,*,#3871,.T.);
#4945=ORIENTED_EDGE('',*,*,#3872,.T.);
#4946=ORIENTED_EDGE('',*,*,#3864,.T.);
#4947=ORIENTED_EDGE('',*,*,#3872,.F.);
#4948=ORIENTED_EDGE('',*,*,#3873,.T.);
#4949=ORIENTED_EDGE('',*,*,#3874,.T.);
#4950=ORIENTED_EDGE('',*,*,#3865,.T.);
#4951=ORIENTED_EDGE('',*,*,#3874,.F.);
#4952=ORIENTED_EDGE('',*,*,#3875,.T.);
#4953=ORIENTED_EDGE('',*,*,#3876,.T.);
#4954=ORIENTED_EDGE('',*,*,#3866,.T.);
#4955=ORIENTED_EDGE('',*,*,#3876,.F.);
#4956=ORIENTED_EDGE('',*,*,#3877,.T.);
#4957=ORIENTED_EDGE('',*,*,#3878,.T.);
#4958=ORIENTED_EDGE('',*,*,#3867,.T.);
#4959=ORIENTED_EDGE('',*,*,#3878,.F.);
#4960=ORIENTED_EDGE('',*,*,#3879,.T.);
#4961=ORIENTED_EDGE('',*,*,#3868,.T.);
#4962=ORIENTED_EDGE('',*,*,#3880,.F.);
#4963=ORIENTED_EDGE('',*,*,#3881,.F.);
#4964=ORIENTED_EDGE('',*,*,#3882,.F.);
#4965=ORIENTED_EDGE('',*,*,#3883,.F.);
#4966=ORIENTED_EDGE('',*,*,#3884,.F.);
#4967=ORIENTED_EDGE('',*,*,#3885,.F.);
#4968=ORIENTED_EDGE('',*,*,#3841,.T.);
#4969=ORIENTED_EDGE('',*,*,#3880,.T.);
#4970=ORIENTED_EDGE('',*,*,#3886,.F.);
#4971=ORIENTED_EDGE('',*,*,#3887,.T.);
#4972=ORIENTED_EDGE('',*,*,#3888,.T.);
#4973=ORIENTED_EDGE('',*,*,#3881,.T.);
#4974=ORIENTED_EDGE('',*,*,#3888,.F.);
#4975=ORIENTED_EDGE('',*,*,#3889,.T.);
#4976=ORIENTED_EDGE('',*,*,#3890,.T.);
#4977=ORIENTED_EDGE('',*,*,#3882,.T.);
#4978=ORIENTED_EDGE('',*,*,#3890,.F.);
#4979=ORIENTED_EDGE('',*,*,#3891,.T.);
#4980=ORIENTED_EDGE('',*,*,#3892,.T.);
#4981=ORIENTED_EDGE('',*,*,#3883,.T.);
#4982=ORIENTED_EDGE('',*,*,#3892,.F.);
#4983=ORIENTED_EDGE('',*,*,#3893,.T.);
#4984=ORIENTED_EDGE('',*,*,#3894,.T.);
#4985=ORIENTED_EDGE('',*,*,#3884,.T.);
#4986=ORIENTED_EDGE('',*,*,#3894,.F.);
#4987=ORIENTED_EDGE('',*,*,#3895,.T.);
#4988=ORIENTED_EDGE('',*,*,#3896,.T.);
#4989=ORIENTED_EDGE('',*,*,#3885,.T.);
#4990=ORIENTED_EDGE('',*,*,#3896,.F.);
#4991=ORIENTED_EDGE('',*,*,#3897,.T.);
#4992=ORIENTED_EDGE('',*,*,#3886,.T.);
#4993=ORIENTED_EDGE('',*,*,#3898,.T.);
#4994=ORIENTED_EDGE('',*,*,#3899,.T.);
#4995=ORIENTED_EDGE('',*,*,#3800,.T.);
#4996=ORIENTED_EDGE('',*,*,#3900,.F.);
#4997=ORIENTED_EDGE('',*,*,#3901,.T.);
#4998=ORIENTED_EDGE('',*,*,#3834,.T.);
#4999=ORIENTED_EDGE('',*,*,#3902,.F.);
#5000=ORIENTED_EDGE('',*,*,#3903,.T.);
#5001=ORIENTED_EDGE('',*,*,#3904,.T.);
#5002=ORIENTED_EDGE('',*,*,#3905,.T.);
#5003=ORIENTED_EDGE('',*,*,#3906,.T.);
#5004=ORIENTED_EDGE('',*,*,#3781,.T.);
#5005=ORIENTED_EDGE('',*,*,#3780,.T.);
#5006=ORIENTED_EDGE('',*,*,#3779,.T.);
#5007=ORIENTED_EDGE('',*,*,#3801,.T.);
#5008=ORIENTED_EDGE('',*,*,#3899,.F.);
#5009=ORIENTED_EDGE('',*,*,#3907,.T.);
#5010=ORIENTED_EDGE('',*,*,#3822,.T.);
#5011=ORIENTED_EDGE('',*,*,#3826,.F.);
#5012=ORIENTED_EDGE('',*,*,#3829,.T.);
#5013=ORIENTED_EDGE('',*,*,#3832,.F.);
#5014=ORIENTED_EDGE('',*,*,#3901,.F.);
#5015=ORIENTED_EDGE('',*,*,#3898,.F.);
#5016=ORIENTED_EDGE('',*,*,#3908,.F.);
#5017=ORIENTED_EDGE('',*,*,#3909,.T.);
#5018=ORIENTED_EDGE('',*,*,#3910,.T.);
#5019=ORIENTED_EDGE('',*,*,#3911,.T.);
#5020=ORIENTED_EDGE('',*,*,#3912,.T.);
#5021=ORIENTED_EDGE('',*,*,#3837,.F.);
#5022=ORIENTED_EDGE('',*,*,#3840,.F.);
#5023=ORIENTED_EDGE('',*,*,#3843,.F.);
#5024=ORIENTED_EDGE('',*,*,#3913,.F.);
#5025=ORIENTED_EDGE('',*,*,#3914,.F.);
#5026=ORIENTED_EDGE('',*,*,#3915,.F.);
#5027=ORIENTED_EDGE('',*,*,#3907,.F.);
#5028=ORIENTED_EDGE('',*,*,#3916,.F.);
#5029=ORIENTED_EDGE('',*,*,#3917,.T.);
#5030=ORIENTED_EDGE('',*,*,#3823,.T.);
#5031=ORIENTED_EDGE('',*,*,#3912,.F.);
#5032=ORIENTED_EDGE('',*,*,#3918,.F.);
#5033=ORIENTED_EDGE('',*,*,#3919,.F.);
#5034=ORIENTED_EDGE('',*,*,#3916,.T.);
#5035=ORIENTED_EDGE('',*,*,#3911,.F.);
#5036=ORIENTED_EDGE('',*,*,#3920,.F.);
#5037=ORIENTED_EDGE('',*,*,#3921,.T.);
#5038=ORIENTED_EDGE('',*,*,#3918,.T.);
#5039=ORIENTED_EDGE('',*,*,#3910,.F.);
#5040=ORIENTED_EDGE('',*,*,#3922,.F.);
#5041=ORIENTED_EDGE('',*,*,#3923,.F.);
#5042=ORIENTED_EDGE('',*,*,#3920,.T.);
#5043=ORIENTED_EDGE('',*,*,#3909,.F.);
#5044=ORIENTED_EDGE('',*,*,#3924,.F.);
#5045=ORIENTED_EDGE('',*,*,#3925,.T.);
#5046=ORIENTED_EDGE('',*,*,#3922,.T.);
#5047=ORIENTED_EDGE('',*,*,#3926,.F.);
#5048=ORIENTED_EDGE('',*,*,#3927,.T.);
#5049=ORIENTED_EDGE('',*,*,#3915,.T.);
#5050=ORIENTED_EDGE('',*,*,#3927,.F.);
#5051=ORIENTED_EDGE('',*,*,#3928,.F.);
#5052=ORIENTED_EDGE('',*,*,#3929,.T.);
#5053=ORIENTED_EDGE('',*,*,#3914,.T.);
#5054=ORIENTED_EDGE('',*,*,#3929,.F.);
#5055=ORIENTED_EDGE('',*,*,#3930,.F.);
#5056=ORIENTED_EDGE('',*,*,#3931,.T.);
#5057=ORIENTED_EDGE('',*,*,#3913,.T.);
#5058=ORIENTED_EDGE('',*,*,#3931,.F.);
#5059=ORIENTED_EDGE('',*,*,#3932,.F.);
#5060=ORIENTED_EDGE('',*,*,#3933,.F.);
#5061=ORIENTED_EDGE('',*,*,#3934,.F.);
#5062=ORIENTED_EDGE('',*,*,#3935,.F.);
#5063=ORIENTED_EDGE('',*,*,#3936,.F.);
#5064=ORIENTED_EDGE('',*,*,#3937,.F.);
#5065=ORIENTED_EDGE('',*,*,#3930,.T.);
#5066=ORIENTED_EDGE('',*,*,#3932,.T.);
#5067=ORIENTED_EDGE('',*,*,#3938,.F.);
#5068=ORIENTED_EDGE('',*,*,#3939,.T.);
#5069=ORIENTED_EDGE('',*,*,#3940,.T.);
#5070=ORIENTED_EDGE('',*,*,#3933,.T.);
#5071=ORIENTED_EDGE('',*,*,#3940,.F.);
#5072=ORIENTED_EDGE('',*,*,#3941,.T.);
#5073=ORIENTED_EDGE('',*,*,#3942,.T.);
#5074=ORIENTED_EDGE('',*,*,#3934,.T.);
#5075=ORIENTED_EDGE('',*,*,#3942,.F.);
#5076=ORIENTED_EDGE('',*,*,#3943,.T.);
#5077=ORIENTED_EDGE('',*,*,#3944,.T.);
#5078=ORIENTED_EDGE('',*,*,#3935,.T.);
#5079=ORIENTED_EDGE('',*,*,#3944,.F.);
#5080=ORIENTED_EDGE('',*,*,#3945,.T.);
#5081=ORIENTED_EDGE('',*,*,#3946,.T.);
#5082=ORIENTED_EDGE('',*,*,#3936,.T.);
#5083=ORIENTED_EDGE('',*,*,#3946,.F.);
#5084=ORIENTED_EDGE('',*,*,#3947,.T.);
#5085=ORIENTED_EDGE('',*,*,#3948,.T.);
#5086=ORIENTED_EDGE('',*,*,#3937,.T.);
#5087=ORIENTED_EDGE('',*,*,#3948,.F.);
#5088=ORIENTED_EDGE('',*,*,#3949,.T.);
#5089=ORIENTED_EDGE('',*,*,#3938,.T.);
#5090=ORIENTED_EDGE('',*,*,#3950,.F.);
#5091=ORIENTED_EDGE('',*,*,#3951,.F.);
#5092=ORIENTED_EDGE('',*,*,#3952,.F.);
#5093=ORIENTED_EDGE('',*,*,#3953,.F.);
#5094=ORIENTED_EDGE('',*,*,#3954,.F.);
#5095=ORIENTED_EDGE('',*,*,#3955,.F.);
#5096=ORIENTED_EDGE('',*,*,#3928,.T.);
#5097=ORIENTED_EDGE('',*,*,#3950,.T.);
#5098=ORIENTED_EDGE('',*,*,#3956,.F.);
#5099=ORIENTED_EDGE('',*,*,#3957,.T.);
#5100=ORIENTED_EDGE('',*,*,#3958,.T.);
#5101=ORIENTED_EDGE('',*,*,#3951,.T.);
#5102=ORIENTED_EDGE('',*,*,#3958,.F.);
#5103=ORIENTED_EDGE('',*,*,#3959,.T.);
#5104=ORIENTED_EDGE('',*,*,#3960,.T.);
#5105=ORIENTED_EDGE('',*,*,#3952,.T.);
#5106=ORIENTED_EDGE('',*,*,#3960,.F.);
#5107=ORIENTED_EDGE('',*,*,#3961,.T.);
#5108=ORIENTED_EDGE('',*,*,#3962,.T.);
#5109=ORIENTED_EDGE('',*,*,#3953,.T.);
#5110=ORIENTED_EDGE('',*,*,#3962,.F.);
#5111=ORIENTED_EDGE('',*,*,#3963,.T.);
#5112=ORIENTED_EDGE('',*,*,#3964,.T.);
#5113=ORIENTED_EDGE('',*,*,#3954,.T.);
#5114=ORIENTED_EDGE('',*,*,#3964,.F.);
#5115=ORIENTED_EDGE('',*,*,#3965,.T.);
#5116=ORIENTED_EDGE('',*,*,#3966,.T.);
#5117=ORIENTED_EDGE('',*,*,#3955,.T.);
#5118=ORIENTED_EDGE('',*,*,#3966,.F.);
#5119=ORIENTED_EDGE('',*,*,#3967,.T.);
#5120=ORIENTED_EDGE('',*,*,#3956,.T.);
#5121=ORIENTED_EDGE('',*,*,#3968,.F.);
#5122=ORIENTED_EDGE('',*,*,#3969,.F.);
#5123=ORIENTED_EDGE('',*,*,#3970,.F.);
#5124=ORIENTED_EDGE('',*,*,#3971,.F.);
#5125=ORIENTED_EDGE('',*,*,#3972,.F.);
#5126=ORIENTED_EDGE('',*,*,#3973,.F.);
#5127=ORIENTED_EDGE('',*,*,#3926,.T.);
#5128=ORIENTED_EDGE('',*,*,#3968,.T.);
#5129=ORIENTED_EDGE('',*,*,#3974,.F.);
#5130=ORIENTED_EDGE('',*,*,#3975,.T.);
#5131=ORIENTED_EDGE('',*,*,#3976,.T.);
#5132=ORIENTED_EDGE('',*,*,#3969,.T.);
#5133=ORIENTED_EDGE('',*,*,#3976,.F.);
#5134=ORIENTED_EDGE('',*,*,#3977,.T.);
#5135=ORIENTED_EDGE('',*,*,#3978,.T.);
#5136=ORIENTED_EDGE('',*,*,#3970,.T.);
#5137=ORIENTED_EDGE('',*,*,#3978,.F.);
#5138=ORIENTED_EDGE('',*,*,#3979,.T.);
#5139=ORIENTED_EDGE('',*,*,#3980,.T.);
#5140=ORIENTED_EDGE('',*,*,#3971,.T.);
#5141=ORIENTED_EDGE('',*,*,#3980,.F.);
#5142=ORIENTED_EDGE('',*,*,#3981,.T.);
#5143=ORIENTED_EDGE('',*,*,#3982,.T.);
#5144=ORIENTED_EDGE('',*,*,#3972,.T.);
#5145=ORIENTED_EDGE('',*,*,#3982,.F.);
#5146=ORIENTED_EDGE('',*,*,#3983,.T.);
#5147=ORIENTED_EDGE('',*,*,#3984,.T.);
#5148=ORIENTED_EDGE('',*,*,#3973,.T.);
#5149=ORIENTED_EDGE('',*,*,#3984,.F.);
#5150=ORIENTED_EDGE('',*,*,#3985,.T.);
#5151=ORIENTED_EDGE('',*,*,#3974,.T.);
#5152=ORIENTED_EDGE('',*,*,#3924,.T.);
#5153=ORIENTED_EDGE('',*,*,#3908,.T.);
#5154=ORIENTED_EDGE('',*,*,#3900,.T.);
#5155=ORIENTED_EDGE('',*,*,#3808,.T.);
#5156=ORIENTED_EDGE('',*,*,#3787,.T.);
#5157=ORIENTED_EDGE('',*,*,#3786,.T.);
#5158=ORIENTED_EDGE('',*,*,#3785,.T.);
#5159=ORIENTED_EDGE('',*,*,#3986,.T.);
#5160=ORIENTED_EDGE('',*,*,#3987,.F.);
#5161=ORIENTED_EDGE('',*,*,#3988,.T.);
#5162=ORIENTED_EDGE('',*,*,#3989,.T.);
#5163=ORIENTED_EDGE('',*,*,#3990,.F.);
#5164=ORIENTED_EDGE('',*,*,#3991,.T.);
#5165=ORIENTED_EDGE('',*,*,#3992,.F.);
#5166=ORIENTED_EDGE('',*,*,#3782,.F.);
#5167=ORIENTED_EDGE('',*,*,#3993,.T.);
#5168=ORIENTED_EDGE('',*,*,#3994,.T.);
#5169=ORIENTED_EDGE('',*,*,#3993,.F.);
#5170=ORIENTED_EDGE('',*,*,#3995,.T.);
#5171=ORIENTED_EDGE('',*,*,#3996,.T.);
#5172=ORIENTED_EDGE('',*,*,#3997,.T.);
#5173=ORIENTED_EDGE('',*,*,#3996,.F.);
#5174=ORIENTED_EDGE('',*,*,#3998,.F.);
#5175=ORIENTED_EDGE('',*,*,#3999,.T.);
#5176=ORIENTED_EDGE('',*,*,#4000,.F.);
#5177=ORIENTED_EDGE('',*,*,#3999,.F.);
#5178=ORIENTED_EDGE('',*,*,#4001,.F.);
#5179=ORIENTED_EDGE('',*,*,#4002,.T.);
#5180=ORIENTED_EDGE('',*,*,#4003,.T.);
#5181=ORIENTED_EDGE('',*,*,#4002,.F.);
#5182=ORIENTED_EDGE('',*,*,#4004,.F.);
#5183=ORIENTED_EDGE('',*,*,#4005,.T.);
#5184=ORIENTED_EDGE('',*,*,#4006,.F.);
#5185=ORIENTED_EDGE('',*,*,#4005,.F.);
#5186=ORIENTED_EDGE('',*,*,#4007,.F.);
#5187=ORIENTED_EDGE('',*,*,#4008,.T.);
#5188=ORIENTED_EDGE('',*,*,#4009,.T.);
#5189=ORIENTED_EDGE('',*,*,#4010,.T.);
#5190=ORIENTED_EDGE('',*,*,#4011,.T.);
#5191=ORIENTED_EDGE('',*,*,#4010,.F.);
#5192=ORIENTED_EDGE('',*,*,#4012,.T.);
#5193=ORIENTED_EDGE('',*,*,#4013,.T.);
#5194=ORIENTED_EDGE('',*,*,#4014,.T.);
#5195=ORIENTED_EDGE('',*,*,#4013,.F.);
#5196=ORIENTED_EDGE('',*,*,#4015,.T.);
#5197=ORIENTED_EDGE('',*,*,#4016,.T.);
#5198=ORIENTED_EDGE('',*,*,#4017,.T.);
#5199=ORIENTED_EDGE('',*,*,#4016,.F.);
#5200=ORIENTED_EDGE('',*,*,#4018,.F.);
#5201=ORIENTED_EDGE('',*,*,#4019,.F.);
#5202=ORIENTED_EDGE('',*,*,#4020,.F.);
#5203=ORIENTED_EDGE('',*,*,#4021,.T.);
#5204=ORIENTED_EDGE('',*,*,#4022,.T.);
#5205=ORIENTED_EDGE('',*,*,#4021,.F.);
#5206=ORIENTED_EDGE('',*,*,#4023,.F.);
#5207=ORIENTED_EDGE('',*,*,#4024,.T.);
#5208=ORIENTED_EDGE('',*,*,#4025,.F.);
#5209=ORIENTED_EDGE('',*,*,#4024,.F.);
#5210=ORIENTED_EDGE('',*,*,#4026,.F.);
#5211=ORIENTED_EDGE('',*,*,#4027,.T.);
#5212=ORIENTED_EDGE('',*,*,#4028,.T.);
#5213=ORIENTED_EDGE('',*,*,#4027,.F.);
#5214=ORIENTED_EDGE('',*,*,#4029,.F.);
#5215=ORIENTED_EDGE('',*,*,#3989,.F.);
#5216=ORIENTED_EDGE('',*,*,#4030,.F.);
#5217=ORIENTED_EDGE('',*,*,#4031,.T.);
#5218=ORIENTED_EDGE('',*,*,#4032,.T.);
#5219=ORIENTED_EDGE('',*,*,#4031,.F.);
#5220=ORIENTED_EDGE('',*,*,#4033,.F.);
#5221=ORIENTED_EDGE('',*,*,#4034,.T.);
#5222=ORIENTED_EDGE('',*,*,#4035,.T.);
#5223=ORIENTED_EDGE('',*,*,#4034,.F.);
#5224=ORIENTED_EDGE('',*,*,#4036,.F.);
#5225=ORIENTED_EDGE('',*,*,#4037,.T.);
#5226=ORIENTED_EDGE('',*,*,#4038,.T.);
#5227=ORIENTED_EDGE('',*,*,#4037,.F.);
#5228=ORIENTED_EDGE('',*,*,#4039,.T.);
#5229=ORIENTED_EDGE('',*,*,#4040,.T.);
#5230=ORIENTED_EDGE('',*,*,#4041,.T.);
#5231=ORIENTED_EDGE('',*,*,#4042,.T.);
#5232=ORIENTED_EDGE('',*,*,#4043,.T.);
#5233=ORIENTED_EDGE('',*,*,#4044,.T.);
#5234=ORIENTED_EDGE('',*,*,#4036,.T.);
#5235=ORIENTED_EDGE('',*,*,#4039,.F.);
#5236=ORIENTED_EDGE('',*,*,#4045,.F.);
#5237=ORIENTED_EDGE('',*,*,#4046,.T.);
#5238=ORIENTED_EDGE('',*,*,#4047,.T.);
#5239=ORIENTED_EDGE('',*,*,#4044,.F.);
#5240=ORIENTED_EDGE('',*,*,#4048,.F.);
#5241=ORIENTED_EDGE('',*,*,#4049,.T.);
#5242=ORIENTED_EDGE('',*,*,#4045,.T.);
#5243=ORIENTED_EDGE('',*,*,#4043,.F.);
#5244=ORIENTED_EDGE('',*,*,#4050,.F.);
#5245=ORIENTED_EDGE('',*,*,#4051,.T.);
#5246=ORIENTED_EDGE('',*,*,#4048,.T.);
#5247=ORIENTED_EDGE('',*,*,#4042,.F.);
#5248=ORIENTED_EDGE('',*,*,#4052,.F.);
#5249=ORIENTED_EDGE('',*,*,#4053,.T.);
#5250=ORIENTED_EDGE('',*,*,#4050,.T.);
#5251=ORIENTED_EDGE('',*,*,#4041,.F.);
#5252=ORIENTED_EDGE('',*,*,#4054,.F.);
#5253=ORIENTED_EDGE('',*,*,#4055,.T.);
#5254=ORIENTED_EDGE('',*,*,#4052,.T.);
#5255=ORIENTED_EDGE('',*,*,#4040,.F.);
#5256=ORIENTED_EDGE('',*,*,#4047,.F.);
#5257=ORIENTED_EDGE('',*,*,#4056,.T.);
#5258=ORIENTED_EDGE('',*,*,#4054,.T.);
#5259=ORIENTED_EDGE('',*,*,#4057,.T.);
#5260=ORIENTED_EDGE('',*,*,#4058,.T.);
#5261=ORIENTED_EDGE('',*,*,#4059,.T.);
#5262=ORIENTED_EDGE('',*,*,#4060,.T.);
#5263=ORIENTED_EDGE('',*,*,#4061,.T.);
#5264=ORIENTED_EDGE('',*,*,#4062,.T.);
#5265=ORIENTED_EDGE('',*,*,#4033,.T.);
#5266=ORIENTED_EDGE('',*,*,#4057,.F.);
#5267=ORIENTED_EDGE('',*,*,#4063,.F.);
#5268=ORIENTED_EDGE('',*,*,#4064,.T.);
#5269=ORIENTED_EDGE('',*,*,#4065,.T.);
#5270=ORIENTED_EDGE('',*,*,#4062,.F.);
#5271=ORIENTED_EDGE('',*,*,#4066,.F.);
#5272=ORIENTED_EDGE('',*,*,#4067,.T.);
#5273=ORIENTED_EDGE('',*,*,#4063,.T.);
#5274=ORIENTED_EDGE('',*,*,#4061,.F.);
#5275=ORIENTED_EDGE('',*,*,#4068,.F.);
#5276=ORIENTED_EDGE('',*,*,#4069,.T.);
#5277=ORIENTED_EDGE('',*,*,#4066,.T.);
#5278=ORIENTED_EDGE('',*,*,#4060,.F.);
#5279=ORIENTED_EDGE('',*,*,#4070,.F.);
#5280=ORIENTED_EDGE('',*,*,#4071,.T.);
#5281=ORIENTED_EDGE('',*,*,#4068,.T.);
#5282=ORIENTED_EDGE('',*,*,#4059,.F.);
#5283=ORIENTED_EDGE('',*,*,#4072,.F.);
#5284=ORIENTED_EDGE('',*,*,#4073,.T.);
#5285=ORIENTED_EDGE('',*,*,#4070,.T.);
#5286=ORIENTED_EDGE('',*,*,#4058,.F.);
#5287=ORIENTED_EDGE('',*,*,#4065,.F.);
#5288=ORIENTED_EDGE('',*,*,#4074,.T.);
#5289=ORIENTED_EDGE('',*,*,#4072,.T.);
#5290=ORIENTED_EDGE('',*,*,#4075,.T.);
#5291=ORIENTED_EDGE('',*,*,#4076,.T.);
#5292=ORIENTED_EDGE('',*,*,#4077,.T.);
#5293=ORIENTED_EDGE('',*,*,#4078,.T.);
#5294=ORIENTED_EDGE('',*,*,#4079,.T.);
#5295=ORIENTED_EDGE('',*,*,#4080,.T.);
#5296=ORIENTED_EDGE('',*,*,#4030,.T.);
#5297=ORIENTED_EDGE('',*,*,#4075,.F.);
#5298=ORIENTED_EDGE('',*,*,#4081,.F.);
#5299=ORIENTED_EDGE('',*,*,#4082,.T.);
#5300=ORIENTED_EDGE('',*,*,#4083,.T.);
#5301=ORIENTED_EDGE('',*,*,#4080,.F.);
#5302=ORIENTED_EDGE('',*,*,#4084,.F.);
#5303=ORIENTED_EDGE('',*,*,#4085,.T.);
#5304=ORIENTED_EDGE('',*,*,#4081,.T.);
#5305=ORIENTED_EDGE('',*,*,#4079,.F.);
#5306=ORIENTED_EDGE('',*,*,#4086,.F.);
#5307=ORIENTED_EDGE('',*,*,#4087,.T.);
#5308=ORIENTED_EDGE('',*,*,#4084,.T.);
#5309=ORIENTED_EDGE('',*,*,#4078,.F.);
#5310=ORIENTED_EDGE('',*,*,#4088,.F.);
#5311=ORIENTED_EDGE('',*,*,#4089,.T.);
#5312=ORIENTED_EDGE('',*,*,#4086,.T.);
#5313=ORIENTED_EDGE('',*,*,#4077,.F.);
#5314=ORIENTED_EDGE('',*,*,#4090,.F.);
#5315=ORIENTED_EDGE('',*,*,#4091,.T.);
#5316=ORIENTED_EDGE('',*,*,#4088,.T.);
#5317=ORIENTED_EDGE('',*,*,#4076,.F.);
#5318=ORIENTED_EDGE('',*,*,#4083,.F.);
#5319=ORIENTED_EDGE('',*,*,#4092,.T.);
#5320=ORIENTED_EDGE('',*,*,#4090,.T.);
#5321=ORIENTED_EDGE('',*,*,#4093,.T.);
#5322=ORIENTED_EDGE('',*,*,#3987,.T.);
#5323=ORIENTED_EDGE('',*,*,#4094,.T.);
#5324=ORIENTED_EDGE('',*,*,#3905,.F.);
#5325=ORIENTED_EDGE('',*,*,#4095,.T.);
#5326=ORIENTED_EDGE('',*,*,#4018,.T.);
#5327=ORIENTED_EDGE('',*,*,#4022,.F.);
#5328=ORIENTED_EDGE('',*,*,#4025,.T.);
#5329=ORIENTED_EDGE('',*,*,#4028,.F.);
#5330=ORIENTED_EDGE('',*,*,#3988,.F.);
#5331=ORIENTED_EDGE('',*,*,#4093,.F.);
#5332=ORIENTED_EDGE('',*,*,#3904,.F.);
#5333=ORIENTED_EDGE('',*,*,#4096,.T.);
#5334=ORIENTED_EDGE('',*,*,#4097,.T.);
#5335=ORIENTED_EDGE('',*,*,#4098,.T.);
#5336=ORIENTED_EDGE('',*,*,#4099,.T.);
#5337=ORIENTED_EDGE('',*,*,#4032,.F.);
#5338=ORIENTED_EDGE('',*,*,#4035,.F.);
#5339=ORIENTED_EDGE('',*,*,#4038,.F.);
#5340=ORIENTED_EDGE('',*,*,#4100,.F.);
#5341=ORIENTED_EDGE('',*,*,#4101,.F.);
#5342=ORIENTED_EDGE('',*,*,#4102,.F.);
#5343=ORIENTED_EDGE('',*,*,#4095,.F.);
#5344=ORIENTED_EDGE('',*,*,#4103,.F.);
#5345=ORIENTED_EDGE('',*,*,#4104,.T.);
#5346=ORIENTED_EDGE('',*,*,#4019,.T.);
#5347=ORIENTED_EDGE('',*,*,#4099,.F.);
#5348=ORIENTED_EDGE('',*,*,#4105,.F.);
#5349=ORIENTED_EDGE('',*,*,#4106,.F.);
#5350=ORIENTED_EDGE('',*,*,#4103,.T.);
#5351=ORIENTED_EDGE('',*,*,#4098,.F.);
#5352=ORIENTED_EDGE('',*,*,#4107,.F.);
#5353=ORIENTED_EDGE('',*,*,#4108,.T.);
#5354=ORIENTED_EDGE('',*,*,#4105,.T.);
#5355=ORIENTED_EDGE('',*,*,#4097,.F.);
#5356=ORIENTED_EDGE('',*,*,#4109,.F.);
#5357=ORIENTED_EDGE('',*,*,#4110,.F.);
#5358=ORIENTED_EDGE('',*,*,#4107,.T.);
#5359=ORIENTED_EDGE('',*,*,#4096,.F.);
#5360=ORIENTED_EDGE('',*,*,#3903,.F.);
#5361=ORIENTED_EDGE('',*,*,#4111,.T.);
#5362=ORIENTED_EDGE('',*,*,#4109,.T.);
#5363=ORIENTED_EDGE('',*,*,#4112,.F.);
#5364=ORIENTED_EDGE('',*,*,#4113,.T.);
#5365=ORIENTED_EDGE('',*,*,#4102,.T.);
#5366=ORIENTED_EDGE('',*,*,#4113,.F.);
#5367=ORIENTED_EDGE('',*,*,#4114,.F.);
#5368=ORIENTED_EDGE('',*,*,#4115,.T.);
#5369=ORIENTED_EDGE('',*,*,#4101,.T.);
#5370=ORIENTED_EDGE('',*,*,#4115,.F.);
#5371=ORIENTED_EDGE('',*,*,#4116,.F.);
#5372=ORIENTED_EDGE('',*,*,#4117,.T.);
#5373=ORIENTED_EDGE('',*,*,#4100,.T.);
#5374=ORIENTED_EDGE('',*,*,#4117,.F.);
#5375=ORIENTED_EDGE('',*,*,#4118,.T.);
#5376=ORIENTED_EDGE('',*,*,#4119,.T.);
#5377=ORIENTED_EDGE('',*,*,#4120,.T.);
#5378=ORIENTED_EDGE('',*,*,#4121,.T.);
#5379=ORIENTED_EDGE('',*,*,#4122,.T.);
#5380=ORIENTED_EDGE('',*,*,#4123,.T.);
#5381=ORIENTED_EDGE('',*,*,#4112,.T.);
#5382=ORIENTED_EDGE('',*,*,#4118,.F.);
#5383=ORIENTED_EDGE('',*,*,#4124,.F.);
#5384=ORIENTED_EDGE('',*,*,#4125,.T.);
#5385=ORIENTED_EDGE('',*,*,#4126,.T.);
#5386=ORIENTED_EDGE('',*,*,#4123,.F.);
#5387=ORIENTED_EDGE('',*,*,#4127,.F.);
#5388=ORIENTED_EDGE('',*,*,#4128,.T.);
#5389=ORIENTED_EDGE('',*,*,#4124,.T.);
#5390=ORIENTED_EDGE('',*,*,#4122,.F.);
#5391=ORIENTED_EDGE('',*,*,#4129,.F.);
#5392=ORIENTED_EDGE('',*,*,#4130,.T.);
#5393=ORIENTED_EDGE('',*,*,#4127,.T.);
#5394=ORIENTED_EDGE('',*,*,#4121,.F.);
#5395=ORIENTED_EDGE('',*,*,#4131,.F.);
#5396=ORIENTED_EDGE('',*,*,#4132,.T.);
#5397=ORIENTED_EDGE('',*,*,#4129,.T.);
#5398=ORIENTED_EDGE('',*,*,#4120,.F.);
#5399=ORIENTED_EDGE('',*,*,#4133,.F.);
#5400=ORIENTED_EDGE('',*,*,#4134,.T.);
#5401=ORIENTED_EDGE('',*,*,#4131,.T.);
#5402=ORIENTED_EDGE('',*,*,#4119,.F.);
#5403=ORIENTED_EDGE('',*,*,#4126,.F.);
#5404=ORIENTED_EDGE('',*,*,#4135,.T.);
#5405=ORIENTED_EDGE('',*,*,#4133,.T.);
#5406=ORIENTED_EDGE('',*,*,#4136,.T.);
#5407=ORIENTED_EDGE('',*,*,#4137,.T.);
#5408=ORIENTED_EDGE('',*,*,#4138,.T.);
#5409=ORIENTED_EDGE('',*,*,#4139,.T.);
#5410=ORIENTED_EDGE('',*,*,#4140,.T.);
#5411=ORIENTED_EDGE('',*,*,#4141,.T.);
#5412=ORIENTED_EDGE('',*,*,#4114,.T.);
#5413=ORIENTED_EDGE('',*,*,#4136,.F.);
#5414=ORIENTED_EDGE('',*,*,#4142,.F.);
#5415=ORIENTED_EDGE('',*,*,#4143,.T.);
#5416=ORIENTED_EDGE('',*,*,#4144,.T.);
#5417=ORIENTED_EDGE('',*,*,#4141,.F.);
#5418=ORIENTED_EDGE('',*,*,#4145,.F.);
#5419=ORIENTED_EDGE('',*,*,#4146,.T.);
#5420=ORIENTED_EDGE('',*,*,#4142,.T.);
#5421=ORIENTED_EDGE('',*,*,#4140,.F.);
#5422=ORIENTED_EDGE('',*,*,#4147,.F.);
#5423=ORIENTED_EDGE('',*,*,#4148,.T.);
#5424=ORIENTED_EDGE('',*,*,#4145,.T.);
#5425=ORIENTED_EDGE('',*,*,#4139,.F.);
#5426=ORIENTED_EDGE('',*,*,#4149,.F.);
#5427=ORIENTED_EDGE('',*,*,#4150,.T.);
#5428=ORIENTED_EDGE('',*,*,#4147,.T.);
#5429=ORIENTED_EDGE('',*,*,#4138,.F.);
#5430=ORIENTED_EDGE('',*,*,#4151,.F.);
#5431=ORIENTED_EDGE('',*,*,#4152,.T.);
#5432=ORIENTED_EDGE('',*,*,#4149,.T.);
#5433=ORIENTED_EDGE('',*,*,#4137,.F.);
#5434=ORIENTED_EDGE('',*,*,#4144,.F.);
#5435=ORIENTED_EDGE('',*,*,#4153,.T.);
#5436=ORIENTED_EDGE('',*,*,#4151,.T.);
#5437=ORIENTED_EDGE('',*,*,#4154,.T.);
#5438=ORIENTED_EDGE('',*,*,#4155,.T.);
#5439=ORIENTED_EDGE('',*,*,#4156,.T.);
#5440=ORIENTED_EDGE('',*,*,#4157,.T.);
#5441=ORIENTED_EDGE('',*,*,#4158,.T.);
#5442=ORIENTED_EDGE('',*,*,#4159,.T.);
#5443=ORIENTED_EDGE('',*,*,#4116,.T.);
#5444=ORIENTED_EDGE('',*,*,#4154,.F.);
#5445=ORIENTED_EDGE('',*,*,#4160,.F.);
#5446=ORIENTED_EDGE('',*,*,#4161,.T.);
#5447=ORIENTED_EDGE('',*,*,#4162,.T.);
#5448=ORIENTED_EDGE('',*,*,#4159,.F.);
#5449=ORIENTED_EDGE('',*,*,#4163,.F.);
#5450=ORIENTED_EDGE('',*,*,#4164,.T.);
#5451=ORIENTED_EDGE('',*,*,#4160,.T.);
#5452=ORIENTED_EDGE('',*,*,#4158,.F.);
#5453=ORIENTED_EDGE('',*,*,#4165,.F.);
#5454=ORIENTED_EDGE('',*,*,#4166,.T.);
#5455=ORIENTED_EDGE('',*,*,#4163,.T.);
#5456=ORIENTED_EDGE('',*,*,#4157,.F.);
#5457=ORIENTED_EDGE('',*,*,#4167,.F.);
#5458=ORIENTED_EDGE('',*,*,#4168,.T.);
#5459=ORIENTED_EDGE('',*,*,#4165,.T.);
#5460=ORIENTED_EDGE('',*,*,#4156,.F.);
#5461=ORIENTED_EDGE('',*,*,#4169,.F.);
#5462=ORIENTED_EDGE('',*,*,#4170,.T.);
#5463=ORIENTED_EDGE('',*,*,#4167,.T.);
#5464=ORIENTED_EDGE('',*,*,#4155,.F.);
#5465=ORIENTED_EDGE('',*,*,#4162,.F.);
#5466=ORIENTED_EDGE('',*,*,#4171,.T.);
#5467=ORIENTED_EDGE('',*,*,#4169,.T.);
#5468=ORIENTED_EDGE('',*,*,#4172,.T.);
#5469=ORIENTED_EDGE('',*,*,#3991,.F.);
#5470=ORIENTED_EDGE('',*,*,#3994,.F.);
#5471=ORIENTED_EDGE('',*,*,#3997,.F.);
#5472=ORIENTED_EDGE('',*,*,#4000,.T.);
#5473=ORIENTED_EDGE('',*,*,#4003,.F.);
#5474=ORIENTED_EDGE('',*,*,#4006,.T.);
#5475=ORIENTED_EDGE('',*,*,#4173,.T.);
#5476=ORIENTED_EDGE('',*,*,#4174,.T.);
#5477=ORIENTED_EDGE('',*,*,#4175,.T.);
#5478=ORIENTED_EDGE('',*,*,#4176,.T.);
#5479=ORIENTED_EDGE('',*,*,#4177,.T.);
#5480=ORIENTED_EDGE('',*,*,#4178,.T.);
#5481=ORIENTED_EDGE('',*,*,#4179,.F.);
#5482=ORIENTED_EDGE('',*,*,#4011,.F.);
#5483=ORIENTED_EDGE('',*,*,#4014,.F.);
#5484=ORIENTED_EDGE('',*,*,#4017,.F.);
#5485=ORIENTED_EDGE('',*,*,#4180,.F.);
#5486=ORIENTED_EDGE('',*,*,#4181,.F.);
#5487=ORIENTED_EDGE('',*,*,#4182,.F.);
#5488=ORIENTED_EDGE('',*,*,#3986,.F.);
#5489=ORIENTED_EDGE('',*,*,#4183,.F.);
#5490=ORIENTED_EDGE('',*,*,#4184,.F.);
#5491=ORIENTED_EDGE('',*,*,#4185,.T.);
#5492=ORIENTED_EDGE('',*,*,#4186,.F.);
#5493=ORIENTED_EDGE('',*,*,#4187,.T.);
#5494=ORIENTED_EDGE('',*,*,#4188,.F.);
#5495=ORIENTED_EDGE('',*,*,#4007,.T.);
#5496=ORIENTED_EDGE('',*,*,#4004,.T.);
#5497=ORIENTED_EDGE('',*,*,#4001,.T.);
#5498=ORIENTED_EDGE('',*,*,#3998,.T.);
#5499=ORIENTED_EDGE('',*,*,#3995,.F.);
#5500=ORIENTED_EDGE('',*,*,#3906,.F.);
#5501=ORIENTED_EDGE('',*,*,#4094,.F.);
#5502=ORIENTED_EDGE('',*,*,#4015,.F.);
#5503=ORIENTED_EDGE('',*,*,#4012,.F.);
#5504=ORIENTED_EDGE('',*,*,#4009,.F.);
#5505=ORIENTED_EDGE('',*,*,#4189,.F.);
#5506=ORIENTED_EDGE('',*,*,#4190,.F.);
#5507=ORIENTED_EDGE('',*,*,#4191,.F.);
#5508=ORIENTED_EDGE('',*,*,#4172,.F.);
#5509=ORIENTED_EDGE('',*,*,#4192,.F.);
#5510=ORIENTED_EDGE('',*,*,#3783,.F.);
#5511=ORIENTED_EDGE('',*,*,#3992,.T.);
#5512=ORIENTED_EDGE('',*,*,#4179,.T.);
#5513=ORIENTED_EDGE('',*,*,#4193,.F.);
#5514=ORIENTED_EDGE('',*,*,#3784,.F.);
#5515=ORIENTED_EDGE('',*,*,#4192,.T.);
#5516=ORIENTED_EDGE('',*,*,#4178,.F.);
#5517=ORIENTED_EDGE('',*,*,#4194,.F.);
#5518=ORIENTED_EDGE('',*,*,#4183,.T.);
#5519=ORIENTED_EDGE('',*,*,#4193,.T.);
#5520=ORIENTED_EDGE('',*,*,#4177,.F.);
#5521=ORIENTED_EDGE('',*,*,#4195,.F.);
#5522=ORIENTED_EDGE('',*,*,#4184,.T.);
#5523=ORIENTED_EDGE('',*,*,#4194,.T.);
#5524=ORIENTED_EDGE('',*,*,#4176,.F.);
#5525=ORIENTED_EDGE('',*,*,#4196,.F.);
#5526=ORIENTED_EDGE('',*,*,#4185,.F.);
#5527=ORIENTED_EDGE('',*,*,#4195,.T.);
#5528=ORIENTED_EDGE('',*,*,#4175,.F.);
#5529=ORIENTED_EDGE('',*,*,#4197,.F.);
#5530=ORIENTED_EDGE('',*,*,#4186,.T.);
#5531=ORIENTED_EDGE('',*,*,#4196,.T.);
#5532=ORIENTED_EDGE('',*,*,#4174,.F.);
#5533=ORIENTED_EDGE('',*,*,#4198,.F.);
#5534=ORIENTED_EDGE('',*,*,#4187,.F.);
#5535=ORIENTED_EDGE('',*,*,#4197,.T.);
#5536=ORIENTED_EDGE('',*,*,#4173,.F.);
#5537=ORIENTED_EDGE('',*,*,#4008,.F.);
#5538=ORIENTED_EDGE('',*,*,#4188,.T.);
#5539=ORIENTED_EDGE('',*,*,#4198,.T.);
#5540=ORIENTED_EDGE('',*,*,#4191,.T.);
#5541=ORIENTED_EDGE('',*,*,#4199,.T.);
#5542=ORIENTED_EDGE('',*,*,#4182,.T.);
#5543=ORIENTED_EDGE('',*,*,#4199,.F.);
#5544=ORIENTED_EDGE('',*,*,#4190,.T.);
#5545=ORIENTED_EDGE('',*,*,#4200,.T.);
#5546=ORIENTED_EDGE('',*,*,#4181,.T.);
#5547=ORIENTED_EDGE('',*,*,#4200,.F.);
#5548=ORIENTED_EDGE('',*,*,#4189,.T.);
#5549=ORIENTED_EDGE('',*,*,#4201,.T.);
#5550=ORIENTED_EDGE('',*,*,#4180,.T.);
#5551=ORIENTED_EDGE('',*,*,#4201,.F.);
#5552=ORIENTED_EDGE('',*,*,#3917,.F.);
#5553=ORIENTED_EDGE('',*,*,#3919,.T.);
#5554=ORIENTED_EDGE('',*,*,#3921,.F.);
#5555=ORIENTED_EDGE('',*,*,#3923,.T.);
#5556=ORIENTED_EDGE('',*,*,#3925,.F.);
#5557=ORIENTED_EDGE('',*,*,#3990,.T.);
#5558=ORIENTED_EDGE('',*,*,#4029,.T.);
#5559=ORIENTED_EDGE('',*,*,#4026,.T.);
#5560=ORIENTED_EDGE('',*,*,#4023,.T.);
#5561=ORIENTED_EDGE('',*,*,#4020,.T.);
#5562=ORIENTED_EDGE('',*,*,#4104,.F.);
#5563=ORIENTED_EDGE('',*,*,#4106,.T.);
#5564=ORIENTED_EDGE('',*,*,#4108,.F.);
#5565=ORIENTED_EDGE('',*,*,#4110,.T.);
#5566=ORIENTED_EDGE('',*,*,#4111,.F.);
#5567=ORIENTED_EDGE('',*,*,#3902,.T.);
#5568=ORIENTED_EDGE('',*,*,#3833,.T.);
#5569=ORIENTED_EDGE('',*,*,#3830,.T.);
#5570=ORIENTED_EDGE('',*,*,#3827,.T.);
#5571=ORIENTED_EDGE('',*,*,#3824,.T.);
#5572=ORIENTED_EDGE('',*,*,#3887,.F.);
#5573=ORIENTED_EDGE('',*,*,#3897,.F.);
#5574=ORIENTED_EDGE('',*,*,#3895,.F.);
#5575=ORIENTED_EDGE('',*,*,#3893,.F.);
#5576=ORIENTED_EDGE('',*,*,#3891,.F.);
#5577=ORIENTED_EDGE('',*,*,#3889,.F.);
#5578=ORIENTED_EDGE('',*,*,#3851,.F.);
#5579=ORIENTED_EDGE('',*,*,#3861,.F.);
#5580=ORIENTED_EDGE('',*,*,#3859,.F.);
#5581=ORIENTED_EDGE('',*,*,#3857,.F.);
#5582=ORIENTED_EDGE('',*,*,#3855,.F.);
#5583=ORIENTED_EDGE('',*,*,#3853,.F.);
#5584=ORIENTED_EDGE('',*,*,#3869,.F.);
#5585=ORIENTED_EDGE('',*,*,#3879,.F.);
#5586=ORIENTED_EDGE('',*,*,#3877,.F.);
#5587=ORIENTED_EDGE('',*,*,#3875,.F.);
#5588=ORIENTED_EDGE('',*,*,#3873,.F.);
#5589=ORIENTED_EDGE('',*,*,#3871,.F.);
#5590=ORIENTED_EDGE('',*,*,#3975,.F.);
#5591=ORIENTED_EDGE('',*,*,#3985,.F.);
#5592=ORIENTED_EDGE('',*,*,#3983,.F.);
#5593=ORIENTED_EDGE('',*,*,#3981,.F.);
#5594=ORIENTED_EDGE('',*,*,#3979,.F.);
#5595=ORIENTED_EDGE('',*,*,#3977,.F.);
#5596=ORIENTED_EDGE('',*,*,#3939,.F.);
#5597=ORIENTED_EDGE('',*,*,#3949,.F.);
#5598=ORIENTED_EDGE('',*,*,#3947,.F.);
#5599=ORIENTED_EDGE('',*,*,#3945,.F.);
#5600=ORIENTED_EDGE('',*,*,#3943,.F.);
#5601=ORIENTED_EDGE('',*,*,#3941,.F.);
#5602=ORIENTED_EDGE('',*,*,#3957,.F.);
#5603=ORIENTED_EDGE('',*,*,#3967,.F.);
#5604=ORIENTED_EDGE('',*,*,#3965,.F.);
#5605=ORIENTED_EDGE('',*,*,#3963,.F.);
#5606=ORIENTED_EDGE('',*,*,#3961,.F.);
#5607=ORIENTED_EDGE('',*,*,#3959,.F.);
#5608=ORIENTED_EDGE('',*,*,#4091,.F.);
#5609=ORIENTED_EDGE('',*,*,#4092,.F.);
#5610=ORIENTED_EDGE('',*,*,#4082,.F.);
#5611=ORIENTED_EDGE('',*,*,#4085,.F.);
#5612=ORIENTED_EDGE('',*,*,#4087,.F.);
#5613=ORIENTED_EDGE('',*,*,#4089,.F.);
#5614=ORIENTED_EDGE('',*,*,#4055,.F.);
#5615=ORIENTED_EDGE('',*,*,#4056,.F.);
#5616=ORIENTED_EDGE('',*,*,#4046,.F.);
#5617=ORIENTED_EDGE('',*,*,#4049,.F.);
#5618=ORIENTED_EDGE('',*,*,#4051,.F.);
#5619=ORIENTED_EDGE('',*,*,#4053,.F.);
#5620=ORIENTED_EDGE('',*,*,#4073,.F.);
#5621=ORIENTED_EDGE('',*,*,#4074,.F.);
#5622=ORIENTED_EDGE('',*,*,#4064,.F.);
#5623=ORIENTED_EDGE('',*,*,#4067,.F.);
#5624=ORIENTED_EDGE('',*,*,#4069,.F.);
#5625=ORIENTED_EDGE('',*,*,#4071,.F.);
#5626=ORIENTED_EDGE('',*,*,#4170,.F.);
#5627=ORIENTED_EDGE('',*,*,#4171,.F.);
#5628=ORIENTED_EDGE('',*,*,#4161,.F.);
#5629=ORIENTED_EDGE('',*,*,#4164,.F.);
#5630=ORIENTED_EDGE('',*,*,#4166,.F.);
#5631=ORIENTED_EDGE('',*,*,#4168,.F.);
#5632=ORIENTED_EDGE('',*,*,#4134,.F.);
#5633=ORIENTED_EDGE('',*,*,#4135,.F.);
#5634=ORIENTED_EDGE('',*,*,#4125,.F.);
#5635=ORIENTED_EDGE('',*,*,#4128,.F.);
#5636=ORIENTED_EDGE('',*,*,#4130,.F.);
#5637=ORIENTED_EDGE('',*,*,#4132,.F.);
#5638=ORIENTED_EDGE('',*,*,#4152,.F.);
#5639=ORIENTED_EDGE('',*,*,#4153,.F.);
#5640=ORIENTED_EDGE('',*,*,#4143,.F.);
#5641=ORIENTED_EDGE('',*,*,#4146,.F.);
#5642=ORIENTED_EDGE('',*,*,#4148,.F.);
#5643=ORIENTED_EDGE('',*,*,#4150,.F.);
#5644=ORIENTED_EDGE('',*,*,#4202,.F.);
#5645=ORIENTED_EDGE('',*,*,#4203,.F.);
#5646=ORIENTED_EDGE('',*,*,#4204,.T.);
#5647=ORIENTED_EDGE('',*,*,#4205,.T.);
#5648=ORIENTED_EDGE('',*,*,#4206,.F.);
#5649=ORIENTED_EDGE('',*,*,#4207,.T.);
#5650=ORIENTED_EDGE('',*,*,#4208,.T.);
#5651=ORIENTED_EDGE('',*,*,#4209,.F.);
#5652=ORIENTED_EDGE('',*,*,#4210,.F.);
#5653=ORIENTED_EDGE('',*,*,#4211,.F.);
#5654=ORIENTED_EDGE('',*,*,#4202,.T.);
#5655=ORIENTED_EDGE('',*,*,#4212,.T.);
#5656=ORIENTED_EDGE('',*,*,#4208,.F.);
#5657=ORIENTED_EDGE('',*,*,#4213,.T.);
#5658=ORIENTED_EDGE('',*,*,#4214,.T.);
#5659=ORIENTED_EDGE('',*,*,#4215,.F.);
#5660=ORIENTED_EDGE('',*,*,#4216,.F.);
#5661=ORIENTED_EDGE('',*,*,#4217,.F.);
#5662=ORIENTED_EDGE('',*,*,#4210,.T.);
#5663=ORIENTED_EDGE('',*,*,#4218,.T.);
#5664=ORIENTED_EDGE('',*,*,#4214,.F.);
#5665=ORIENTED_EDGE('',*,*,#4219,.T.);
#5666=ORIENTED_EDGE('',*,*,#4220,.T.);
#5667=ORIENTED_EDGE('',*,*,#4221,.F.);
#5668=ORIENTED_EDGE('',*,*,#4204,.F.);
#5669=ORIENTED_EDGE('',*,*,#4222,.F.);
#5670=ORIENTED_EDGE('',*,*,#4216,.T.);
#5671=ORIENTED_EDGE('',*,*,#4223,.T.);
#5672=ORIENTED_EDGE('',*,*,#4224,.F.);
#5673=ORIENTED_EDGE('',*,*,#4225,.T.);
#5674=ORIENTED_EDGE('',*,*,#4220,.F.);
#5675=ORIENTED_EDGE('',*,*,#4226,.T.);
#5676=ORIENTED_EDGE('',*,*,#4206,.T.);
#5677=ORIENTED_EDGE('',*,*,#4227,.F.);
#5678=ORIENTED_EDGE('',*,*,#4203,.T.);
#5679=ORIENTED_EDGE('',*,*,#4211,.T.);
#5680=ORIENTED_EDGE('',*,*,#4217,.T.);
#5681=ORIENTED_EDGE('',*,*,#4222,.T.);
#5682=ORIENTED_EDGE('',*,*,#4219,.F.);
#5683=ORIENTED_EDGE('',*,*,#4213,.F.);
#5684=ORIENTED_EDGE('',*,*,#4207,.F.);
#5685=ORIENTED_EDGE('',*,*,#4226,.F.);
#5686=ORIENTED_EDGE('',*,*,#4228,.T.);
#5687=ORIENTED_EDGE('',*,*,#4205,.F.);
#5688=ORIENTED_EDGE('',*,*,#4229,.F.);
#5689=ORIENTED_EDGE('',*,*,#4209,.T.);
#5690=ORIENTED_EDGE('',*,*,#4230,.T.);
#5691=ORIENTED_EDGE('',*,*,#4212,.F.);
#5692=ORIENTED_EDGE('',*,*,#4228,.F.);
#5693=ORIENTED_EDGE('',*,*,#4215,.T.);
#5694=ORIENTED_EDGE('',*,*,#4231,.T.);
#5695=ORIENTED_EDGE('',*,*,#4218,.F.);
#5696=ORIENTED_EDGE('',*,*,#4230,.F.);
#5697=ORIENTED_EDGE('',*,*,#4221,.T.);
#5698=ORIENTED_EDGE('',*,*,#4229,.T.);
#5699=ORIENTED_EDGE('',*,*,#4225,.F.);
#5700=ORIENTED_EDGE('',*,*,#4224,.T.);
#5701=ORIENTED_EDGE('',*,*,#4223,.F.);
#5702=ORIENTED_EDGE('',*,*,#4231,.F.);
#5703=ORIENTED_EDGE('',*,*,#4227,.T.);
#5704=ORIENTED_EDGE('',*,*,#4232,.T.);
#5705=ORIENTED_EDGE('',*,*,#4233,.F.);
#5706=ORIENTED_EDGE('',*,*,#4234,.F.);
#5707=ORIENTED_EDGE('',*,*,#4235,.T.);
#5708=ORIENTED_EDGE('',*,*,#4234,.T.);
#5709=ORIENTED_EDGE('',*,*,#4236,.F.);
#5710=ORIENTED_EDGE('',*,*,#4237,.F.);
#5711=ORIENTED_EDGE('',*,*,#4238,.T.);
#5712=ORIENTED_EDGE('',*,*,#4237,.T.);
#5713=ORIENTED_EDGE('',*,*,#4239,.F.);
#5714=ORIENTED_EDGE('',*,*,#4240,.F.);
#5715=ORIENTED_EDGE('',*,*,#4241,.T.);
#5716=ORIENTED_EDGE('',*,*,#4240,.T.);
#5717=ORIENTED_EDGE('',*,*,#4242,.F.);
#5718=ORIENTED_EDGE('',*,*,#4232,.F.);
#5719=ORIENTED_EDGE('',*,*,#4243,.T.);
#5720=ORIENTED_EDGE('',*,*,#4244,.F.);
#5721=ORIENTED_EDGE('',*,*,#4245,.F.);
#5722=ORIENTED_EDGE('',*,*,#4246,.F.);
#5723=ORIENTED_EDGE('',*,*,#4247,.F.);
#5724=ORIENTED_EDGE('',*,*,#4248,.T.);
#5725=ORIENTED_EDGE('',*,*,#4249,.T.);
#5726=ORIENTED_EDGE('',*,*,#4250,.T.);
#5727=ORIENTED_EDGE('',*,*,#4251,.T.);
#5728=ORIENTED_EDGE('',*,*,#4252,.F.);
#5729=ORIENTED_EDGE('',*,*,#4247,.T.);
#5730=ORIENTED_EDGE('',*,*,#4253,.T.);
#5731=ORIENTED_EDGE('',*,*,#4235,.F.);
#5732=ORIENTED_EDGE('',*,*,#4254,.F.);
#5733=ORIENTED_EDGE('',*,*,#4251,.F.);
#5734=ORIENTED_EDGE('',*,*,#4255,.T.);
#5735=ORIENTED_EDGE('',*,*,#4233,.T.);
#5736=ORIENTED_EDGE('',*,*,#4256,.F.);
#5737=ORIENTED_EDGE('',*,*,#4244,.T.);
#5738=ORIENTED_EDGE('',*,*,#4252,.T.);
#5739=ORIENTED_EDGE('',*,*,#4238,.F.);
#5740=ORIENTED_EDGE('',*,*,#4255,.F.);
#5741=ORIENTED_EDGE('',*,*,#4250,.F.);
#5742=ORIENTED_EDGE('',*,*,#4257,.T.);
#5743=ORIENTED_EDGE('',*,*,#4236,.T.);
#5744=ORIENTED_EDGE('',*,*,#4258,.F.);
#5745=ORIENTED_EDGE('',*,*,#4245,.T.);
#5746=ORIENTED_EDGE('',*,*,#4256,.T.);
#5747=ORIENTED_EDGE('',*,*,#4241,.F.);
#5748=ORIENTED_EDGE('',*,*,#4257,.F.);
#5749=ORIENTED_EDGE('',*,*,#4249,.F.);
#5750=ORIENTED_EDGE('',*,*,#4259,.T.);
#5751=ORIENTED_EDGE('',*,*,#4239,.T.);
#5752=ORIENTED_EDGE('',*,*,#4253,.F.);
#5753=ORIENTED_EDGE('',*,*,#4246,.T.);
#5754=ORIENTED_EDGE('',*,*,#4258,.T.);
#5755=ORIENTED_EDGE('',*,*,#4243,.F.);
#5756=ORIENTED_EDGE('',*,*,#4259,.F.);
#5757=ORIENTED_EDGE('',*,*,#4248,.F.);
#5758=ORIENTED_EDGE('',*,*,#4254,.T.);
#5759=ORIENTED_EDGE('',*,*,#4242,.T.);
#5760=ORIENTED_EDGE('',*,*,#4260,.F.);
#5761=ORIENTED_EDGE('',*,*,#4261,.F.);
#5762=ORIENTED_EDGE('',*,*,#4262,.F.);
#5763=ORIENTED_EDGE('',*,*,#4263,.F.);
#5764=ORIENTED_EDGE('',*,*,#4264,.F.);
#5765=ORIENTED_EDGE('',*,*,#4265,.F.);
#5766=ORIENTED_EDGE('',*,*,#4266,.F.);
#5767=ORIENTED_EDGE('',*,*,#4267,.F.);
#5768=ORIENTED_EDGE('',*,*,#4268,.F.);
#5769=ORIENTED_EDGE('',*,*,#4269,.F.);
#5770=ORIENTED_EDGE('',*,*,#4270,.F.);
#5771=ORIENTED_EDGE('',*,*,#4271,.F.);
#5772=ORIENTED_EDGE('',*,*,#4272,.F.);
#5773=ORIENTED_EDGE('',*,*,#4273,.F.);
#5774=ORIENTED_EDGE('',*,*,#4274,.F.);
#5775=ORIENTED_EDGE('',*,*,#4275,.F.);
#5776=ORIENTED_EDGE('',*,*,#4276,.F.);
#5777=ORIENTED_EDGE('',*,*,#4277,.F.);
#5778=ORIENTED_EDGE('',*,*,#4278,.F.);
#5779=ORIENTED_EDGE('',*,*,#4279,.F.);
#5780=ORIENTED_EDGE('',*,*,#4280,.F.);
#5781=ORIENTED_EDGE('',*,*,#4281,.F.);
#5782=ORIENTED_EDGE('',*,*,#4282,.F.);
#5783=ORIENTED_EDGE('',*,*,#4283,.F.);
#5784=ORIENTED_EDGE('',*,*,#4284,.F.);
#5785=ORIENTED_EDGE('',*,*,#4285,.T.);
#5786=ORIENTED_EDGE('',*,*,#4286,.T.);
#5787=ORIENTED_EDGE('',*,*,#4287,.T.);
#5788=ORIENTED_EDGE('',*,*,#4288,.T.);
#5789=ORIENTED_EDGE('',*,*,#4289,.T.);
#5790=ORIENTED_EDGE('',*,*,#4290,.T.);
#5791=ORIENTED_EDGE('',*,*,#4291,.T.);
#5792=ORIENTED_EDGE('',*,*,#4292,.T.);
#5793=ORIENTED_EDGE('',*,*,#4293,.F.);
#5794=ORIENTED_EDGE('',*,*,#4294,.T.);
#5795=ORIENTED_EDGE('',*,*,#4295,.T.);
#5796=ORIENTED_EDGE('',*,*,#4296,.F.);
#5797=ORIENTED_EDGE('',*,*,#4297,.T.);
#5798=ORIENTED_EDGE('',*,*,#4298,.F.);
#5799=ORIENTED_EDGE('',*,*,#4299,.T.);
#5800=ORIENTED_EDGE('',*,*,#4300,.T.);
#5801=ORIENTED_EDGE('',*,*,#4301,.T.);
#5802=ORIENTED_EDGE('',*,*,#4302,.F.);
#5803=ORIENTED_EDGE('',*,*,#4303,.T.);
#5804=ORIENTED_EDGE('',*,*,#4304,.F.);
#5805=ORIENTED_EDGE('',*,*,#4305,.T.);
#5806=ORIENTED_EDGE('',*,*,#4306,.T.);
#5807=ORIENTED_EDGE('',*,*,#4307,.F.);
#5808=ORIENTED_EDGE('',*,*,#4308,.T.);
#5809=ORIENTED_EDGE('',*,*,#4309,.F.);
#5810=ORIENTED_EDGE('',*,*,#4260,.T.);
#5811=ORIENTED_EDGE('',*,*,#4310,.F.);
#5812=ORIENTED_EDGE('',*,*,#4285,.F.);
#5813=ORIENTED_EDGE('',*,*,#4311,.T.);
#5814=ORIENTED_EDGE('',*,*,#4261,.T.);
#5815=ORIENTED_EDGE('',*,*,#4311,.F.);
#5816=ORIENTED_EDGE('',*,*,#4288,.F.);
#5817=ORIENTED_EDGE('',*,*,#4312,.T.);
#5818=ORIENTED_EDGE('',*,*,#4262,.T.);
#5819=ORIENTED_EDGE('',*,*,#4312,.F.);
#5820=ORIENTED_EDGE('',*,*,#4287,.F.);
#5821=ORIENTED_EDGE('',*,*,#4313,.T.);
#5822=ORIENTED_EDGE('',*,*,#4263,.T.);
#5823=ORIENTED_EDGE('',*,*,#4313,.F.);
#5824=ORIENTED_EDGE('',*,*,#4286,.F.);
#5825=ORIENTED_EDGE('',*,*,#4310,.T.);
#5826=ORIENTED_EDGE('',*,*,#4264,.T.);
#5827=ORIENTED_EDGE('',*,*,#4314,.F.);
#5828=ORIENTED_EDGE('',*,*,#4289,.F.);
#5829=ORIENTED_EDGE('',*,*,#4315,.T.);
#5830=ORIENTED_EDGE('',*,*,#4265,.T.);
#5831=ORIENTED_EDGE('',*,*,#4315,.F.);
#5832=ORIENTED_EDGE('',*,*,#4309,.T.);
#5833=ORIENTED_EDGE('',*,*,#4316,.T.);
#5834=ORIENTED_EDGE('',*,*,#4266,.T.);
#5835=ORIENTED_EDGE('',*,*,#4316,.F.);
#5836=ORIENTED_EDGE('',*,*,#4308,.F.);
#5837=ORIENTED_EDGE('',*,*,#4317,.T.);
#5838=ORIENTED_EDGE('',*,*,#4267,.T.);
#5839=ORIENTED_EDGE('',*,*,#4317,.F.);
#5840=ORIENTED_EDGE('',*,*,#4307,.T.);
#5841=ORIENTED_EDGE('',*,*,#4318,.T.);
#5842=ORIENTED_EDGE('',*,*,#4268,.T.);
#5843=ORIENTED_EDGE('',*,*,#4318,.F.);
#5844=ORIENTED_EDGE('',*,*,#4306,.F.);
#5845=ORIENTED_EDGE('',*,*,#4319,.T.);
#5846=ORIENTED_EDGE('',*,*,#4269,.T.);
#5847=ORIENTED_EDGE('',*,*,#4319,.F.);
#5848=ORIENTED_EDGE('',*,*,#4305,.F.);
#5849=ORIENTED_EDGE('',*,*,#4320,.T.);
#5850=ORIENTED_EDGE('',*,*,#4270,.T.);
#5851=ORIENTED_EDGE('',*,*,#4320,.F.);
#5852=ORIENTED_EDGE('',*,*,#4304,.T.);
#5853=ORIENTED_EDGE('',*,*,#4321,.T.);
#5854=ORIENTED_EDGE('',*,*,#4271,.T.);
#5855=ORIENTED_EDGE('',*,*,#4321,.F.);
#5856=ORIENTED_EDGE('',*,*,#4303,.F.);
#5857=ORIENTED_EDGE('',*,*,#4322,.T.);
#5858=ORIENTED_EDGE('',*,*,#4272,.T.);
#5859=ORIENTED_EDGE('',*,*,#4322,.F.);
#5860=ORIENTED_EDGE('',*,*,#4302,.T.);
#5861=ORIENTED_EDGE('',*,*,#4323,.T.);
#5862=ORIENTED_EDGE('',*,*,#4273,.T.);
#5863=ORIENTED_EDGE('',*,*,#4323,.F.);
#5864=ORIENTED_EDGE('',*,*,#4301,.F.);
#5865=ORIENTED_EDGE('',*,*,#4324,.T.);
#5866=ORIENTED_EDGE('',*,*,#4274,.T.);
#5867=ORIENTED_EDGE('',*,*,#4324,.F.);
#5868=ORIENTED_EDGE('',*,*,#4300,.F.);
#5869=ORIENTED_EDGE('',*,*,#4325,.T.);
#5870=ORIENTED_EDGE('',*,*,#4275,.T.);
#5871=ORIENTED_EDGE('',*,*,#4325,.F.);
#5872=ORIENTED_EDGE('',*,*,#4299,.F.);
#5873=ORIENTED_EDGE('',*,*,#4326,.T.);
#5874=ORIENTED_EDGE('',*,*,#4276,.T.);
#5875=ORIENTED_EDGE('',*,*,#4326,.F.);
#5876=ORIENTED_EDGE('',*,*,#4298,.T.);
#5877=ORIENTED_EDGE('',*,*,#4327,.T.);
#5878=ORIENTED_EDGE('',*,*,#4277,.T.);
#5879=ORIENTED_EDGE('',*,*,#4327,.F.);
#5880=ORIENTED_EDGE('',*,*,#4297,.F.);
#5881=ORIENTED_EDGE('',*,*,#4328,.T.);
#5882=ORIENTED_EDGE('',*,*,#4278,.T.);
#5883=ORIENTED_EDGE('',*,*,#4328,.F.);
#5884=ORIENTED_EDGE('',*,*,#4296,.T.);
#5885=ORIENTED_EDGE('',*,*,#4329,.T.);
#5886=ORIENTED_EDGE('',*,*,#4279,.T.);
#5887=ORIENTED_EDGE('',*,*,#4329,.F.);
#5888=ORIENTED_EDGE('',*,*,#4295,.F.);
#5889=ORIENTED_EDGE('',*,*,#4330,.T.);
#5890=ORIENTED_EDGE('',*,*,#4280,.T.);
#5891=ORIENTED_EDGE('',*,*,#4330,.F.);
#5892=ORIENTED_EDGE('',*,*,#4294,.F.);
#5893=ORIENTED_EDGE('',*,*,#4331,.T.);
#5894=ORIENTED_EDGE('',*,*,#4281,.T.);
#5895=ORIENTED_EDGE('',*,*,#4331,.F.);
#5896=ORIENTED_EDGE('',*,*,#4293,.T.);
#5897=ORIENTED_EDGE('',*,*,#4332,.T.);
#5898=ORIENTED_EDGE('',*,*,#4282,.T.);
#5899=ORIENTED_EDGE('',*,*,#4332,.F.);
#5900=ORIENTED_EDGE('',*,*,#4292,.F.);
#5901=ORIENTED_EDGE('',*,*,#4333,.T.);
#5902=ORIENTED_EDGE('',*,*,#4283,.T.);
#5903=ORIENTED_EDGE('',*,*,#4333,.F.);
#5904=ORIENTED_EDGE('',*,*,#4291,.F.);
#5905=ORIENTED_EDGE('',*,*,#4334,.T.);
#5906=ORIENTED_EDGE('',*,*,#4284,.T.);
#5907=ORIENTED_EDGE('',*,*,#4334,.F.);
#5908=ORIENTED_EDGE('',*,*,#4290,.F.);
#5909=ORIENTED_EDGE('',*,*,#4314,.T.);
#5910=ORIENTED_EDGE('',*,*,#4335,.F.);
#5911=ORIENTED_EDGE('',*,*,#4336,.F.);
#5912=ORIENTED_EDGE('',*,*,#4337,.F.);
#5913=ORIENTED_EDGE('',*,*,#4338,.F.);
#5914=ORIENTED_EDGE('',*,*,#4339,.F.);
#5915=ORIENTED_EDGE('',*,*,#4340,.F.);
#5916=ORIENTED_EDGE('',*,*,#4341,.F.);
#5917=ORIENTED_EDGE('',*,*,#4342,.F.);
#5918=ORIENTED_EDGE('',*,*,#4343,.F.);
#5919=ORIENTED_EDGE('',*,*,#4344,.F.);
#5920=ORIENTED_EDGE('',*,*,#4345,.F.);
#5921=ORIENTED_EDGE('',*,*,#4346,.F.);
#5922=ORIENTED_EDGE('',*,*,#4347,.F.);
#5923=ORIENTED_EDGE('',*,*,#4348,.F.);
#5924=ORIENTED_EDGE('',*,*,#4349,.F.);
#5925=ORIENTED_EDGE('',*,*,#4350,.F.);
#5926=ORIENTED_EDGE('',*,*,#4351,.T.);
#5927=ORIENTED_EDGE('',*,*,#4352,.T.);
#5928=ORIENTED_EDGE('',*,*,#4353,.T.);
#5929=ORIENTED_EDGE('',*,*,#4354,.T.);
#5930=ORIENTED_EDGE('',*,*,#4355,.F.);
#5931=ORIENTED_EDGE('',*,*,#4356,.F.);
#5932=ORIENTED_EDGE('',*,*,#4357,.F.);
#5933=ORIENTED_EDGE('',*,*,#4358,.F.);
#5934=ORIENTED_EDGE('',*,*,#4359,.F.);
#5935=ORIENTED_EDGE('',*,*,#4360,.F.);
#5936=ORIENTED_EDGE('',*,*,#4361,.F.);
#5937=ORIENTED_EDGE('',*,*,#4362,.F.);
#5938=ORIENTED_EDGE('',*,*,#4363,.F.);
#5939=ORIENTED_EDGE('',*,*,#4364,.F.);
#5940=ORIENTED_EDGE('',*,*,#4365,.F.);
#5941=ORIENTED_EDGE('',*,*,#4366,.F.);
#5942=ORIENTED_EDGE('',*,*,#4335,.T.);
#5943=ORIENTED_EDGE('',*,*,#4367,.F.);
#5944=ORIENTED_EDGE('',*,*,#4351,.F.);
#5945=ORIENTED_EDGE('',*,*,#4368,.T.);
#5946=ORIENTED_EDGE('',*,*,#4336,.T.);
#5947=ORIENTED_EDGE('',*,*,#4368,.F.);
#5948=ORIENTED_EDGE('',*,*,#4354,.F.);
#5949=ORIENTED_EDGE('',*,*,#4369,.T.);
#5950=ORIENTED_EDGE('',*,*,#4337,.T.);
#5951=ORIENTED_EDGE('',*,*,#4369,.F.);
#5952=ORIENTED_EDGE('',*,*,#4353,.F.);
#5953=ORIENTED_EDGE('',*,*,#4370,.T.);
#5954=ORIENTED_EDGE('',*,*,#4338,.T.);
#5955=ORIENTED_EDGE('',*,*,#4370,.F.);
#5956=ORIENTED_EDGE('',*,*,#4352,.F.);
#5957=ORIENTED_EDGE('',*,*,#4367,.T.);
#5958=ORIENTED_EDGE('',*,*,#4366,.T.);
#5959=ORIENTED_EDGE('',*,*,#4371,.T.);
#5960=ORIENTED_EDGE('',*,*,#4350,.T.);
#5961=ORIENTED_EDGE('',*,*,#4371,.F.);
#5962=ORIENTED_EDGE('',*,*,#4365,.T.);
#5963=ORIENTED_EDGE('',*,*,#4372,.T.);
#5964=ORIENTED_EDGE('',*,*,#4349,.T.);
#5965=ORIENTED_EDGE('',*,*,#4372,.F.);
#5966=ORIENTED_EDGE('',*,*,#4364,.T.);
#5967=ORIENTED_EDGE('',*,*,#4373,.T.);
#5968=ORIENTED_EDGE('',*,*,#4348,.T.);
#5969=ORIENTED_EDGE('',*,*,#4373,.F.);
#5970=ORIENTED_EDGE('',*,*,#4363,.T.);
#5971=ORIENTED_EDGE('',*,*,#4374,.T.);
#5972=ORIENTED_EDGE('',*,*,#4347,.T.);
#5973=ORIENTED_EDGE('',*,*,#4374,.F.);
#5974=ORIENTED_EDGE('',*,*,#4362,.T.);
#5975=ORIENTED_EDGE('',*,*,#4375,.T.);
#5976=ORIENTED_EDGE('',*,*,#4346,.T.);
#5977=ORIENTED_EDGE('',*,*,#4375,.F.);
#5978=ORIENTED_EDGE('',*,*,#4361,.T.);
#5979=ORIENTED_EDGE('',*,*,#4376,.T.);
#5980=ORIENTED_EDGE('',*,*,#4345,.T.);
#5981=ORIENTED_EDGE('',*,*,#4376,.F.);
#5982=ORIENTED_EDGE('',*,*,#4360,.T.);
#5983=ORIENTED_EDGE('',*,*,#4377,.T.);
#5984=ORIENTED_EDGE('',*,*,#4344,.T.);
#5985=ORIENTED_EDGE('',*,*,#4377,.F.);
#5986=ORIENTED_EDGE('',*,*,#4359,.T.);
#5987=ORIENTED_EDGE('',*,*,#4378,.T.);
#5988=ORIENTED_EDGE('',*,*,#4343,.T.);
#5989=ORIENTED_EDGE('',*,*,#4378,.F.);
#5990=ORIENTED_EDGE('',*,*,#4358,.T.);
#5991=ORIENTED_EDGE('',*,*,#4379,.T.);
#5992=ORIENTED_EDGE('',*,*,#4342,.T.);
#5993=ORIENTED_EDGE('',*,*,#4379,.F.);
#5994=ORIENTED_EDGE('',*,*,#4357,.T.);
#5995=ORIENTED_EDGE('',*,*,#4380,.T.);
#5996=ORIENTED_EDGE('',*,*,#4341,.T.);
#5997=ORIENTED_EDGE('',*,*,#4380,.F.);
#5998=ORIENTED_EDGE('',*,*,#4356,.T.);
#5999=ORIENTED_EDGE('',*,*,#4381,.T.);
#6000=ORIENTED_EDGE('',*,*,#4340,.T.);
#6001=ORIENTED_EDGE('',*,*,#4381,.F.);
#6002=ORIENTED_EDGE('',*,*,#4355,.T.);
#6003=ORIENTED_EDGE('',*,*,#4382,.T.);
#6004=ORIENTED_EDGE('',*,*,#4339,.T.);
#6005=ORIENTED_EDGE('',*,*,#4382,.F.);
#6006=ORIENTED_EDGE('',*,*,#4383,.F.);
#6007=ORIENTED_EDGE('',*,*,#4384,.F.);
#6008=ORIENTED_EDGE('',*,*,#4385,.T.);
#6009=ORIENTED_EDGE('',*,*,#4386,.T.);
#6010=ORIENTED_EDGE('',*,*,#4387,.F.);
#6011=ORIENTED_EDGE('',*,*,#4386,.F.);
#6012=ORIENTED_EDGE('',*,*,#4388,.T.);
#6013=ORIENTED_EDGE('',*,*,#4389,.T.);
#6014=ORIENTED_EDGE('',*,*,#4390,.F.);
#6015=ORIENTED_EDGE('',*,*,#4389,.F.);
#6016=ORIENTED_EDGE('',*,*,#4391,.T.);
#6017=ORIENTED_EDGE('',*,*,#4392,.T.);
#6018=ORIENTED_EDGE('',*,*,#4393,.F.);
#6019=ORIENTED_EDGE('',*,*,#4392,.F.);
#6020=ORIENTED_EDGE('',*,*,#4394,.T.);
#6021=ORIENTED_EDGE('',*,*,#4384,.T.);
#6022=ORIENTED_EDGE('',*,*,#4395,.T.);
#6023=ORIENTED_EDGE('',*,*,#4396,.F.);
#6024=ORIENTED_EDGE('',*,*,#4397,.F.);
#6025=ORIENTED_EDGE('',*,*,#4398,.T.);
#6026=ORIENTED_EDGE('',*,*,#4397,.T.);
#6027=ORIENTED_EDGE('',*,*,#4399,.F.);
#6028=ORIENTED_EDGE('',*,*,#4400,.F.);
#6029=ORIENTED_EDGE('',*,*,#4401,.F.);
#6030=ORIENTED_EDGE('',*,*,#4394,.F.);
#6031=ORIENTED_EDGE('',*,*,#4391,.F.);
#6032=ORIENTED_EDGE('',*,*,#4388,.F.);
#6033=ORIENTED_EDGE('',*,*,#4385,.F.);
#6034=ORIENTED_EDGE('',*,*,#4395,.F.);
#6035=ORIENTED_EDGE('',*,*,#4402,.T.);
#6036=ORIENTED_EDGE('',*,*,#4403,.T.);
#6037=ORIENTED_EDGE('',*,*,#4404,.T.);
#6038=ORIENTED_EDGE('',*,*,#4393,.T.);
#6039=ORIENTED_EDGE('',*,*,#4383,.T.);
#6040=ORIENTED_EDGE('',*,*,#4387,.T.);
#6041=ORIENTED_EDGE('',*,*,#4390,.T.);
#6042=ORIENTED_EDGE('',*,*,#4405,.T.);
#6043=ORIENTED_EDGE('',*,*,#4406,.T.);
#6044=ORIENTED_EDGE('',*,*,#4407,.T.);
#6045=ORIENTED_EDGE('',*,*,#4408,.T.);
#6046=ORIENTED_EDGE('',*,*,#4409,.T.);
#6047=ORIENTED_EDGE('',*,*,#4410,.T.);
#6048=ORIENTED_EDGE('',*,*,#4411,.T.);
#6049=ORIENTED_EDGE('',*,*,#4412,.T.);
#6050=ORIENTED_EDGE('',*,*,#4413,.T.);
#6051=ORIENTED_EDGE('',*,*,#4414,.T.);
#6052=ORIENTED_EDGE('',*,*,#4415,.T.);
#6053=ORIENTED_EDGE('',*,*,#4416,.T.);
#6054=ORIENTED_EDGE('',*,*,#4417,.T.);
#6055=ORIENTED_EDGE('',*,*,#4418,.T.);
#6056=ORIENTED_EDGE('',*,*,#4419,.T.);
#6057=ORIENTED_EDGE('',*,*,#4420,.T.);
#6058=ORIENTED_EDGE('',*,*,#4421,.T.);
#6059=ORIENTED_EDGE('',*,*,#4422,.T.);
#6060=ORIENTED_EDGE('',*,*,#4423,.T.);
#6061=ORIENTED_EDGE('',*,*,#4424,.T.);
#6062=ORIENTED_EDGE('',*,*,#4425,.T.);
#6063=ORIENTED_EDGE('',*,*,#4426,.T.);
#6064=ORIENTED_EDGE('',*,*,#4427,.T.);
#6065=ORIENTED_EDGE('',*,*,#4428,.T.);
#6066=ORIENTED_EDGE('',*,*,#4429,.T.);
#6067=ORIENTED_EDGE('',*,*,#4430,.F.);
#6068=ORIENTED_EDGE('',*,*,#4431,.F.);
#6069=ORIENTED_EDGE('',*,*,#4432,.T.);
#6070=ORIENTED_EDGE('',*,*,#4433,.T.);
#6071=ORIENTED_EDGE('',*,*,#4434,.F.);
#6072=ORIENTED_EDGE('',*,*,#4435,.F.);
#6073=ORIENTED_EDGE('',*,*,#4430,.T.);
#6074=ORIENTED_EDGE('',*,*,#4436,.T.);
#6075=ORIENTED_EDGE('',*,*,#4437,.F.);
#6076=ORIENTED_EDGE('',*,*,#4438,.F.);
#6077=ORIENTED_EDGE('',*,*,#4434,.T.);
#6078=ORIENTED_EDGE('',*,*,#4439,.T.);
#6079=ORIENTED_EDGE('',*,*,#4440,.F.);
#6080=ORIENTED_EDGE('',*,*,#4441,.F.);
#6081=ORIENTED_EDGE('',*,*,#4437,.T.);
#6082=ORIENTED_EDGE('',*,*,#4442,.T.);
#6083=ORIENTED_EDGE('',*,*,#4443,.F.);
#6084=ORIENTED_EDGE('',*,*,#4444,.F.);
#6085=ORIENTED_EDGE('',*,*,#4440,.T.);
#6086=ORIENTED_EDGE('',*,*,#4445,.T.);
#6087=ORIENTED_EDGE('',*,*,#4446,.F.);
#6088=ORIENTED_EDGE('',*,*,#4447,.F.);
#6089=ORIENTED_EDGE('',*,*,#4443,.T.);
#6090=ORIENTED_EDGE('',*,*,#4448,.T.);
#6091=ORIENTED_EDGE('',*,*,#4449,.F.);
#6092=ORIENTED_EDGE('',*,*,#4450,.F.);
#6093=ORIENTED_EDGE('',*,*,#4446,.T.);
#6094=ORIENTED_EDGE('',*,*,#4451,.T.);
#6095=ORIENTED_EDGE('',*,*,#4452,.F.);
#6096=ORIENTED_EDGE('',*,*,#4453,.F.);
#6097=ORIENTED_EDGE('',*,*,#4449,.T.);
#6098=ORIENTED_EDGE('',*,*,#4454,.T.);
#6099=ORIENTED_EDGE('',*,*,#4455,.F.);
#6100=ORIENTED_EDGE('',*,*,#4456,.F.);
#6101=ORIENTED_EDGE('',*,*,#4452,.T.);
#6102=ORIENTED_EDGE('',*,*,#4457,.T.);
#6103=ORIENTED_EDGE('',*,*,#4458,.F.);
#6104=ORIENTED_EDGE('',*,*,#4459,.F.);
#6105=ORIENTED_EDGE('',*,*,#4455,.T.);
#6106=ORIENTED_EDGE('',*,*,#4460,.T.);
#6107=ORIENTED_EDGE('',*,*,#4461,.F.);
#6108=ORIENTED_EDGE('',*,*,#4462,.F.);
#6109=ORIENTED_EDGE('',*,*,#4458,.T.);
#6110=ORIENTED_EDGE('',*,*,#4463,.T.);
#6111=ORIENTED_EDGE('',*,*,#4464,.F.);
#6112=ORIENTED_EDGE('',*,*,#4465,.F.);
#6113=ORIENTED_EDGE('',*,*,#4461,.T.);
#6114=ORIENTED_EDGE('',*,*,#4466,.T.);
#6115=ORIENTED_EDGE('',*,*,#4467,.F.);
#6116=ORIENTED_EDGE('',*,*,#4468,.F.);
#6117=ORIENTED_EDGE('',*,*,#4464,.T.);
#6118=ORIENTED_EDGE('',*,*,#4469,.T.);
#6119=ORIENTED_EDGE('',*,*,#4470,.F.);
#6120=ORIENTED_EDGE('',*,*,#4471,.F.);
#6121=ORIENTED_EDGE('',*,*,#4467,.T.);
#6122=ORIENTED_EDGE('',*,*,#4472,.T.);
#6123=ORIENTED_EDGE('',*,*,#4473,.F.);
#6124=ORIENTED_EDGE('',*,*,#4474,.F.);
#6125=ORIENTED_EDGE('',*,*,#4470,.T.);
#6126=ORIENTED_EDGE('',*,*,#4475,.T.);
#6127=ORIENTED_EDGE('',*,*,#4476,.F.);
#6128=ORIENTED_EDGE('',*,*,#4477,.F.);
#6129=ORIENTED_EDGE('',*,*,#4473,.T.);
#6130=ORIENTED_EDGE('',*,*,#4478,.T.);
#6131=ORIENTED_EDGE('',*,*,#4479,.F.);
#6132=ORIENTED_EDGE('',*,*,#4480,.F.);
#6133=ORIENTED_EDGE('',*,*,#4476,.T.);
#6134=ORIENTED_EDGE('',*,*,#4481,.T.);
#6135=ORIENTED_EDGE('',*,*,#4482,.F.);
#6136=ORIENTED_EDGE('',*,*,#4483,.F.);
#6137=ORIENTED_EDGE('',*,*,#4479,.T.);
#6138=ORIENTED_EDGE('',*,*,#4484,.T.);
#6139=ORIENTED_EDGE('',*,*,#4485,.F.);
#6140=ORIENTED_EDGE('',*,*,#4486,.F.);
#6141=ORIENTED_EDGE('',*,*,#4482,.T.);
#6142=ORIENTED_EDGE('',*,*,#4487,.T.);
#6143=ORIENTED_EDGE('',*,*,#4488,.F.);
#6144=ORIENTED_EDGE('',*,*,#4489,.F.);
#6145=ORIENTED_EDGE('',*,*,#4485,.T.);
#6146=ORIENTED_EDGE('',*,*,#4490,.T.);
#6147=ORIENTED_EDGE('',*,*,#4491,.F.);
#6148=ORIENTED_EDGE('',*,*,#4492,.F.);
#6149=ORIENTED_EDGE('',*,*,#4488,.T.);
#6150=ORIENTED_EDGE('',*,*,#4493,.T.);
#6151=ORIENTED_EDGE('',*,*,#4494,.F.);
#6152=ORIENTED_EDGE('',*,*,#4495,.F.);
#6153=ORIENTED_EDGE('',*,*,#4491,.T.);
#6154=ORIENTED_EDGE('',*,*,#4496,.T.);
#6155=ORIENTED_EDGE('',*,*,#4497,.F.);
#6156=ORIENTED_EDGE('',*,*,#4498,.F.);
#6157=ORIENTED_EDGE('',*,*,#4494,.T.);
#6158=ORIENTED_EDGE('',*,*,#4499,.T.);
#6159=ORIENTED_EDGE('',*,*,#4500,.F.);
#6160=ORIENTED_EDGE('',*,*,#4501,.F.);
#6161=ORIENTED_EDGE('',*,*,#4497,.T.);
#6162=ORIENTED_EDGE('',*,*,#4502,.T.);
#6163=ORIENTED_EDGE('',*,*,#4503,.F.);
#6164=ORIENTED_EDGE('',*,*,#4504,.F.);
#6165=ORIENTED_EDGE('',*,*,#4500,.T.);
#6166=ORIENTED_EDGE('',*,*,#4505,.T.);
#6167=ORIENTED_EDGE('',*,*,#4506,.F.);
#6168=ORIENTED_EDGE('',*,*,#4507,.F.);
#6169=ORIENTED_EDGE('',*,*,#4503,.T.);
#6170=ORIENTED_EDGE('',*,*,#4508,.T.);
#6171=ORIENTED_EDGE('',*,*,#4509,.F.);
#6172=ORIENTED_EDGE('',*,*,#4510,.F.);
#6173=ORIENTED_EDGE('',*,*,#4506,.T.);
#6174=ORIENTED_EDGE('',*,*,#4511,.T.);
#6175=ORIENTED_EDGE('',*,*,#4512,.F.);
#6176=ORIENTED_EDGE('',*,*,#4513,.F.);
#6177=ORIENTED_EDGE('',*,*,#4509,.T.);
#6178=ORIENTED_EDGE('',*,*,#4514,.T.);
#6179=ORIENTED_EDGE('',*,*,#4515,.F.);
#6180=ORIENTED_EDGE('',*,*,#4516,.F.);
#6181=ORIENTED_EDGE('',*,*,#4512,.T.);
#6182=ORIENTED_EDGE('',*,*,#4517,.T.);
#6183=ORIENTED_EDGE('',*,*,#4518,.F.);
#6184=ORIENTED_EDGE('',*,*,#4519,.F.);
#6185=ORIENTED_EDGE('',*,*,#4515,.T.);
#6186=ORIENTED_EDGE('',*,*,#4520,.T.);
#6187=ORIENTED_EDGE('',*,*,#4521,.F.);
#6188=ORIENTED_EDGE('',*,*,#4522,.F.);
#6189=ORIENTED_EDGE('',*,*,#4518,.T.);
#6190=ORIENTED_EDGE('',*,*,#4523,.T.);
#6191=ORIENTED_EDGE('',*,*,#4524,.F.);
#6192=ORIENTED_EDGE('',*,*,#4525,.F.);
#6193=ORIENTED_EDGE('',*,*,#4521,.T.);
#6194=ORIENTED_EDGE('',*,*,#4526,.T.);
#6195=ORIENTED_EDGE('',*,*,#4527,.F.);
#6196=ORIENTED_EDGE('',*,*,#4528,.F.);
#6197=ORIENTED_EDGE('',*,*,#4524,.T.);
#6198=ORIENTED_EDGE('',*,*,#4529,.T.);
#6199=ORIENTED_EDGE('',*,*,#4530,.F.);
#6200=ORIENTED_EDGE('',*,*,#4531,.F.);
#6201=ORIENTED_EDGE('',*,*,#4527,.T.);
#6202=ORIENTED_EDGE('',*,*,#4532,.F.);
#6203=ORIENTED_EDGE('',*,*,#4533,.F.);
#6204=ORIENTED_EDGE('',*,*,#4534,.T.);
#6205=ORIENTED_EDGE('',*,*,#4530,.T.);
#6206=ORIENTED_EDGE('',*,*,#4535,.T.);
#6207=ORIENTED_EDGE('',*,*,#4536,.F.);
#6208=ORIENTED_EDGE('',*,*,#4537,.F.);
#6209=ORIENTED_EDGE('',*,*,#4533,.T.);
#6210=ORIENTED_EDGE('',*,*,#4538,.T.);
#6211=ORIENTED_EDGE('',*,*,#4539,.F.);
#6212=ORIENTED_EDGE('',*,*,#4540,.F.);
#6213=ORIENTED_EDGE('',*,*,#4536,.T.);
#6214=ORIENTED_EDGE('',*,*,#4541,.T.);
#6215=ORIENTED_EDGE('',*,*,#4542,.F.);
#6216=ORIENTED_EDGE('',*,*,#4543,.F.);
#6217=ORIENTED_EDGE('',*,*,#4539,.T.);
#6218=ORIENTED_EDGE('',*,*,#4544,.T.);
#6219=ORIENTED_EDGE('',*,*,#4545,.F.);
#6220=ORIENTED_EDGE('',*,*,#4546,.F.);
#6221=ORIENTED_EDGE('',*,*,#4542,.T.);
#6222=ORIENTED_EDGE('',*,*,#4547,.T.);
#6223=ORIENTED_EDGE('',*,*,#4548,.F.);
#6224=ORIENTED_EDGE('',*,*,#4549,.F.);
#6225=ORIENTED_EDGE('',*,*,#4545,.T.);
#6226=ORIENTED_EDGE('',*,*,#4550,.T.);
#6227=ORIENTED_EDGE('',*,*,#4551,.F.);
#6228=ORIENTED_EDGE('',*,*,#4552,.F.);
#6229=ORIENTED_EDGE('',*,*,#4548,.T.);
#6230=ORIENTED_EDGE('',*,*,#4553,.T.);
#6231=ORIENTED_EDGE('',*,*,#4554,.F.);
#6232=ORIENTED_EDGE('',*,*,#4555,.F.);
#6233=ORIENTED_EDGE('',*,*,#4551,.T.);
#6234=ORIENTED_EDGE('',*,*,#4556,.T.);
#6235=ORIENTED_EDGE('',*,*,#4557,.F.);
#6236=ORIENTED_EDGE('',*,*,#4558,.F.);
#6237=ORIENTED_EDGE('',*,*,#4554,.T.);
#6238=ORIENTED_EDGE('',*,*,#4559,.T.);
#6239=ORIENTED_EDGE('',*,*,#4560,.F.);
#6240=ORIENTED_EDGE('',*,*,#4561,.F.);
#6241=ORIENTED_EDGE('',*,*,#4557,.T.);
#6242=ORIENTED_EDGE('',*,*,#4562,.T.);
#6243=ORIENTED_EDGE('',*,*,#4563,.F.);
#6244=ORIENTED_EDGE('',*,*,#4564,.F.);
#6245=ORIENTED_EDGE('',*,*,#4560,.T.);
#6246=ORIENTED_EDGE('',*,*,#4565,.T.);
#6247=ORIENTED_EDGE('',*,*,#4566,.F.);
#6248=ORIENTED_EDGE('',*,*,#4567,.F.);
#6249=ORIENTED_EDGE('',*,*,#4563,.T.);
#6250=ORIENTED_EDGE('',*,*,#4568,.F.);
#6251=ORIENTED_EDGE('',*,*,#4569,.F.);
#6252=ORIENTED_EDGE('',*,*,#4570,.T.);
#6253=ORIENTED_EDGE('',*,*,#4566,.T.);
#6254=ORIENTED_EDGE('',*,*,#4571,.T.);
#6255=ORIENTED_EDGE('',*,*,#4572,.F.);
#6256=ORIENTED_EDGE('',*,*,#4573,.F.);
#6257=ORIENTED_EDGE('',*,*,#4569,.T.);
#6258=ORIENTED_EDGE('',*,*,#4574,.T.);
#6259=ORIENTED_EDGE('',*,*,#4575,.F.);
#6260=ORIENTED_EDGE('',*,*,#4576,.F.);
#6261=ORIENTED_EDGE('',*,*,#4572,.T.);
#6262=ORIENTED_EDGE('',*,*,#4577,.T.);
#6263=ORIENTED_EDGE('',*,*,#4578,.F.);
#6264=ORIENTED_EDGE('',*,*,#4579,.F.);
#6265=ORIENTED_EDGE('',*,*,#4575,.T.);
#6266=ORIENTED_EDGE('',*,*,#4580,.T.);
#6267=ORIENTED_EDGE('',*,*,#4581,.F.);
#6268=ORIENTED_EDGE('',*,*,#4582,.F.);
#6269=ORIENTED_EDGE('',*,*,#4578,.T.);
#6270=ORIENTED_EDGE('',*,*,#4583,.T.);
#6271=ORIENTED_EDGE('',*,*,#4584,.F.);
#6272=ORIENTED_EDGE('',*,*,#4585,.F.);
#6273=ORIENTED_EDGE('',*,*,#4581,.T.);
#6274=ORIENTED_EDGE('',*,*,#4586,.T.);
#6275=ORIENTED_EDGE('',*,*,#4587,.F.);
#6276=ORIENTED_EDGE('',*,*,#4588,.F.);
#6277=ORIENTED_EDGE('',*,*,#4584,.T.);
#6278=ORIENTED_EDGE('',*,*,#4589,.T.);
#6279=ORIENTED_EDGE('',*,*,#4590,.F.);
#6280=ORIENTED_EDGE('',*,*,#4591,.F.);
#6281=ORIENTED_EDGE('',*,*,#4587,.T.);
#6282=ORIENTED_EDGE('',*,*,#4592,.T.);
#6283=ORIENTED_EDGE('',*,*,#4593,.F.);
#6284=ORIENTED_EDGE('',*,*,#4594,.F.);
#6285=ORIENTED_EDGE('',*,*,#4590,.T.);
#6286=ORIENTED_EDGE('',*,*,#4595,.T.);
#6287=ORIENTED_EDGE('',*,*,#4596,.F.);
#6288=ORIENTED_EDGE('',*,*,#4597,.F.);
#6289=ORIENTED_EDGE('',*,*,#4593,.T.);
#6290=ORIENTED_EDGE('',*,*,#4598,.T.);
#6291=ORIENTED_EDGE('',*,*,#4599,.F.);
#6292=ORIENTED_EDGE('',*,*,#4600,.F.);
#6293=ORIENTED_EDGE('',*,*,#4596,.T.);
#6294=ORIENTED_EDGE('',*,*,#4601,.T.);
#6295=ORIENTED_EDGE('',*,*,#4602,.F.);
#6296=ORIENTED_EDGE('',*,*,#4603,.F.);
#6297=ORIENTED_EDGE('',*,*,#4599,.T.);
#6298=ORIENTED_EDGE('',*,*,#4604,.T.);
#6299=ORIENTED_EDGE('',*,*,#4605,.F.);
#6300=ORIENTED_EDGE('',*,*,#4606,.F.);
#6301=ORIENTED_EDGE('',*,*,#4602,.T.);
#6302=ORIENTED_EDGE('',*,*,#4607,.T.);
#6303=ORIENTED_EDGE('',*,*,#4608,.F.);
#6304=ORIENTED_EDGE('',*,*,#4609,.F.);
#6305=ORIENTED_EDGE('',*,*,#4605,.T.);
#6306=ORIENTED_EDGE('',*,*,#4610,.T.);
#6307=ORIENTED_EDGE('',*,*,#4611,.F.);
#6308=ORIENTED_EDGE('',*,*,#4612,.F.);
#6309=ORIENTED_EDGE('',*,*,#4608,.T.);
#6310=ORIENTED_EDGE('',*,*,#4613,.T.);
#6311=ORIENTED_EDGE('',*,*,#4614,.F.);
#6312=ORIENTED_EDGE('',*,*,#4615,.F.);
#6313=ORIENTED_EDGE('',*,*,#4611,.T.);
#6314=ORIENTED_EDGE('',*,*,#4616,.T.);
#6315=ORIENTED_EDGE('',*,*,#4617,.F.);
#6316=ORIENTED_EDGE('',*,*,#4618,.F.);
#6317=ORIENTED_EDGE('',*,*,#4614,.T.);
#6318=ORIENTED_EDGE('',*,*,#4619,.T.);
#6319=ORIENTED_EDGE('',*,*,#4432,.F.);
#6320=ORIENTED_EDGE('',*,*,#4620,.F.);
#6321=ORIENTED_EDGE('',*,*,#4617,.T.);
#6322=ORIENTED_EDGE('',*,*,#4621,.F.);
#6323=ORIENTED_EDGE('',*,*,#4622,.F.);
#6324=ORIENTED_EDGE('',*,*,#4428,.F.);
#6325=ORIENTED_EDGE('',*,*,#4623,.T.);
#6326=ORIENTED_EDGE('',*,*,#4624,.F.);
#6327=ORIENTED_EDGE('',*,*,#4623,.F.);
#6328=ORIENTED_EDGE('',*,*,#4427,.F.);
#6329=ORIENTED_EDGE('',*,*,#4625,.T.);
#6330=ORIENTED_EDGE('',*,*,#4626,.F.);
#6331=ORIENTED_EDGE('',*,*,#4625,.F.);
#6332=ORIENTED_EDGE('',*,*,#4426,.F.);
#6333=ORIENTED_EDGE('',*,*,#4627,.T.);
#6334=ORIENTED_EDGE('',*,*,#4628,.F.);
#6335=ORIENTED_EDGE('',*,*,#4627,.F.);
#6336=ORIENTED_EDGE('',*,*,#4425,.F.);
#6337=ORIENTED_EDGE('',*,*,#4629,.T.);
#6338=ORIENTED_EDGE('',*,*,#4630,.F.);
#6339=ORIENTED_EDGE('',*,*,#4629,.F.);
#6340=ORIENTED_EDGE('',*,*,#4424,.F.);
#6341=ORIENTED_EDGE('',*,*,#4631,.T.);
#6342=ORIENTED_EDGE('',*,*,#4632,.F.);
#6343=ORIENTED_EDGE('',*,*,#4631,.F.);
#6344=ORIENTED_EDGE('',*,*,#4423,.F.);
#6345=ORIENTED_EDGE('',*,*,#4633,.T.);
#6346=ORIENTED_EDGE('',*,*,#4634,.F.);
#6347=ORIENTED_EDGE('',*,*,#4633,.F.);
#6348=ORIENTED_EDGE('',*,*,#4422,.F.);
#6349=ORIENTED_EDGE('',*,*,#4635,.T.);
#6350=ORIENTED_EDGE('',*,*,#4636,.F.);
#6351=ORIENTED_EDGE('',*,*,#4635,.F.);
#6352=ORIENTED_EDGE('',*,*,#4421,.F.);
#6353=ORIENTED_EDGE('',*,*,#4637,.T.);
#6354=ORIENTED_EDGE('',*,*,#4638,.F.);
#6355=ORIENTED_EDGE('',*,*,#4637,.F.);
#6356=ORIENTED_EDGE('',*,*,#4420,.F.);
#6357=ORIENTED_EDGE('',*,*,#4639,.T.);
#6358=ORIENTED_EDGE('',*,*,#4640,.F.);
#6359=ORIENTED_EDGE('',*,*,#4639,.F.);
#6360=ORIENTED_EDGE('',*,*,#4419,.F.);
#6361=ORIENTED_EDGE('',*,*,#4641,.T.);
#6362=ORIENTED_EDGE('',*,*,#4642,.F.);
#6363=ORIENTED_EDGE('',*,*,#4641,.F.);
#6364=ORIENTED_EDGE('',*,*,#4418,.F.);
#6365=ORIENTED_EDGE('',*,*,#4643,.T.);
#6366=ORIENTED_EDGE('',*,*,#4644,.F.);
#6367=ORIENTED_EDGE('',*,*,#4643,.F.);
#6368=ORIENTED_EDGE('',*,*,#4417,.F.);
#6369=ORIENTED_EDGE('',*,*,#4622,.T.);
#6370=ORIENTED_EDGE('',*,*,#4645,.T.);
#6371=ORIENTED_EDGE('',*,*,#4646,.F.);
#6372=ORIENTED_EDGE('',*,*,#4647,.F.);
#6373=ORIENTED_EDGE('',*,*,#4648,.T.);
#6374=ORIENTED_EDGE('',*,*,#4649,.T.);
#6375=ORIENTED_EDGE('',*,*,#4650,.F.);
#6376=ORIENTED_EDGE('',*,*,#4651,.F.);
#6377=ORIENTED_EDGE('',*,*,#4646,.T.);
#6378=ORIENTED_EDGE('',*,*,#4652,.T.);
#6379=ORIENTED_EDGE('',*,*,#4653,.F.);
#6380=ORIENTED_EDGE('',*,*,#4654,.F.);
#6381=ORIENTED_EDGE('',*,*,#4650,.T.);
#6382=ORIENTED_EDGE('',*,*,#4655,.T.);
#6383=ORIENTED_EDGE('',*,*,#4648,.F.);
#6384=ORIENTED_EDGE('',*,*,#4656,.F.);
#6385=ORIENTED_EDGE('',*,*,#4653,.T.);
#6386=ORIENTED_EDGE('',*,*,#4657,.T.);
#6387=ORIENTED_EDGE('',*,*,#4658,.F.);
#6388=ORIENTED_EDGE('',*,*,#4402,.F.);
#6389=ORIENTED_EDGE('',*,*,#4659,.T.);
#6390=ORIENTED_EDGE('',*,*,#4660,.T.);
#6391=ORIENTED_EDGE('',*,*,#4661,.F.);
#6392=ORIENTED_EDGE('',*,*,#4403,.F.);
#6393=ORIENTED_EDGE('',*,*,#4658,.T.);
#6394=ORIENTED_EDGE('',*,*,#4662,.T.);
#6395=ORIENTED_EDGE('',*,*,#4663,.F.);
#6396=ORIENTED_EDGE('',*,*,#4404,.F.);
#6397=ORIENTED_EDGE('',*,*,#4661,.T.);
#6398=ORIENTED_EDGE('',*,*,#4664,.T.);
#6399=ORIENTED_EDGE('',*,*,#4665,.F.);
#6400=ORIENTED_EDGE('',*,*,#4666,.F.);
#6401=ORIENTED_EDGE('',*,*,#4396,.T.);
#6402=ORIENTED_EDGE('',*,*,#4663,.T.);
#6403=ORIENTED_EDGE('',*,*,#4667,.T.);
#6404=ORIENTED_EDGE('',*,*,#4668,.F.);
#6405=ORIENTED_EDGE('',*,*,#4669,.F.);
#6406=ORIENTED_EDGE('',*,*,#4665,.T.);
#6407=ORIENTED_EDGE('',*,*,#4670,.T.);
#6408=ORIENTED_EDGE('',*,*,#4671,.F.);
#6409=ORIENTED_EDGE('',*,*,#4672,.F.);
#6410=ORIENTED_EDGE('',*,*,#4668,.T.);
#6411=ORIENTED_EDGE('',*,*,#4673,.T.);
#6412=ORIENTED_EDGE('',*,*,#4674,.F.);
#6413=ORIENTED_EDGE('',*,*,#4675,.F.);
#6414=ORIENTED_EDGE('',*,*,#4671,.T.);
#6415=ORIENTED_EDGE('',*,*,#4676,.T.);
#6416=ORIENTED_EDGE('',*,*,#4659,.F.);
#6417=ORIENTED_EDGE('',*,*,#4398,.F.);
#6418=ORIENTED_EDGE('',*,*,#4677,.F.);
#6419=ORIENTED_EDGE('',*,*,#4674,.T.);
#6420=ORIENTED_EDGE('',*,*,#4677,.T.);
#6421=ORIENTED_EDGE('',*,*,#4401,.T.);
#6422=ORIENTED_EDGE('',*,*,#4400,.T.);
#6423=ORIENTED_EDGE('',*,*,#4399,.T.);
#6424=ORIENTED_EDGE('',*,*,#4666,.T.);
#6425=ORIENTED_EDGE('',*,*,#4669,.T.);
#6426=ORIENTED_EDGE('',*,*,#4672,.T.);
#6427=ORIENTED_EDGE('',*,*,#4675,.T.);
#6428=ORIENTED_EDGE('',*,*,#4656,.T.);
#6429=ORIENTED_EDGE('',*,*,#4647,.T.);
#6430=ORIENTED_EDGE('',*,*,#4651,.T.);
#6431=ORIENTED_EDGE('',*,*,#4654,.T.);
#6432=ORIENTED_EDGE('',*,*,#4405,.F.);
#6433=ORIENTED_EDGE('',*,*,#4416,.F.);
#6434=ORIENTED_EDGE('',*,*,#4415,.F.);
#6435=ORIENTED_EDGE('',*,*,#4414,.F.);
#6436=ORIENTED_EDGE('',*,*,#4413,.F.);
#6437=ORIENTED_EDGE('',*,*,#4412,.F.);
#6438=ORIENTED_EDGE('',*,*,#4411,.F.);
#6439=ORIENTED_EDGE('',*,*,#4410,.F.);
#6440=ORIENTED_EDGE('',*,*,#4409,.F.);
#6441=ORIENTED_EDGE('',*,*,#4408,.F.);
#6442=ORIENTED_EDGE('',*,*,#4407,.F.);
#6443=ORIENTED_EDGE('',*,*,#4406,.F.);
#6444=ORIENTED_EDGE('',*,*,#4678,.F.);
#6445=ORIENTED_EDGE('',*,*,#4679,.F.);
#6446=ORIENTED_EDGE('',*,*,#4680,.F.);
#6447=ORIENTED_EDGE('',*,*,#4681,.F.);
#6448=ORIENTED_EDGE('',*,*,#4682,.F.);
#6449=ORIENTED_EDGE('',*,*,#4683,.F.);
#6450=ORIENTED_EDGE('',*,*,#4684,.F.);
#6451=ORIENTED_EDGE('',*,*,#4685,.F.);
#6452=ORIENTED_EDGE('',*,*,#4686,.F.);
#6453=ORIENTED_EDGE('',*,*,#4687,.F.);
#6454=ORIENTED_EDGE('',*,*,#4688,.F.);
#6455=ORIENTED_EDGE('',*,*,#4689,.F.);
#6456=ORIENTED_EDGE('',*,*,#4690,.F.);
#6457=ORIENTED_EDGE('',*,*,#4691,.F.);
#6458=ORIENTED_EDGE('',*,*,#4692,.F.);
#6459=ORIENTED_EDGE('',*,*,#4693,.F.);
#6460=ORIENTED_EDGE('',*,*,#4694,.F.);
#6461=ORIENTED_EDGE('',*,*,#4695,.F.);
#6462=ORIENTED_EDGE('',*,*,#4696,.F.);
#6463=ORIENTED_EDGE('',*,*,#4697,.F.);
#6464=ORIENTED_EDGE('',*,*,#4698,.F.);
#6465=ORIENTED_EDGE('',*,*,#4699,.F.);
#6466=ORIENTED_EDGE('',*,*,#4700,.F.);
#6467=ORIENTED_EDGE('',*,*,#4701,.F.);
#6468=ORIENTED_EDGE('',*,*,#4702,.F.);
#6469=ORIENTED_EDGE('',*,*,#4703,.F.);
#6470=ORIENTED_EDGE('',*,*,#4704,.F.);
#6471=ORIENTED_EDGE('',*,*,#4705,.F.);
#6472=ORIENTED_EDGE('',*,*,#4706,.F.);
#6473=ORIENTED_EDGE('',*,*,#4707,.F.);
#6474=ORIENTED_EDGE('',*,*,#4708,.F.);
#6475=ORIENTED_EDGE('',*,*,#4709,.F.);
#6476=ORIENTED_EDGE('',*,*,#4710,.F.);
#6477=ORIENTED_EDGE('',*,*,#4711,.F.);
#6478=ORIENTED_EDGE('',*,*,#4712,.F.);
#6479=ORIENTED_EDGE('',*,*,#4713,.T.);
#6480=ORIENTED_EDGE('',*,*,#4714,.F.);
#6481=ORIENTED_EDGE('',*,*,#4715,.F.);
#6482=ORIENTED_EDGE('',*,*,#4716,.F.);
#6483=ORIENTED_EDGE('',*,*,#4717,.F.);
#6484=ORIENTED_EDGE('',*,*,#4718,.F.);
#6485=ORIENTED_EDGE('',*,*,#4719,.F.);
#6486=ORIENTED_EDGE('',*,*,#4720,.F.);
#6487=ORIENTED_EDGE('',*,*,#4721,.F.);
#6488=ORIENTED_EDGE('',*,*,#4722,.F.);
#6489=ORIENTED_EDGE('',*,*,#4723,.T.);
#6490=ORIENTED_EDGE('',*,*,#4724,.F.);
#6491=ORIENTED_EDGE('',*,*,#4725,.F.);
#6492=ORIENTED_EDGE('',*,*,#4726,.F.);
#6493=ORIENTED_EDGE('',*,*,#4727,.F.);
#6494=ORIENTED_EDGE('',*,*,#4728,.F.);
#6495=ORIENTED_EDGE('',*,*,#4729,.F.);
#6496=ORIENTED_EDGE('',*,*,#4730,.F.);
#6497=ORIENTED_EDGE('',*,*,#4731,.F.);
#6498=ORIENTED_EDGE('',*,*,#4732,.F.);
#6499=ORIENTED_EDGE('',*,*,#4733,.F.);
#6500=ORIENTED_EDGE('',*,*,#4734,.F.);
#6501=ORIENTED_EDGE('',*,*,#4735,.F.);
#6502=ORIENTED_EDGE('',*,*,#4736,.F.);
#6503=ORIENTED_EDGE('',*,*,#4737,.F.);
#6504=ORIENTED_EDGE('',*,*,#4738,.F.);
#6505=ORIENTED_EDGE('',*,*,#4739,.F.);
#6506=ORIENTED_EDGE('',*,*,#4676,.F.);
#6507=ORIENTED_EDGE('',*,*,#4673,.F.);
#6508=ORIENTED_EDGE('',*,*,#4670,.F.);
#6509=ORIENTED_EDGE('',*,*,#4667,.F.);
#6510=ORIENTED_EDGE('',*,*,#4664,.F.);
#6511=ORIENTED_EDGE('',*,*,#4662,.F.);
#6512=ORIENTED_EDGE('',*,*,#4660,.F.);
#6513=ORIENTED_EDGE('',*,*,#4657,.F.);
#6514=ORIENTED_EDGE('',*,*,#4619,.F.);
#6515=ORIENTED_EDGE('',*,*,#4616,.F.);
#6516=ORIENTED_EDGE('',*,*,#4613,.F.);
#6517=ORIENTED_EDGE('',*,*,#4610,.F.);
#6518=ORIENTED_EDGE('',*,*,#4607,.F.);
#6519=ORIENTED_EDGE('',*,*,#4604,.F.);
#6520=ORIENTED_EDGE('',*,*,#4601,.F.);
#6521=ORIENTED_EDGE('',*,*,#4598,.F.);
#6522=ORIENTED_EDGE('',*,*,#4595,.F.);
#6523=ORIENTED_EDGE('',*,*,#4592,.F.);
#6524=ORIENTED_EDGE('',*,*,#4589,.F.);
#6525=ORIENTED_EDGE('',*,*,#4586,.F.);
#6526=ORIENTED_EDGE('',*,*,#4583,.F.);
#6527=ORIENTED_EDGE('',*,*,#4580,.F.);
#6528=ORIENTED_EDGE('',*,*,#4577,.F.);
#6529=ORIENTED_EDGE('',*,*,#4574,.F.);
#6530=ORIENTED_EDGE('',*,*,#4571,.F.);
#6531=ORIENTED_EDGE('',*,*,#4568,.T.);
#6532=ORIENTED_EDGE('',*,*,#4565,.F.);
#6533=ORIENTED_EDGE('',*,*,#4562,.F.);
#6534=ORIENTED_EDGE('',*,*,#4559,.F.);
#6535=ORIENTED_EDGE('',*,*,#4556,.F.);
#6536=ORIENTED_EDGE('',*,*,#4553,.F.);
#6537=ORIENTED_EDGE('',*,*,#4550,.F.);
#6538=ORIENTED_EDGE('',*,*,#4547,.F.);
#6539=ORIENTED_EDGE('',*,*,#4544,.F.);
#6540=ORIENTED_EDGE('',*,*,#4541,.F.);
#6541=ORIENTED_EDGE('',*,*,#4538,.F.);
#6542=ORIENTED_EDGE('',*,*,#4535,.F.);
#6543=ORIENTED_EDGE('',*,*,#4532,.T.);
#6544=ORIENTED_EDGE('',*,*,#4529,.F.);
#6545=ORIENTED_EDGE('',*,*,#4526,.F.);
#6546=ORIENTED_EDGE('',*,*,#4523,.F.);
#6547=ORIENTED_EDGE('',*,*,#4520,.F.);
#6548=ORIENTED_EDGE('',*,*,#4517,.F.);
#6549=ORIENTED_EDGE('',*,*,#4514,.F.);
#6550=ORIENTED_EDGE('',*,*,#4511,.F.);
#6551=ORIENTED_EDGE('',*,*,#4508,.F.);
#6552=ORIENTED_EDGE('',*,*,#4505,.F.);
#6553=ORIENTED_EDGE('',*,*,#4502,.F.);
#6554=ORIENTED_EDGE('',*,*,#4499,.F.);
#6555=ORIENTED_EDGE('',*,*,#4496,.F.);
#6556=ORIENTED_EDGE('',*,*,#4493,.F.);
#6557=ORIENTED_EDGE('',*,*,#4490,.F.);
#6558=ORIENTED_EDGE('',*,*,#4487,.F.);
#6559=ORIENTED_EDGE('',*,*,#4484,.F.);
#6560=ORIENTED_EDGE('',*,*,#4481,.F.);
#6561=ORIENTED_EDGE('',*,*,#4478,.F.);
#6562=ORIENTED_EDGE('',*,*,#4475,.F.);
#6563=ORIENTED_EDGE('',*,*,#4472,.F.);
#6564=ORIENTED_EDGE('',*,*,#4469,.F.);
#6565=ORIENTED_EDGE('',*,*,#4466,.F.);
#6566=ORIENTED_EDGE('',*,*,#4463,.F.);
#6567=ORIENTED_EDGE('',*,*,#4460,.F.);
#6568=ORIENTED_EDGE('',*,*,#4457,.F.);
#6569=ORIENTED_EDGE('',*,*,#4454,.F.);
#6570=ORIENTED_EDGE('',*,*,#4451,.F.);
#6571=ORIENTED_EDGE('',*,*,#4448,.F.);
#6572=ORIENTED_EDGE('',*,*,#4445,.F.);
#6573=ORIENTED_EDGE('',*,*,#4442,.F.);
#6574=ORIENTED_EDGE('',*,*,#4439,.F.);
#6575=ORIENTED_EDGE('',*,*,#4436,.F.);
#6576=ORIENTED_EDGE('',*,*,#4433,.F.);
#6577=ORIENTED_EDGE('',*,*,#4429,.F.);
#6578=ORIENTED_EDGE('',*,*,#4644,.T.);
#6579=ORIENTED_EDGE('',*,*,#4621,.T.);
#6580=ORIENTED_EDGE('',*,*,#4624,.T.);
#6581=ORIENTED_EDGE('',*,*,#4626,.T.);
#6582=ORIENTED_EDGE('',*,*,#4628,.T.);
#6583=ORIENTED_EDGE('',*,*,#4630,.T.);
#6584=ORIENTED_EDGE('',*,*,#4632,.T.);
#6585=ORIENTED_EDGE('',*,*,#4634,.T.);
#6586=ORIENTED_EDGE('',*,*,#4636,.T.);
#6587=ORIENTED_EDGE('',*,*,#4638,.T.);
#6588=ORIENTED_EDGE('',*,*,#4640,.T.);
#6589=ORIENTED_EDGE('',*,*,#4642,.T.);
#6590=ORIENTED_EDGE('',*,*,#4655,.F.);
#6591=ORIENTED_EDGE('',*,*,#4652,.F.);
#6592=ORIENTED_EDGE('',*,*,#4649,.F.);
#6593=ORIENTED_EDGE('',*,*,#4645,.F.);
#6594=ORIENTED_EDGE('',*,*,#4678,.T.);
#6595=ORIENTED_EDGE('',*,*,#4739,.T.);
#6596=ORIENTED_EDGE('',*,*,#4738,.T.);
#6597=ORIENTED_EDGE('',*,*,#4737,.T.);
#6598=ORIENTED_EDGE('',*,*,#4736,.T.);
#6599=ORIENTED_EDGE('',*,*,#4735,.T.);
#6600=ORIENTED_EDGE('',*,*,#4734,.T.);
#6601=ORIENTED_EDGE('',*,*,#4733,.T.);
#6602=ORIENTED_EDGE('',*,*,#4732,.T.);
#6603=ORIENTED_EDGE('',*,*,#4731,.T.);
#6604=ORIENTED_EDGE('',*,*,#4730,.T.);
#6605=ORIENTED_EDGE('',*,*,#4729,.T.);
#6606=ORIENTED_EDGE('',*,*,#4728,.T.);
#6607=ORIENTED_EDGE('',*,*,#4727,.T.);
#6608=ORIENTED_EDGE('',*,*,#4726,.T.);
#6609=ORIENTED_EDGE('',*,*,#4725,.T.);
#6610=ORIENTED_EDGE('',*,*,#4724,.T.);
#6611=ORIENTED_EDGE('',*,*,#4723,.F.);
#6612=ORIENTED_EDGE('',*,*,#4722,.T.);
#6613=ORIENTED_EDGE('',*,*,#4721,.T.);
#6614=ORIENTED_EDGE('',*,*,#4720,.T.);
#6615=ORIENTED_EDGE('',*,*,#4719,.T.);
#6616=ORIENTED_EDGE('',*,*,#4718,.T.);
#6617=ORIENTED_EDGE('',*,*,#4717,.T.);
#6618=ORIENTED_EDGE('',*,*,#4716,.T.);
#6619=ORIENTED_EDGE('',*,*,#4715,.T.);
#6620=ORIENTED_EDGE('',*,*,#4714,.T.);
#6621=ORIENTED_EDGE('',*,*,#4713,.F.);
#6622=ORIENTED_EDGE('',*,*,#4712,.T.);
#6623=ORIENTED_EDGE('',*,*,#4711,.T.);
#6624=ORIENTED_EDGE('',*,*,#4710,.T.);
#6625=ORIENTED_EDGE('',*,*,#4709,.T.);
#6626=ORIENTED_EDGE('',*,*,#4708,.T.);
#6627=ORIENTED_EDGE('',*,*,#4707,.T.);
#6628=ORIENTED_EDGE('',*,*,#4706,.T.);
#6629=ORIENTED_EDGE('',*,*,#4705,.T.);
#6630=ORIENTED_EDGE('',*,*,#4704,.T.);
#6631=ORIENTED_EDGE('',*,*,#4703,.T.);
#6632=ORIENTED_EDGE('',*,*,#4702,.T.);
#6633=ORIENTED_EDGE('',*,*,#4701,.T.);
#6634=ORIENTED_EDGE('',*,*,#4700,.T.);
#6635=ORIENTED_EDGE('',*,*,#4699,.T.);
#6636=ORIENTED_EDGE('',*,*,#4698,.T.);
#6637=ORIENTED_EDGE('',*,*,#4697,.T.);
#6638=ORIENTED_EDGE('',*,*,#4696,.T.);
#6639=ORIENTED_EDGE('',*,*,#4695,.T.);
#6640=ORIENTED_EDGE('',*,*,#4694,.T.);
#6641=ORIENTED_EDGE('',*,*,#4693,.T.);
#6642=ORIENTED_EDGE('',*,*,#4692,.T.);
#6643=ORIENTED_EDGE('',*,*,#4691,.T.);
#6644=ORIENTED_EDGE('',*,*,#4690,.T.);
#6645=ORIENTED_EDGE('',*,*,#4689,.T.);
#6646=ORIENTED_EDGE('',*,*,#4688,.T.);
#6647=ORIENTED_EDGE('',*,*,#4687,.T.);
#6648=ORIENTED_EDGE('',*,*,#4686,.T.);
#6649=ORIENTED_EDGE('',*,*,#4685,.T.);
#6650=ORIENTED_EDGE('',*,*,#4684,.T.);
#6651=ORIENTED_EDGE('',*,*,#4683,.T.);
#6652=ORIENTED_EDGE('',*,*,#4682,.T.);
#6653=ORIENTED_EDGE('',*,*,#4681,.T.);
#6654=ORIENTED_EDGE('',*,*,#4680,.T.);
#6655=ORIENTED_EDGE('',*,*,#4679,.T.);
#6656=ORIENTED_EDGE('',*,*,#4431,.T.);
#6657=ORIENTED_EDGE('',*,*,#4435,.T.);
#6658=ORIENTED_EDGE('',*,*,#4438,.T.);
#6659=ORIENTED_EDGE('',*,*,#4441,.T.);
#6660=ORIENTED_EDGE('',*,*,#4444,.T.);
#6661=ORIENTED_EDGE('',*,*,#4447,.T.);
#6662=ORIENTED_EDGE('',*,*,#4450,.T.);
#6663=ORIENTED_EDGE('',*,*,#4453,.T.);
#6664=ORIENTED_EDGE('',*,*,#4456,.T.);
#6665=ORIENTED_EDGE('',*,*,#4459,.T.);
#6666=ORIENTED_EDGE('',*,*,#4462,.T.);
#6667=ORIENTED_EDGE('',*,*,#4465,.T.);
#6668=ORIENTED_EDGE('',*,*,#4468,.T.);
#6669=ORIENTED_EDGE('',*,*,#4471,.T.);
#6670=ORIENTED_EDGE('',*,*,#4474,.T.);
#6671=ORIENTED_EDGE('',*,*,#4477,.T.);
#6672=ORIENTED_EDGE('',*,*,#4480,.T.);
#6673=ORIENTED_EDGE('',*,*,#4483,.T.);
#6674=ORIENTED_EDGE('',*,*,#4486,.T.);
#6675=ORIENTED_EDGE('',*,*,#4489,.T.);
#6676=ORIENTED_EDGE('',*,*,#4492,.T.);
#6677=ORIENTED_EDGE('',*,*,#4495,.T.);
#6678=ORIENTED_EDGE('',*,*,#4498,.T.);
#6679=ORIENTED_EDGE('',*,*,#4501,.T.);
#6680=ORIENTED_EDGE('',*,*,#4504,.T.);
#6681=ORIENTED_EDGE('',*,*,#4507,.T.);
#6682=ORIENTED_EDGE('',*,*,#4510,.T.);
#6683=ORIENTED_EDGE('',*,*,#4513,.T.);
#6684=ORIENTED_EDGE('',*,*,#4516,.T.);
#6685=ORIENTED_EDGE('',*,*,#4519,.T.);
#6686=ORIENTED_EDGE('',*,*,#4522,.T.);
#6687=ORIENTED_EDGE('',*,*,#4525,.T.);
#6688=ORIENTED_EDGE('',*,*,#4528,.T.);
#6689=ORIENTED_EDGE('',*,*,#4531,.T.);
#6690=ORIENTED_EDGE('',*,*,#4534,.F.);
#6691=ORIENTED_EDGE('',*,*,#4537,.T.);
#6692=ORIENTED_EDGE('',*,*,#4540,.T.);
#6693=ORIENTED_EDGE('',*,*,#4543,.T.);
#6694=ORIENTED_EDGE('',*,*,#4546,.T.);
#6695=ORIENTED_EDGE('',*,*,#4549,.T.);
#6696=ORIENTED_EDGE('',*,*,#4552,.T.);
#6697=ORIENTED_EDGE('',*,*,#4555,.T.);
#6698=ORIENTED_EDGE('',*,*,#4558,.T.);
#6699=ORIENTED_EDGE('',*,*,#4561,.T.);
#6700=ORIENTED_EDGE('',*,*,#4564,.T.);
#6701=ORIENTED_EDGE('',*,*,#4567,.T.);
#6702=ORIENTED_EDGE('',*,*,#4570,.F.);
#6703=ORIENTED_EDGE('',*,*,#4573,.T.);
#6704=ORIENTED_EDGE('',*,*,#4576,.T.);
#6705=ORIENTED_EDGE('',*,*,#4579,.T.);
#6706=ORIENTED_EDGE('',*,*,#4582,.T.);
#6707=ORIENTED_EDGE('',*,*,#4585,.T.);
#6708=ORIENTED_EDGE('',*,*,#4588,.T.);
#6709=ORIENTED_EDGE('',*,*,#4591,.T.);
#6710=ORIENTED_EDGE('',*,*,#4594,.T.);
#6711=ORIENTED_EDGE('',*,*,#4597,.T.);
#6712=ORIENTED_EDGE('',*,*,#4600,.T.);
#6713=ORIENTED_EDGE('',*,*,#4603,.T.);
#6714=ORIENTED_EDGE('',*,*,#4606,.T.);
#6715=ORIENTED_EDGE('',*,*,#4609,.T.);
#6716=ORIENTED_EDGE('',*,*,#4612,.T.);
#6717=ORIENTED_EDGE('',*,*,#4615,.T.);
#6718=ORIENTED_EDGE('',*,*,#4618,.T.);
#6719=ORIENTED_EDGE('',*,*,#4620,.T.);
#6720=CYLINDRICAL_SURFACE('',#7300,4.);
#6721=CYLINDRICAL_SURFACE('',#7305,4.);
#6722=CYLINDRICAL_SURFACE('',#7309,4.);
#6723=CYLINDRICAL_SURFACE('',#7312,1.60000000000002);
#6724=CYLINDRICAL_SURFACE('',#7315,1.60000000000002);
#6725=CYLINDRICAL_SURFACE('',#7318,1.60000000000002);
#6726=CYLINDRICAL_SURFACE('',#7339,4.);
#6727=CYLINDRICAL_SURFACE('',#7342,4.);
#6728=CYLINDRICAL_SURFACE('',#7344,4.);
#6729=CYLINDRICAL_SURFACE('',#7346,1.59999999999991);
#6730=CYLINDRICAL_SURFACE('',#7347,1.59999999999991);
#6731=CYLINDRICAL_SURFACE('',#7348,1.60000000000002);
#6732=CYLINDRICAL_SURFACE('',#7349,4.);
#6733=CYLINDRICAL_SURFACE('',#7353,4.);
#6734=CYLINDRICAL_SURFACE('',#7357,1.60000000000002);
#6735=CYLINDRICAL_SURFACE('',#7360,1.60000000000002);
#6736=CYLINDRICAL_SURFACE('',#7363,1.60000000000002);
#6737=CYLINDRICAL_SURFACE('',#7396,4.);
#6738=CYLINDRICAL_SURFACE('',#7399,4.);
#6739=CYLINDRICAL_SURFACE('',#7402,1.59999999999991);
#6740=CYLINDRICAL_SURFACE('',#7404,1.59999999999991);
#6741=CYLINDRICAL_SURFACE('',#7406,1.60000000000002);
#6742=CYLINDRICAL_SURFACE('',#7430,4.);
#6743=CYLINDRICAL_SURFACE('',#7434,4.);
#6744=CYLINDRICAL_SURFACE('',#7438,4.);
#6745=CYLINDRICAL_SURFACE('',#7441,1.60000000000002);
#6746=CYLINDRICAL_SURFACE('',#7444,1.60000000000002);
#6747=CYLINDRICAL_SURFACE('',#7447,1.60000000000002);
#6748=CYLINDRICAL_SURFACE('',#7450,4.);
#6749=CYLINDRICAL_SURFACE('',#7454,4.);
#6750=CYLINDRICAL_SURFACE('',#7458,1.59999999999991);
#6751=CYLINDRICAL_SURFACE('',#7461,1.59999999999991);
#6752=CYLINDRICAL_SURFACE('',#7464,1.60000000000002);
#6753=CYLINDRICAL_SURFACE('',#7496,4.);
#6754=CYLINDRICAL_SURFACE('',#7499,4.);
#6755=CYLINDRICAL_SURFACE('',#7502,1.60000000000002);
#6756=CYLINDRICAL_SURFACE('',#7504,1.60000000000002);
#6757=CYLINDRICAL_SURFACE('',#7506,1.60000000000002);
#6758=CYLINDRICAL_SURFACE('',#7543,4.);
#6759=CYLINDRICAL_SURFACE('',#7546,4.);
#6760=CYLINDRICAL_SURFACE('',#7548,4.);
#6761=CYLINDRICAL_SURFACE('',#7550,1.59999999999991);
#6762=CYLINDRICAL_SURFACE('',#7551,1.59999999999991);
#6763=CYLINDRICAL_SURFACE('',#7552,1.60000000000002);
#6764=CYLINDRICAL_SURFACE('',#7607,4.);
#6765=CYLINDRICAL_SURFACE('',#7609,4.);
#6766=CYLINDRICAL_SURFACE('',#7612,4.);
#6767=CYLINDRICAL_SURFACE('',#7614,4.);
#6768=CYLINDRICAL_SURFACE('',#7618,4.);
#6769=CYLINDRICAL_SURFACE('',#7620,4.);
#6770=CYLINDRICAL_SURFACE('',#7623,4.00000000000006);
#6771=CYLINDRICAL_SURFACE('',#7660,5.);
#6772=CYLINDRICAL_SURFACE('',#7661,5.);
#6773=CYLINDRICAL_SURFACE('',#7662,5.);
#6774=CYLINDRICAL_SURFACE('',#7663,5.);
#6775=CYLINDRICAL_SURFACE('',#7664,5.);
#6776=CYLINDRICAL_SURFACE('',#7665,5.);
#6777=CYLINDRICAL_SURFACE('',#7666,5.);
#6778=CYLINDRICAL_SURFACE('',#7667,5.);
#6779=CYLINDRICAL_SURFACE('',#7668,5.);
#6780=CYLINDRICAL_SURFACE('',#7669,5.);
#6781=CYLINDRICAL_SURFACE('',#7670,5.);
#6782=CYLINDRICAL_SURFACE('',#7671,5.);
#6783=CYLINDRICAL_SURFACE('',#7718,2.00000000000001);
#6784=CYLINDRICAL_SURFACE('',#7722,2.00000000000001);
#6785=CYLINDRICAL_SURFACE('',#7727,2.);
#6786=CYLINDRICAL_SURFACE('',#7731,2.);
#6787=CYLINDRICAL_SURFACE('',#7736,2.);
#6788=CYLINDRICAL_SURFACE('',#7740,2.);
#6789=ADVANCED_FACE('',(#466),#6720,.F.);
#6790=ADVANCED_FACE('',(#467),#195,.T.);
#6791=ADVANCED_FACE('',(#468),#196,.T.);
#6792=ADVANCED_FACE('',(#469),#6721,.T.);
#6793=ADVANCED_FACE('',(#470),#197,.T.);
#6794=ADVANCED_FACE('',(#471),#6722,.T.);
#6795=ADVANCED_FACE('',(#472),#6723,.F.);
#6796=ADVANCED_FACE('',(#473),#6724,.F.);
#6797=ADVANCED_FACE('',(#474),#6725,.F.);
#6798=ADVANCED_FACE('',(#475),#198,.T.);
#6799=ADVANCED_FACE('',(#476,#101,#102,#103,#104,#105,#106),#199,.T.);
#6800=ADVANCED_FACE('',(#477,#107,#108,#109,#110,#111,#112),#200,.T.);
#6801=ADVANCED_FACE('',(#478),#201,.T.);
#6802=ADVANCED_FACE('',(#479),#6726,.F.);
#6803=ADVANCED_FACE('',(#480),#202,.T.);
#6804=ADVANCED_FACE('',(#481),#203,.T.);
#6805=ADVANCED_FACE('',(#482),#6727,.T.);
#6806=ADVANCED_FACE('',(#483),#204,.T.);
#6807=ADVANCED_FACE('',(#484),#6728,.T.);
#6808=ADVANCED_FACE('',(#485),#205,.T.);
#6809=ADVANCED_FACE('',(#486),#6729,.F.);
#6810=ADVANCED_FACE('',(#487),#6730,.F.);
#6811=ADVANCED_FACE('',(#488),#6731,.F.);
#6812=ADVANCED_FACE('',(#489),#6732,.T.);
#6813=ADVANCED_FACE('',(#490),#206,.T.);
#6814=ADVANCED_FACE('',(#491),#6733,.T.);
#6815=ADVANCED_FACE('',(#492),#207,.T.);
#6816=ADVANCED_FACE('',(#493),#6734,.F.);
#6817=ADVANCED_FACE('',(#494),#6735,.F.);
#6818=ADVANCED_FACE('',(#495),#6736,.F.);
#6819=ADVANCED_FACE('',(#496,#113),#208,.T.);
#6820=ADVANCED_FACE('',(#497),#209,.T.);
#6821=ADVANCED_FACE('',(#498),#210,.T.);
#6822=ADVANCED_FACE('',(#499),#211,.T.);
#6823=ADVANCED_FACE('',(#500),#212,.T.);
#6824=ADVANCED_FACE('',(#501),#213,.T.);
#6825=ADVANCED_FACE('',(#502),#214,.T.);
#6826=ADVANCED_FACE('',(#503,#114),#215,.T.);
#6827=ADVANCED_FACE('',(#504),#216,.T.);
#6828=ADVANCED_FACE('',(#505),#217,.T.);
#6829=ADVANCED_FACE('',(#506),#218,.T.);
#6830=ADVANCED_FACE('',(#507),#219,.T.);
#6831=ADVANCED_FACE('',(#508),#220,.T.);
#6832=ADVANCED_FACE('',(#509),#221,.T.);
#6833=ADVANCED_FACE('',(#510,#115),#222,.T.);
#6834=ADVANCED_FACE('',(#511),#223,.T.);
#6835=ADVANCED_FACE('',(#512),#224,.T.);
#6836=ADVANCED_FACE('',(#513),#225,.T.);
#6837=ADVANCED_FACE('',(#514),#226,.T.);
#6838=ADVANCED_FACE('',(#515),#227,.T.);
#6839=ADVANCED_FACE('',(#516),#228,.T.);
#6840=ADVANCED_FACE('',(#517),#229,.T.);
#6841=ADVANCED_FACE('',(#518),#230,.T.);
#6842=ADVANCED_FACE('',(#519,#116,#117,#118,#119,#120,#121),#231,.T.);
#6843=ADVANCED_FACE('',(#520),#232,.T.);
#6844=ADVANCED_FACE('',(#521),#6737,.T.);
#6845=ADVANCED_FACE('',(#522),#233,.T.);
#6846=ADVANCED_FACE('',(#523),#6738,.T.);
#6847=ADVANCED_FACE('',(#524),#234,.T.);
#6848=ADVANCED_FACE('',(#525),#6739,.F.);
#6849=ADVANCED_FACE('',(#526),#6740,.F.);
#6850=ADVANCED_FACE('',(#527),#6741,.F.);
#6851=ADVANCED_FACE('',(#528,#122),#235,.T.);
#6852=ADVANCED_FACE('',(#529),#236,.T.);
#6853=ADVANCED_FACE('',(#530),#237,.T.);
#6854=ADVANCED_FACE('',(#531),#238,.T.);
#6855=ADVANCED_FACE('',(#532),#239,.T.);
#6856=ADVANCED_FACE('',(#533),#240,.T.);
#6857=ADVANCED_FACE('',(#534),#241,.T.);
#6858=ADVANCED_FACE('',(#535,#123),#242,.T.);
#6859=ADVANCED_FACE('',(#536),#243,.T.);
#6860=ADVANCED_FACE('',(#537),#244,.T.);
#6861=ADVANCED_FACE('',(#538),#245,.T.);
#6862=ADVANCED_FACE('',(#539),#246,.T.);
#6863=ADVANCED_FACE('',(#540),#247,.T.);
#6864=ADVANCED_FACE('',(#541),#248,.T.);
#6865=ADVANCED_FACE('',(#542,#124),#249,.T.);
#6866=ADVANCED_FACE('',(#543),#250,.T.);
#6867=ADVANCED_FACE('',(#544),#251,.T.);
#6868=ADVANCED_FACE('',(#545),#252,.T.);
#6869=ADVANCED_FACE('',(#546),#253,.T.);
#6870=ADVANCED_FACE('',(#547),#254,.T.);
#6871=ADVANCED_FACE('',(#548),#255,.T.);
#6872=ADVANCED_FACE('',(#549),#256,.T.);
#6873=ADVANCED_FACE('',(#550),#6742,.F.);
#6874=ADVANCED_FACE('',(#551),#257,.T.);
#6875=ADVANCED_FACE('',(#552),#258,.T.);
#6876=ADVANCED_FACE('',(#553),#6743,.T.);
#6877=ADVANCED_FACE('',(#554),#259,.T.);
#6878=ADVANCED_FACE('',(#555),#6744,.T.);
#6879=ADVANCED_FACE('',(#556),#6745,.F.);
#6880=ADVANCED_FACE('',(#557),#6746,.F.);
#6881=ADVANCED_FACE('',(#558),#6747,.F.);
#6882=ADVANCED_FACE('',(#559),#6748,.T.);
#6883=ADVANCED_FACE('',(#560),#260,.T.);
#6884=ADVANCED_FACE('',(#561),#6749,.T.);
#6885=ADVANCED_FACE('',(#562),#261,.T.);
#6886=ADVANCED_FACE('',(#563),#6750,.F.);
#6887=ADVANCED_FACE('',(#564),#6751,.F.);
#6888=ADVANCED_FACE('',(#565),#6752,.F.);
#6889=ADVANCED_FACE('',(#566,#125),#262,.T.);
#6890=ADVANCED_FACE('',(#567),#263,.T.);
#6891=ADVANCED_FACE('',(#568),#264,.T.);
#6892=ADVANCED_FACE('',(#569),#265,.T.);
#6893=ADVANCED_FACE('',(#570),#266,.T.);
#6894=ADVANCED_FACE('',(#571),#267,.T.);
#6895=ADVANCED_FACE('',(#572),#268,.T.);
#6896=ADVANCED_FACE('',(#573,#126),#269,.T.);
#6897=ADVANCED_FACE('',(#574),#270,.T.);
#6898=ADVANCED_FACE('',(#575),#271,.T.);
#6899=ADVANCED_FACE('',(#576),#272,.T.);
#6900=ADVANCED_FACE('',(#577),#273,.T.);
#6901=ADVANCED_FACE('',(#578),#274,.T.);
#6902=ADVANCED_FACE('',(#579),#275,.T.);
#6903=ADVANCED_FACE('',(#580,#127),#276,.T.);
#6904=ADVANCED_FACE('',(#581),#277,.T.);
#6905=ADVANCED_FACE('',(#582),#278,.T.);
#6906=ADVANCED_FACE('',(#583),#279,.T.);
#6907=ADVANCED_FACE('',(#584),#280,.T.);
#6908=ADVANCED_FACE('',(#585),#281,.T.);
#6909=ADVANCED_FACE('',(#586),#282,.T.);
#6910=ADVANCED_FACE('',(#587),#283,.T.);
#6911=ADVANCED_FACE('',(#588,#128,#129,#130,#131,#132,#133),#284,.T.);
#6912=ADVANCED_FACE('',(#589),#285,.T.);
#6913=ADVANCED_FACE('',(#590),#6753,.T.);
#6914=ADVANCED_FACE('',(#591),#286,.T.);
#6915=ADVANCED_FACE('',(#592),#6754,.T.);
#6916=ADVANCED_FACE('',(#593),#287,.T.);
#6917=ADVANCED_FACE('',(#594),#6755,.F.);
#6918=ADVANCED_FACE('',(#595),#6756,.F.);
#6919=ADVANCED_FACE('',(#596),#6757,.F.);
#6920=ADVANCED_FACE('',(#597,#134),#288,.T.);
#6921=ADVANCED_FACE('',(#598),#289,.T.);
#6922=ADVANCED_FACE('',(#599),#290,.T.);
#6923=ADVANCED_FACE('',(#600),#291,.T.);
#6924=ADVANCED_FACE('',(#601),#292,.T.);
#6925=ADVANCED_FACE('',(#602),#293,.T.);
#6926=ADVANCED_FACE('',(#603),#294,.T.);
#6927=ADVANCED_FACE('',(#604,#135),#295,.T.);
#6928=ADVANCED_FACE('',(#605),#296,.T.);
#6929=ADVANCED_FACE('',(#606),#297,.T.);
#6930=ADVANCED_FACE('',(#607),#298,.T.);
#6931=ADVANCED_FACE('',(#608),#299,.T.);
#6932=ADVANCED_FACE('',(#609),#300,.T.);
#6933=ADVANCED_FACE('',(#610),#301,.T.);
#6934=ADVANCED_FACE('',(#611,#136),#302,.T.);
#6935=ADVANCED_FACE('',(#612),#303,.T.);
#6936=ADVANCED_FACE('',(#613),#304,.T.);
#6937=ADVANCED_FACE('',(#614),#305,.T.);
#6938=ADVANCED_FACE('',(#615),#306,.T.);
#6939=ADVANCED_FACE('',(#616),#307,.T.);
#6940=ADVANCED_FACE('',(#617),#308,.T.);
#6941=ADVANCED_FACE('',(#618,#137,#138,#139,#140,#141,#142),#309,.T.);
#6942=ADVANCED_FACE('',(#619,#143,#144,#145,#146,#147,#148),#310,.T.);
#6943=ADVANCED_FACE('',(#620),#311,.T.);
#6944=ADVANCED_FACE('',(#621),#6758,.F.);
#6945=ADVANCED_FACE('',(#622),#312,.T.);
#6946=ADVANCED_FACE('',(#623),#313,.T.);
#6947=ADVANCED_FACE('',(#624),#6759,.T.);
#6948=ADVANCED_FACE('',(#625),#314,.T.);
#6949=ADVANCED_FACE('',(#626),#6760,.T.);
#6950=ADVANCED_FACE('',(#627),#315,.T.);
#6951=ADVANCED_FACE('',(#628),#6761,.F.);
#6952=ADVANCED_FACE('',(#629),#6762,.F.);
#6953=ADVANCED_FACE('',(#630),#6763,.F.);
#6954=ADVANCED_FACE('',(#631,#149,#150,#151,#152,#153,#154,#155,#156,#157,
#158,#159,#160),#316,.T.);
#6955=ADVANCED_FACE('',(#632),#317,.T.);
#6956=ADVANCED_FACE('',(#633),#318,.T.);
#6957=ADVANCED_FACE('',(#634),#319,.T.);
#6958=ADVANCED_FACE('',(#635),#320,.T.);
#6959=ADVANCED_FACE('',(#636),#321,.T.);
#6960=ADVANCED_FACE('',(#637),#322,.T.);
#6961=ADVANCED_FACE('',(#638),#323,.T.);
#6962=ADVANCED_FACE('',(#639),#324,.T.);
#6963=ADVANCED_FACE('',(#640),#325,.T.);
#6964=ADVANCED_FACE('',(#641),#326,.T.);
#6965=ADVANCED_FACE('',(#642),#327,.T.);
#6966=ADVANCED_FACE('',(#643),#328,.T.);
#6967=ADVANCED_FACE('',(#644),#329,.T.);
#6968=ADVANCED_FACE('',(#645),#330,.T.);
#6969=ADVANCED_FACE('',(#646),#331,.T.);
#6970=ADVANCED_FACE('',(#647),#332,.T.);
#6971=ADVANCED_FACE('',(#648),#333,.T.);
#6972=ADVANCED_FACE('',(#649),#334,.T.);
#6973=ADVANCED_FACE('',(#650),#335,.T.);
#6974=ADVANCED_FACE('',(#651),#336,.T.);
#6975=ADVANCED_FACE('',(#652),#337,.T.);
#6976=ADVANCED_FACE('',(#653),#338,.T.);
#6977=ADVANCED_FACE('',(#654),#339,.T.);
#6978=ADVANCED_FACE('',(#655),#340,.T.);
#6979=ADVANCED_FACE('',(#656),#341,.T.);
#6980=ADVANCED_FACE('',(#657),#342,.T.);
#6981=ADVANCED_FACE('',(#658),#343,.T.);
#6982=ADVANCED_FACE('',(#659),#344,.T.);
#6983=ADVANCED_FACE('',(#660,#161),#345,.T.);
#6984=ADVANCED_FACE('',(#661,#162),#346,.T.);
#6985=ADVANCED_FACE('',(#662),#347,.T.);
#6986=ADVANCED_FACE('',(#663),#348,.T.);
#6987=ADVANCED_FACE('',(#664),#349,.T.);
#6988=ADVANCED_FACE('',(#665),#350,.T.);
#6989=ADVANCED_FACE('',(#666),#351,.T.);
#6990=ADVANCED_FACE('',(#667),#6764,.F.);
#6991=ADVANCED_FACE('',(#668),#352,.T.);
#6992=ADVANCED_FACE('',(#669),#6765,.F.);
#6993=ADVANCED_FACE('',(#670),#353,.T.);
#6994=ADVANCED_FACE('',(#671),#354,.T.);
#6995=ADVANCED_FACE('',(#672),#6766,.F.);
#6996=ADVANCED_FACE('',(#673),#355,.T.);
#6997=ADVANCED_FACE('',(#674),#6767,.F.);
#6998=ADVANCED_FACE('',(#675),#356,.T.);
#6999=ADVANCED_FACE('',(#676),#357,.T.);
#7000=ADVANCED_FACE('',(#677),#358,.T.);
#7001=ADVANCED_FACE('',(#678),#6768,.F.);
#7002=ADVANCED_FACE('',(#679),#359,.T.);
#7003=ADVANCED_FACE('',(#680),#6769,.F.);
#7004=ADVANCED_FACE('',(#681),#360,.T.);
#7005=ADVANCED_FACE('',(#682),#361,.T.);
#7006=ADVANCED_FACE('',(#683),#6770,.F.);
#7007=ADVANCED_FACE('',(#684),#362,.T.);
#7008=ADVANCED_FACE('',(#685),#363,.T.);
#7009=ADVANCED_FACE('',(#686),#364,.T.);
#7010=ADVANCED_FACE('',(#687,#163,#164,#165,#166,#167,#168,#169,#170,#171,
#172,#173,#174),#365,.T.);
#7011=ADVANCED_FACE('',(#688,#175,#176,#177,#178,#179,#180,#181,#182,#183,
#184,#185,#186),#366,.T.);
#7012=ADVANCED_FACE('',(#689),#367,.T.);
#7013=ADVANCED_FACE('',(#690),#368,.T.);
#7014=ADVANCED_FACE('',(#691),#369,.T.);
#7015=ADVANCED_FACE('',(#692),#370,.T.);
#7016=ADVANCED_FACE('',(#693),#6771,.F.);
#7017=ADVANCED_FACE('',(#694),#6772,.F.);
#7018=ADVANCED_FACE('',(#695),#6773,.F.);
#7019=ADVANCED_FACE('',(#696),#6774,.F.);
#7020=ADVANCED_FACE('',(#697),#6775,.F.);
#7021=ADVANCED_FACE('',(#698),#6776,.F.);
#7022=ADVANCED_FACE('',(#699),#6777,.F.);
#7023=ADVANCED_FACE('',(#700),#6778,.F.);
#7024=ADVANCED_FACE('',(#701),#6779,.F.);
#7025=ADVANCED_FACE('',(#702),#6780,.F.);
#7026=ADVANCED_FACE('',(#703),#6781,.F.);
#7027=ADVANCED_FACE('',(#704),#6782,.F.);
#7028=ADVANCED_FACE('',(#705),#371,.T.);
#7029=ADVANCED_FACE('',(#706),#372,.T.);
#7030=ADVANCED_FACE('',(#707),#373,.T.);
#7031=ADVANCED_FACE('',(#708),#374,.T.);
#7032=ADVANCED_FACE('',(#709),#375,.T.);
#7033=ADVANCED_FACE('',(#710,#187),#376,.T.);
#7034=ADVANCED_FACE('',(#711,#188),#377,.T.);
#7035=ADVANCED_FACE('',(#712),#378,.T.);
#7036=ADVANCED_FACE('',(#713),#379,.T.);
#7037=ADVANCED_FACE('',(#714),#380,.T.);
#7038=ADVANCED_FACE('',(#715),#381,.T.);
#7039=ADVANCED_FACE('',(#716),#382,.T.);
#7040=ADVANCED_FACE('',(#717),#383,.T.);
#7041=ADVANCED_FACE('',(#718),#384,.T.);
#7042=ADVANCED_FACE('',(#719),#385,.T.);
#7043=ADVANCED_FACE('',(#720),#386,.T.);
#7044=ADVANCED_FACE('',(#721),#387,.T.);
#7045=ADVANCED_FACE('',(#722),#388,.T.);
#7046=ADVANCED_FACE('',(#723),#389,.T.);
#7047=ADVANCED_FACE('',(#724),#390,.T.);
#7048=ADVANCED_FACE('',(#725),#391,.T.);
#7049=ADVANCED_FACE('',(#726),#392,.T.);
#7050=ADVANCED_FACE('',(#727),#393,.T.);
#7051=ADVANCED_FACE('',(#728),#394,.T.);
#7052=ADVANCED_FACE('',(#729),#395,.T.);
#7053=ADVANCED_FACE('',(#730),#396,.T.);
#7054=ADVANCED_FACE('',(#731),#397,.T.);
#7055=ADVANCED_FACE('',(#732),#398,.T.);
#7056=ADVANCED_FACE('',(#733),#399,.T.);
#7057=ADVANCED_FACE('',(#734),#400,.T.);
#7058=ADVANCED_FACE('',(#735),#401,.T.);
#7059=ADVANCED_FACE('',(#736),#402,.T.);
#7060=ADVANCED_FACE('',(#737),#403,.T.);
#7061=ADVANCED_FACE('',(#738),#404,.T.);
#7062=ADVANCED_FACE('',(#739),#405,.T.);
#7063=ADVANCED_FACE('',(#740),#406,.T.);
#7064=ADVANCED_FACE('',(#741),#407,.T.);
#7065=ADVANCED_FACE('',(#742),#408,.T.);
#7066=ADVANCED_FACE('',(#743),#409,.T.);
#7067=ADVANCED_FACE('',(#744),#410,.T.);
#7068=ADVANCED_FACE('',(#745),#411,.T.);
#7069=ADVANCED_FACE('',(#746),#412,.T.);
#7070=ADVANCED_FACE('',(#747),#413,.T.);
#7071=ADVANCED_FACE('',(#748),#6783,.T.);
#7072=ADVANCED_FACE('',(#749),#414,.T.);
#7073=ADVANCED_FACE('',(#750),#6784,.F.);
#7074=ADVANCED_FACE('',(#751),#415,.T.);
#7075=ADVANCED_FACE('',(#752),#416,.T.);
#7076=ADVANCED_FACE('',(#753),#6785,.F.);
#7077=ADVANCED_FACE('',(#754),#417,.T.);
#7078=ADVANCED_FACE('',(#755),#6786,.F.);
#7079=ADVANCED_FACE('',(#756),#418,.T.);
#7080=ADVANCED_FACE('',(#757),#419,.T.);
#7081=ADVANCED_FACE('',(#758),#6787,.F.);
#7082=ADVANCED_FACE('',(#759),#420,.T.);
#7083=ADVANCED_FACE('',(#760),#6788,.T.);
#7084=ADVANCED_FACE('',(#761),#421,.T.);
#7085=ADVANCED_FACE('',(#762),#422,.T.);
#7086=ADVANCED_FACE('',(#763),#423,.T.);
#7087=ADVANCED_FACE('',(#764),#424,.T.);
#7088=ADVANCED_FACE('',(#765),#425,.T.);
#7089=ADVANCED_FACE('',(#766),#426,.T.);
#7090=ADVANCED_FACE('',(#767),#427,.T.);
#7091=ADVANCED_FACE('',(#768),#428,.T.);
#7092=ADVANCED_FACE('',(#769),#429,.T.);
#7093=ADVANCED_FACE('',(#770),#430,.T.);
#7094=ADVANCED_FACE('',(#771),#431,.T.);
#7095=ADVANCED_FACE('',(#772),#432,.T.);
#7096=ADVANCED_FACE('',(#773),#433,.T.);
#7097=ADVANCED_FACE('',(#774),#434,.T.);
#7098=ADVANCED_FACE('',(#775),#435,.T.);
#7099=ADVANCED_FACE('',(#776),#436,.T.);
#7100=ADVANCED_FACE('',(#777),#437,.T.);
#7101=ADVANCED_FACE('',(#778),#438,.T.);
#7102=ADVANCED_FACE('',(#779),#439,.T.);
#7103=ADVANCED_FACE('',(#780),#440,.T.);
#7104=ADVANCED_FACE('',(#781),#441,.T.);
#7105=ADVANCED_FACE('',(#782),#442,.T.);
#7106=ADVANCED_FACE('',(#783),#443,.T.);
#7107=ADVANCED_FACE('',(#784),#444,.T.);
#7108=ADVANCED_FACE('',(#785),#445,.T.);
#7109=ADVANCED_FACE('',(#786),#446,.T.);
#7110=ADVANCED_FACE('',(#787),#447,.T.);
#7111=ADVANCED_FACE('',(#788),#448,.T.);
#7112=ADVANCED_FACE('',(#789),#449,.T.);
#7113=ADVANCED_FACE('',(#790),#450,.T.);
#7114=ADVANCED_FACE('',(#791),#451,.T.);
#7115=ADVANCED_FACE('',(#792),#452,.T.);
#7116=ADVANCED_FACE('',(#793),#453,.T.);
#7117=ADVANCED_FACE('',(#794),#454,.T.);
#7118=ADVANCED_FACE('',(#795),#455,.T.);
#7119=ADVANCED_FACE('',(#796),#456,.T.);
#7120=ADVANCED_FACE('',(#797),#457,.T.);
#7121=ADVANCED_FACE('',(#798),#458,.T.);
#7122=ADVANCED_FACE('',(#799),#459,.T.);
#7123=ADVANCED_FACE('',(#800),#460,.T.);
#7124=ADVANCED_FACE('',(#801),#461,.T.);
#7125=ADVANCED_FACE('',(#802,#189,#190,#191),#462,.T.);
#7126=ADVANCED_FACE('',(#803,#192,#193,#194),#463,.T.);
#7127=ADVANCED_FACE('',(#804),#464,.T.);
#7128=ADVANCED_FACE('',(#805),#465,.T.);
#7129=CLOSED_SHELL('',(#6789,#6790,#6791,#6792,#6793,#6794,#6795,#6796,
#6797,#6798,#6799,#6800,#6801,#6802,#6803,#6804,#6805,#6806,#6807,#6808,
#6809,#6810,#6811,#6812,#6813,#6814,#6815,#6816,#6817,#6818,#6819,#6820,
#6821,#6822,#6823,#6824,#6825,#6826,#6827,#6828,#6829,#6830,#6831,#6832,
#6833,#6834,#6835,#6836,#6837,#6838,#6839,#6840,#6841,#6842,#6843,#6844,
#6845,#6846,#6847,#6848,#6849,#6850,#6851,#6852,#6853,#6854,#6855,#6856,
#6857,#6858,#6859,#6860,#6861,#6862,#6863,#6864,#6865,#6866,#6867,#6868,
#6869,#6870,#6871,#6872,#6873,#6874,#6875,#6876,#6877,#6878,#6879,#6880,
#6881,#6882,#6883,#6884,#6885,#6886,#6887,#6888,#6889,#6890,#6891,#6892,
#6893,#6894,#6895,#6896,#6897,#6898,#6899,#6900,#6901,#6902,#6903,#6904,
#6905,#6906,#6907,#6908,#6909,#6910,#6911,#6912,#6913,#6914,#6915,#6916,
#6917,#6918,#6919,#6920,#6921,#6922,#6923,#6924,#6925,#6926,#6927,#6928,
#6929,#6930,#6931,#6932,#6933,#6934,#6935,#6936,#6937,#6938,#6939,#6940,
#6941,#6942,#6943,#6944,#6945,#6946,#6947,#6948,#6949,#6950,#6951,#6952,
#6953,#6954));
#7130=CLOSED_SHELL('',(#6955,#6956,#6957,#6958,#6959,#6960,#6961,#6962,
#6963,#6964,#6965,#6966,#6967,#6968));
#7131=CLOSED_SHELL('',(#6969,#6970,#6971,#6972,#6973,#6974,#6975,#6976,
#6977,#6978,#6979,#6980,#6981,#6982));
#7132=CLOSED_SHELL('',(#6983,#6984,#6985,#6986,#6987,#6988,#6989,#6990,
#6991,#6992,#6993,#6994,#6995,#6996,#6997,#6998,#6999,#7000,#7001,#7002,
#7003,#7004,#7005,#7006,#7007,#7008,#7009));
#7133=CLOSED_SHELL('',(#7010,#7011,#7012,#7013,#7014,#7015,#7016,#7017,
#7018,#7019,#7020,#7021,#7022,#7023,#7024,#7025,#7026,#7027));
#7134=CLOSED_SHELL('',(#7028,#7029,#7030,#7031,#7032,#7033,#7034,#7035,
#7036,#7037,#7038,#7039,#7040,#7041,#7042,#7043,#7044,#7045,#7046,#7047,
#7048,#7049,#7050,#7051,#7052,#7053,#7054,#7055,#7056,#7057,#7058,#7059,
#7060,#7061,#7062,#7063,#7064,#7065,#7066,#7067,#7068,#7069,#7070,#7071,
#7072,#7073,#7074,#7075,#7076,#7077,#7078,#7079,#7080,#7081,#7082,#7083,
#7084,#7085,#7086,#7087,#7088,#7089,#7090,#7091,#7092,#7093,#7094,#7095,
#7096,#7097,#7098,#7099,#7100,#7101,#7102,#7103,#7104,#7105,#7106,#7107,
#7108,#7109,#7110,#7111,#7112,#7113,#7114,#7115,#7116,#7117,#7118,#7119,
#7120,#7121,#7122,#7123,#7124,#7125,#7126,#7127,#7128));
#7135=DERIVED_UNIT_ELEMENT(#7163,1.);
#7136=DERIVED_UNIT_ELEMENT(#11771,-3.);
#7137=DERIVED_UNIT_ELEMENT(#7163,1.);
#7138=DERIVED_UNIT_ELEMENT(#11771,-3.);
#7139=DERIVED_UNIT_ELEMENT(#7163,1.);
#7140=DERIVED_UNIT_ELEMENT(#11771,-3.);
#7141=DERIVED_UNIT_ELEMENT(#7163,1.);
#7142=DERIVED_UNIT_ELEMENT(#11771,-3.);
#7143=DERIVED_UNIT_ELEMENT(#7163,1.);
#7144=DERIVED_UNIT_ELEMENT(#11771,-3.);
#7145=DERIVED_UNIT_ELEMENT(#7163,1.);
#7146=DERIVED_UNIT_ELEMENT(#11771,-3.);
#7147=DERIVED_UNIT_ELEMENT(#7163,1.);
#7148=DERIVED_UNIT_ELEMENT(#11771,-3.);
#7149=DERIVED_UNIT_ELEMENT(#7163,1.);
#7150=DERIVED_UNIT_ELEMENT(#11771,-3.);
#7151=DERIVED_UNIT_ELEMENT(#7163,1.);
#7152=DERIVED_UNIT_ELEMENT(#11771,-3.);
#7153=DERIVED_UNIT_ELEMENT(#7163,1.);
#7154=DERIVED_UNIT_ELEMENT(#11771,-3.);
#7155=DERIVED_UNIT_ELEMENT(#7163,1.);
#7156=DERIVED_UNIT_ELEMENT(#11771,-3.);
#7157=DERIVED_UNIT_ELEMENT(#7163,1.);
#7158=DERIVED_UNIT_ELEMENT(#11771,-3.);
#7159=DERIVED_UNIT_ELEMENT(#7163,1.);
#7160=DERIVED_UNIT_ELEMENT(#11771,-3.);
#7161=DERIVED_UNIT_ELEMENT(#7163,1.);
#7162=DERIVED_UNIT_ELEMENT(#11771,-3.);
#7163=(
MASS_UNIT()
NAMED_UNIT(*)
SI_UNIT(.KILO.,.GRAM.)
);
#7164=DERIVED_UNIT((#7135,#7136));
#7165=DERIVED_UNIT((#7137,#7138));
#7166=DERIVED_UNIT((#7139,#7140));
#7167=DERIVED_UNIT((#7141,#7142));
#7168=DERIVED_UNIT((#7143,#7144));
#7169=DERIVED_UNIT((#7145,#7146));
#7170=DERIVED_UNIT((#7147,#7148));
#7171=DERIVED_UNIT((#7149,#7150));
#7172=DERIVED_UNIT((#7151,#7152));
#7173=DERIVED_UNIT((#7153,#7154));
#7174=DERIVED_UNIT((#7155,#7156));
#7175=DERIVED_UNIT((#7157,#7158));
#7176=DERIVED_UNIT((#7159,#7160));
#7177=DERIVED_UNIT((#7161,#7162));
#7178=MEASURE_REPRESENTATION_ITEM('density measure',
POSITIVE_RATIO_MEASURE(7850.),#7164);
#7179=MEASURE_REPRESENTATION_ITEM('density measure',
POSITIVE_RATIO_MEASURE(7850.),#7165);
#7180=MEASURE_REPRESENTATION_ITEM('density measure',
POSITIVE_RATIO_MEASURE(7850.),#7166);
#7181=MEASURE_REPRESENTATION_ITEM('density measure',
POSITIVE_RATIO_MEASURE(7850.),#7167);
#7182=MEASURE_REPRESENTATION_ITEM('density measure',
POSITIVE_RATIO_MEASURE(7850.),#7168);
#7183=MEASURE_REPRESENTATION_ITEM('density measure',
POSITIVE_RATIO_MEASURE(7850.),#7169);
#7184=MEASURE_REPRESENTATION_ITEM('density measure',
POSITIVE_RATIO_MEASURE(7850.),#7170);
#7185=MEASURE_REPRESENTATION_ITEM('density measure',
POSITIVE_RATIO_MEASURE(7850.),#7171);
#7186=MEASURE_REPRESENTATION_ITEM('density measure',
POSITIVE_RATIO_MEASURE(7850.),#7172);
#7187=MEASURE_REPRESENTATION_ITEM('density measure',
POSITIVE_RATIO_MEASURE(7850.),#7173);
#7188=MEASURE_REPRESENTATION_ITEM('density measure',
POSITIVE_RATIO_MEASURE(7850.),#7174);
#7189=MEASURE_REPRESENTATION_ITEM('density measure',
POSITIVE_RATIO_MEASURE(7850.),#7175);
#7190=MEASURE_REPRESENTATION_ITEM('density measure',
POSITIVE_RATIO_MEASURE(7850.),#7176);
#7191=MEASURE_REPRESENTATION_ITEM('density measure',
POSITIVE_RATIO_MEASURE(7850.),#7177);
#7192=PROPERTY_DEFINITION_REPRESENTATION(#7262,#7220);
#7193=PROPERTY_DEFINITION_REPRESENTATION(#7263,#7221);
#7194=PROPERTY_DEFINITION_REPRESENTATION(#7264,#7222);
#7195=PROPERTY_DEFINITION_REPRESENTATION(#7265,#7223);
#7196=PROPERTY_DEFINITION_REPRESENTATION(#7266,#7224);
#7197=PROPERTY_DEFINITION_REPRESENTATION(#7267,#7225);
#7198=PROPERTY_DEFINITION_REPRESENTATION(#7268,#7226);
#7199=PROPERTY_DEFINITION_REPRESENTATION(#7269,#7227);
#7200=PROPERTY_DEFINITION_REPRESENTATION(#7270,#7228);
#7201=PROPERTY_DEFINITION_REPRESENTATION(#7271,#7229);
#7202=PROPERTY_DEFINITION_REPRESENTATION(#7272,#7230);
#7203=PROPERTY_DEFINITION_REPRESENTATION(#7273,#7231);
#7204=PROPERTY_DEFINITION_REPRESENTATION(#7274,#7232);
#7205=PROPERTY_DEFINITION_REPRESENTATION(#7275,#7233);
#7206=PROPERTY_DEFINITION_REPRESENTATION(#7276,#7234);
#7207=PROPERTY_DEFINITION_REPRESENTATION(#7277,#7235);
#7208=PROPERTY_DEFINITION_REPRESENTATION(#7278,#7236);
#7209=PROPERTY_DEFINITION_REPRESENTATION(#7279,#7237);
#7210=PROPERTY_DEFINITION_REPRESENTATION(#7280,#7238);
#7211=PROPERTY_DEFINITION_REPRESENTATION(#7281,#7239);
#7212=PROPERTY_DEFINITION_REPRESENTATION(#7282,#7240);
#7213=PROPERTY_DEFINITION_REPRESENTATION(#7283,#7241);
#7214=PROPERTY_DEFINITION_REPRESENTATION(#7284,#7242);
#7215=PROPERTY_DEFINITION_REPRESENTATION(#7285,#7243);
#7216=PROPERTY_DEFINITION_REPRESENTATION(#7286,#7244);
#7217=PROPERTY_DEFINITION_REPRESENTATION(#7287,#7245);
#7218=PROPERTY_DEFINITION_REPRESENTATION(#7288,#7246);
#7219=PROPERTY_DEFINITION_REPRESENTATION(#7289,#7247);
#7220=REPRESENTATION('material name',(#7248),#11752);
#7221=REPRESENTATION('density',(#7178),#11752);
#7222=REPRESENTATION('material name',(#7249),#11753);
#7223=REPRESENTATION('density',(#7179),#11753);
#7224=REPRESENTATION('material name',(#7250),#11754);
#7225=REPRESENTATION('density',(#7180),#11754);
#7226=REPRESENTATION('material name',(#7251),#11755);
#7227=REPRESENTATION('density',(#7181),#11755);
#7228=REPRESENTATION('material name',(#7252),#11756);
#7229=REPRESENTATION('density',(#7182),#11756);
#7230=REPRESENTATION('material name',(#7253),#11757);
#7231=REPRESENTATION('density',(#7183),#11757);
#7232=REPRESENTATION('material name',(#7254),#11758);
#7233=REPRESENTATION('density',(#7184),#11758);
#7234=REPRESENTATION('material name',(#7255),#11759);
#7235=REPRESENTATION('density',(#7185),#11759);
#7236=REPRESENTATION('material name',(#7256),#11760);
#7237=REPRESENTATION('density',(#7186),#11760);
#7238=REPRESENTATION('material name',(#7257),#11761);
#7239=REPRESENTATION('density',(#7187),#11761);
#7240=REPRESENTATION('material name',(#7258),#11762);
#7241=REPRESENTATION('density',(#7188),#11762);
#7242=REPRESENTATION('material name',(#7259),#11764);
#7243=REPRESENTATION('density',(#7189),#11764);
#7244=REPRESENTATION('material name',(#7260),#11766);
#7245=REPRESENTATION('density',(#7190),#11766);
#7246=REPRESENTATION('material name',(#7261),#11768);
#7247=REPRESENTATION('density',(#7191),#11768);
#7248=DESCRIPTIVE_REPRESENTATION_ITEM('Steel','Steel');
#7249=DESCRIPTIVE_REPRESENTATION_ITEM('Steel','Steel');
#7250=DESCRIPTIVE_REPRESENTATION_ITEM('Steel','Steel');
#7251=DESCRIPTIVE_REPRESENTATION_ITEM('Steel','Steel');
#7252=DESCRIPTIVE_REPRESENTATION_ITEM('Steel','Steel');
#7253=DESCRIPTIVE_REPRESENTATION_ITEM('Steel','Steel');
#7254=DESCRIPTIVE_REPRESENTATION_ITEM('Steel','Steel');
#7255=DESCRIPTIVE_REPRESENTATION_ITEM('Steel','Steel');
#7256=DESCRIPTIVE_REPRESENTATION_ITEM('Steel','Steel');
#7257=DESCRIPTIVE_REPRESENTATION_ITEM('Steel','Steel');
#7258=DESCRIPTIVE_REPRESENTATION_ITEM('Steel','Steel');
#7259=DESCRIPTIVE_REPRESENTATION_ITEM('Steel','Steel');
#7260=DESCRIPTIVE_REPRESENTATION_ITEM('Steel','Steel');
#7261=DESCRIPTIVE_REPRESENTATION_ITEM('Steel','Steel');
#7262=PROPERTY_DEFINITION('material property','material name',#11847);
#7263=PROPERTY_DEFINITION('material property','density of part',#11847);
#7264=PROPERTY_DEFINITION('material property','material name',#11848);
#7265=PROPERTY_DEFINITION('material property','density of part',#11848);
#7266=PROPERTY_DEFINITION('material property','material name',#11849);
#7267=PROPERTY_DEFINITION('material property','density of part',#11849);
#7268=PROPERTY_DEFINITION('material property','material name',#11850);
#7269=PROPERTY_DEFINITION('material property','density of part',#11850);
#7270=PROPERTY_DEFINITION('material property','material name',#11851);
#7271=PROPERTY_DEFINITION('material property','density of part',#11851);
#7272=PROPERTY_DEFINITION('material property','material name',#11852);
#7273=PROPERTY_DEFINITION('material property','density of part',#11852);
#7274=PROPERTY_DEFINITION('material property','material name',#11853);
#7275=PROPERTY_DEFINITION('material property','density of part',#11853);
#7276=PROPERTY_DEFINITION('material property','material name',#11854);
#7277=PROPERTY_DEFINITION('material property','density of part',#11854);
#7278=PROPERTY_DEFINITION('material property','material name',#11855);
#7279=PROPERTY_DEFINITION('material property','density of part',#11855);
#7280=PROPERTY_DEFINITION('material property','material name',#11856);
#7281=PROPERTY_DEFINITION('material property','density of part',#11856);
#7282=PROPERTY_DEFINITION('material property','material name',#11857);
#7283=PROPERTY_DEFINITION('material property','density of part',#11857);
#7284=PROPERTY_DEFINITION('material property','material name',#11859);
#7285=PROPERTY_DEFINITION('material property','density of part',#11859);
#7286=PROPERTY_DEFINITION('material property','material name',#11861);
#7287=PROPERTY_DEFINITION('material property','density of part',#11861);
#7288=PROPERTY_DEFINITION('material property','material name',#11863);
#7289=PROPERTY_DEFINITION('material property','density of part',#11863);
#7290=AXIS2_PLACEMENT_3D('',#9693,#7809,#7810);
#7291=AXIS2_PLACEMENT_3D('',#9694,#7811,#7812);
#7292=AXIS2_PLACEMENT_3D('',#9695,#7813,#7814);
#7293=AXIS2_PLACEMENT_3D('',#9696,#7815,#7816);
#7294=AXIS2_PLACEMENT_3D('',#9697,#7817,#7818);
#7295=AXIS2_PLACEMENT_3D('',#9698,#7819,#7820);
#7296=AXIS2_PLACEMENT_3D('',#9699,#7821,#7822);
#7297=AXIS2_PLACEMENT_3D('',#9700,#7823,#7824);
#7298=AXIS2_PLACEMENT_3D('',#9701,#7825,#7826);
#7299=AXIS2_PLACEMENT_3D('',#9702,#7827,#7828);
#7300=AXIS2_PLACEMENT_3D('',#9703,#7829,#7830);
#7301=AXIS2_PLACEMENT_3D('',#9706,#7831,#7832);
#7302=AXIS2_PLACEMENT_3D('',#9710,#7834,#7835);
#7303=AXIS2_PLACEMENT_3D('',#9712,#7837,#7838);
#7304=AXIS2_PLACEMENT_3D('',#9718,#7842,#7843);
#7305=AXIS2_PLACEMENT_3D('',#9724,#7847,#7848);
#7306=AXIS2_PLACEMENT_3D('',#9726,#7849,#7850);
#7307=AXIS2_PLACEMENT_3D('',#9729,#7852,#7853);
#7308=AXIS2_PLACEMENT_3D('',#9730,#7854,#7855);
#7309=AXIS2_PLACEMENT_3D('',#9736,#7859,#7860);
#7310=AXIS2_PLACEMENT_3D('',#9738,#7861,#7862);
#7311=AXIS2_PLACEMENT_3D('',#9741,#7864,#7865);
#7312=AXIS2_PLACEMENT_3D('',#9742,#7866,#7867);
#7313=AXIS2_PLACEMENT_3D('',#9744,#7868,#7869);
#7314=AXIS2_PLACEMENT_3D('',#9747,#7871,#7872);
#7315=AXIS2_PLACEMENT_3D('',#9748,#7873,#7874);
#7316=AXIS2_PLACEMENT_3D('',#9750,#7875,#7876);
#7317=AXIS2_PLACEMENT_3D('',#9753,#7878,#7879);
#7318=AXIS2_PLACEMENT_3D('',#9754,#7880,#7881);
#7319=AXIS2_PLACEMENT_3D('',#9756,#7882,#7883);
#7320=AXIS2_PLACEMENT_3D('',#9759,#7885,#7886);
#7321=AXIS2_PLACEMENT_3D('',#9760,#7887,#7888);
#7322=AXIS2_PLACEMENT_3D('',#9769,#7893,#7894);
#7323=AXIS2_PLACEMENT_3D('',#9773,#7896,#7897);
#7324=AXIS2_PLACEMENT_3D('',#9780,#7901,#7902);
#7325=AXIS2_PLACEMENT_3D('',#9781,#7903,#7904);
#7326=AXIS2_PLACEMENT_3D('',#9785,#7906,#7907);
#7327=AXIS2_PLACEMENT_3D('',#9791,#7910,#7911);
#7328=AXIS2_PLACEMENT_3D('',#9795,#7913,#7914);
#7329=AXIS2_PLACEMENT_3D('',#9798,#7916,#7917);
#7330=AXIS2_PLACEMENT_3D('',#9800,#7918,#7919);
#7331=AXIS2_PLACEMENT_3D('',#9802,#7920,#7921);
#7332=AXIS2_PLACEMENT_3D('',#9803,#7922,#7923);
#7333=AXIS2_PLACEMENT_3D('',#9811,#7927,#7928);
#7334=AXIS2_PLACEMENT_3D('',#9815,#7930,#7931);
#7335=AXIS2_PLACEMENT_3D('',#9820,#7935,#7936);
#7336=AXIS2_PLACEMENT_3D('',#9822,#7937,#7938);
#7337=AXIS2_PLACEMENT_3D('',#9824,#7939,#7940);
#7338=AXIS2_PLACEMENT_3D('',#9825,#7941,#7942);
#7339=AXIS2_PLACEMENT_3D('',#9827,#7944,#7945);
#7340=AXIS2_PLACEMENT_3D('',#9829,#7947,#7948);
#7341=AXIS2_PLACEMENT_3D('',#9831,#7950,#7951);
#7342=AXIS2_PLACEMENT_3D('',#9833,#7953,#7954);
#7343=AXIS2_PLACEMENT_3D('',#9835,#7956,#7957);
#7344=AXIS2_PLACEMENT_3D('',#9837,#7959,#7960);
#7345=AXIS2_PLACEMENT_3D('',#9839,#7962,#7963);
#7346=AXIS2_PLACEMENT_3D('',#9840,#7964,#7965);
#7347=AXIS2_PLACEMENT_3D('',#9842,#7967,#7968);
#7348=AXIS2_PLACEMENT_3D('',#9844,#7970,#7971);
#7349=AXIS2_PLACEMENT_3D('',#9846,#7973,#7974);
#7350=AXIS2_PLACEMENT_3D('',#9849,#7975,#7976);
#7351=AXIS2_PLACEMENT_3D('',#9853,#7978,#7979);
#7352=AXIS2_PLACEMENT_3D('',#9855,#7981,#7982);
#7353=AXIS2_PLACEMENT_3D('',#9861,#7986,#7987);
#7354=AXIS2_PLACEMENT_3D('',#9863,#7988,#7989);
#7355=AXIS2_PLACEMENT_3D('',#9865,#7990,#7991);
#7356=AXIS2_PLACEMENT_3D('',#9867,#7993,#7994);
#7357=AXIS2_PLACEMENT_3D('',#9873,#7998,#7999);
#7358=AXIS2_PLACEMENT_3D('',#9875,#8000,#8001);
#7359=AXIS2_PLACEMENT_3D('',#9878,#8003,#8004);
#7360=AXIS2_PLACEMENT_3D('',#9879,#8005,#8006);
#7361=AXIS2_PLACEMENT_3D('',#9881,#8007,#8008);
#7362=AXIS2_PLACEMENT_3D('',#9884,#8010,#8011);
#7363=AXIS2_PLACEMENT_3D('',#9885,#8012,#8013);
#7364=AXIS2_PLACEMENT_3D('',#9887,#8014,#8015);
#7365=AXIS2_PLACEMENT_3D('',#9890,#8017,#8018);
#7366=AXIS2_PLACEMENT_3D('',#9891,#8019,#8020);
#7367=AXIS2_PLACEMENT_3D('',#9904,#8027,#8028);
#7368=AXIS2_PLACEMENT_3D('',#9910,#8032,#8033);
#7369=AXIS2_PLACEMENT_3D('',#9914,#8036,#8037);
#7370=AXIS2_PLACEMENT_3D('',#9918,#8040,#8041);
#7371=AXIS2_PLACEMENT_3D('',#9922,#8044,#8045);
#7372=AXIS2_PLACEMENT_3D('',#9926,#8048,#8049);
#7373=AXIS2_PLACEMENT_3D('',#9928,#8051,#8052);
#7374=AXIS2_PLACEMENT_3D('',#9941,#8059,#8060);
#7375=AXIS2_PLACEMENT_3D('',#9947,#8064,#8065);
#7376=AXIS2_PLACEMENT_3D('',#9951,#8068,#8069);
#7377=AXIS2_PLACEMENT_3D('',#9955,#8072,#8073);
#7378=AXIS2_PLACEMENT_3D('',#9959,#8076,#8077);
#7379=AXIS2_PLACEMENT_3D('',#9963,#8080,#8081);
#7380=AXIS2_PLACEMENT_3D('',#9965,#8083,#8084);
#7381=AXIS2_PLACEMENT_3D('',#9978,#8091,#8092);
#7382=AXIS2_PLACEMENT_3D('',#9984,#8096,#8097);
#7383=AXIS2_PLACEMENT_3D('',#9988,#8100,#8101);
#7384=AXIS2_PLACEMENT_3D('',#9992,#8104,#8105);
#7385=AXIS2_PLACEMENT_3D('',#9996,#8108,#8109);
#7386=AXIS2_PLACEMENT_3D('',#10000,#8112,#8113);
#7387=AXIS2_PLACEMENT_3D('',#10002,#8115,#8116);
#7388=AXIS2_PLACEMENT_3D('',#10008,#8120,#8121);
#7389=AXIS2_PLACEMENT_3D('',#10019,#8128,#8129);
#7390=AXIS2_PLACEMENT_3D('',#10027,#8133,#8134);
#7391=AXIS2_PLACEMENT_3D('',#10030,#8136,#8137);
#7392=AXIS2_PLACEMENT_3D('',#10032,#8138,#8139);
#7393=AXIS2_PLACEMENT_3D('',#10034,#8140,#8141);
#7394=AXIS2_PLACEMENT_3D('',#10036,#8142,#8143);
#7395=AXIS2_PLACEMENT_3D('',#10037,#8144,#8145);
#7396=AXIS2_PLACEMENT_3D('',#10041,#8148,#8149);
#7397=AXIS2_PLACEMENT_3D('',#10044,#8151,#8152);
#7398=AXIS2_PLACEMENT_3D('',#10045,#8153,#8154);
#7399=AXIS2_PLACEMENT_3D('',#10049,#8157,#8158);
#7400=AXIS2_PLACEMENT_3D('',#10052,#8160,#8161);
#7401=AXIS2_PLACEMENT_3D('',#10053,#8162,#8163);
#7402=AXIS2_PLACEMENT_3D('',#10057,#8166,#8167);
#7403=AXIS2_PLACEMENT_3D('',#10059,#8168,#8169);
#7404=AXIS2_PLACEMENT_3D('',#10061,#8171,#8172);
#7405=AXIS2_PLACEMENT_3D('',#10063,#8173,#8174);
#7406=AXIS2_PLACEMENT_3D('',#10065,#8176,#8177);
#7407=AXIS2_PLACEMENT_3D('',#10067,#8178,#8179);
#7408=AXIS2_PLACEMENT_3D('',#10069,#8181,#8182);
#7409=AXIS2_PLACEMENT_3D('',#10082,#8189,#8190);
#7410=AXIS2_PLACEMENT_3D('',#10088,#8194,#8195);
#7411=AXIS2_PLACEMENT_3D('',#10092,#8198,#8199);
#7412=AXIS2_PLACEMENT_3D('',#10096,#8202,#8203);
#7413=AXIS2_PLACEMENT_3D('',#10100,#8206,#8207);
#7414=AXIS2_PLACEMENT_3D('',#10104,#8210,#8211);
#7415=AXIS2_PLACEMENT_3D('',#10106,#8213,#8214);
#7416=AXIS2_PLACEMENT_3D('',#10119,#8221,#8222);
#7417=AXIS2_PLACEMENT_3D('',#10125,#8226,#8227);
#7418=AXIS2_PLACEMENT_3D('',#10129,#8230,#8231);
#7419=AXIS2_PLACEMENT_3D('',#10133,#8234,#8235);
#7420=AXIS2_PLACEMENT_3D('',#10137,#8238,#8239);
#7421=AXIS2_PLACEMENT_3D('',#10141,#8242,#8243);
#7422=AXIS2_PLACEMENT_3D('',#10143,#8245,#8246);
#7423=AXIS2_PLACEMENT_3D('',#10156,#8253,#8254);
#7424=AXIS2_PLACEMENT_3D('',#10162,#8258,#8259);
#7425=AXIS2_PLACEMENT_3D('',#10166,#8262,#8263);
#7426=AXIS2_PLACEMENT_3D('',#10170,#8266,#8267);
#7427=AXIS2_PLACEMENT_3D('',#10174,#8270,#8271);
#7428=AXIS2_PLACEMENT_3D('',#10178,#8274,#8275);
#7429=AXIS2_PLACEMENT_3D('',#10180,#8277,#8278);
#7430=AXIS2_PLACEMENT_3D('',#10190,#8284,#8285);
#7431=AXIS2_PLACEMENT_3D('',#10193,#8286,#8287);
#7432=AXIS2_PLACEMENT_3D('',#10196,#8290,#8291);
#7433=AXIS2_PLACEMENT_3D('',#10201,#8295,#8296);
#7434=AXIS2_PLACEMENT_3D('',#10207,#8300,#8301);
#7435=AXIS2_PLACEMENT_3D('',#10209,#8302,#8303);
#7436=AXIS2_PLACEMENT_3D('',#10211,#8304,#8305);
#7437=AXIS2_PLACEMENT_3D('',#10213,#8307,#8308);
#7438=AXIS2_PLACEMENT_3D('',#10219,#8312,#8313);
#7439=AXIS2_PLACEMENT_3D('',#10221,#8314,#8315);
#7440=AXIS2_PLACEMENT_3D('',#10223,#8316,#8317);
#7441=AXIS2_PLACEMENT_3D('',#10225,#8319,#8320);
#7442=AXIS2_PLACEMENT_3D('',#10227,#8321,#8322);
#7443=AXIS2_PLACEMENT_3D('',#10230,#8324,#8325);
#7444=AXIS2_PLACEMENT_3D('',#10231,#8326,#8327);
#7445=AXIS2_PLACEMENT_3D('',#10233,#8328,#8329);
#7446=AXIS2_PLACEMENT_3D('',#10236,#8331,#8332);
#7447=AXIS2_PLACEMENT_3D('',#10237,#8333,#8334);
#7448=AXIS2_PLACEMENT_3D('',#10239,#8335,#8336);
#7449=AXIS2_PLACEMENT_3D('',#10242,#8338,#8339);
#7450=AXIS2_PLACEMENT_3D('',#10243,#8340,#8341);
#7451=AXIS2_PLACEMENT_3D('',#10246,#8342,#8343);
#7452=AXIS2_PLACEMENT_3D('',#10250,#8345,#8346);
#7453=AXIS2_PLACEMENT_3D('',#10252,#8348,#8349);
#7454=AXIS2_PLACEMENT_3D('',#10258,#8353,#8354);
#7455=AXIS2_PLACEMENT_3D('',#10260,#8355,#8356);
#7456=AXIS2_PLACEMENT_3D('',#10262,#8357,#8358);
#7457=AXIS2_PLACEMENT_3D('',#10264,#8360,#8361);
#7458=AXIS2_PLACEMENT_3D('',#10267,#8364,#8365);
#7459=AXIS2_PLACEMENT_3D('',#10269,#8366,#8367);
#7460=AXIS2_PLACEMENT_3D('',#10272,#8369,#8370);
#7461=AXIS2_PLACEMENT_3D('',#10273,#8371,#8372);
#7462=AXIS2_PLACEMENT_3D('',#10275,#8373,#8374);
#7463=AXIS2_PLACEMENT_3D('',#10278,#8376,#8377);
#7464=AXIS2_PLACEMENT_3D('',#10279,#8378,#8379);
#7465=AXIS2_PLACEMENT_3D('',#10281,#8380,#8381);
#7466=AXIS2_PLACEMENT_3D('',#10284,#8383,#8384);
#7467=AXIS2_PLACEMENT_3D('',#10285,#8385,#8386);
#7468=AXIS2_PLACEMENT_3D('',#10298,#8393,#8394);
#7469=AXIS2_PLACEMENT_3D('',#10304,#8398,#8399);
#7470=AXIS2_PLACEMENT_3D('',#10308,#8402,#8403);
#7471=AXIS2_PLACEMENT_3D('',#10312,#8406,#8407);
#7472=AXIS2_PLACEMENT_3D('',#10316,#8410,#8411);
#7473=AXIS2_PLACEMENT_3D('',#10320,#8414,#8415);
#7474=AXIS2_PLACEMENT_3D('',#10322,#8417,#8418);
#7475=AXIS2_PLACEMENT_3D('',#10335,#8425,#8426);
#7476=AXIS2_PLACEMENT_3D('',#10341,#8430,#8431);
#7477=AXIS2_PLACEMENT_3D('',#10345,#8434,#8435);
#7478=AXIS2_PLACEMENT_3D('',#10349,#8438,#8439);
#7479=AXIS2_PLACEMENT_3D('',#10353,#8442,#8443);
#7480=AXIS2_PLACEMENT_3D('',#10357,#8446,#8447);
#7481=AXIS2_PLACEMENT_3D('',#10359,#8449,#8450);
#7482=AXIS2_PLACEMENT_3D('',#10372,#8457,#8458);
#7483=AXIS2_PLACEMENT_3D('',#10378,#8462,#8463);
#7484=AXIS2_PLACEMENT_3D('',#10382,#8466,#8467);
#7485=AXIS2_PLACEMENT_3D('',#10386,#8470,#8471);
#7486=AXIS2_PLACEMENT_3D('',#10390,#8474,#8475);
#7487=AXIS2_PLACEMENT_3D('',#10394,#8478,#8479);
#7488=AXIS2_PLACEMENT_3D('',#10396,#8481,#8482);
#7489=AXIS2_PLACEMENT_3D('',#10399,#8485,#8486);
#7490=AXIS2_PLACEMENT_3D('',#10405,#8489,#8490);
#7491=AXIS2_PLACEMENT_3D('',#10408,#8492,#8493);
#7492=AXIS2_PLACEMENT_3D('',#10410,#8494,#8495);
#7493=AXIS2_PLACEMENT_3D('',#10412,#8496,#8497);
#7494=AXIS2_PLACEMENT_3D('',#10414,#8498,#8499);
#7495=AXIS2_PLACEMENT_3D('',#10415,#8500,#8501);
#7496=AXIS2_PLACEMENT_3D('',#10419,#8504,#8505);
#7497=AXIS2_PLACEMENT_3D('',#10422,#8507,#8508);
#7498=AXIS2_PLACEMENT_3D('',#10423,#8509,#8510);
#7499=AXIS2_PLACEMENT_3D('',#10427,#8513,#8514);
#7500=AXIS2_PLACEMENT_3D('',#10430,#8516,#8517);
#7501=AXIS2_PLACEMENT_3D('',#10431,#8518,#8519);
#7502=AXIS2_PLACEMENT_3D('',#10433,#8521,#8522);
#7503=AXIS2_PLACEMENT_3D('',#10435,#8523,#8524);
#7504=AXIS2_PLACEMENT_3D('',#10437,#8526,#8527);
#7505=AXIS2_PLACEMENT_3D('',#10439,#8528,#8529);
#7506=AXIS2_PLACEMENT_3D('',#10441,#8531,#8532);
#7507=AXIS2_PLACEMENT_3D('',#10443,#8533,#8534);
#7508=AXIS2_PLACEMENT_3D('',#10445,#8536,#8537);
#7509=AXIS2_PLACEMENT_3D('',#10458,#8544,#8545);
#7510=AXIS2_PLACEMENT_3D('',#10464,#8549,#8550);
#7511=AXIS2_PLACEMENT_3D('',#10468,#8553,#8554);
#7512=AXIS2_PLACEMENT_3D('',#10472,#8557,#8558);
#7513=AXIS2_PLACEMENT_3D('',#10476,#8561,#8562);
#7514=AXIS2_PLACEMENT_3D('',#10480,#8565,#8566);
#7515=AXIS2_PLACEMENT_3D('',#10482,#8568,#8569);
#7516=AXIS2_PLACEMENT_3D('',#10495,#8576,#8577);
#7517=AXIS2_PLACEMENT_3D('',#10501,#8581,#8582);
#7518=AXIS2_PLACEMENT_3D('',#10505,#8585,#8586);
#7519=AXIS2_PLACEMENT_3D('',#10509,#8589,#8590);
#7520=AXIS2_PLACEMENT_3D('',#10513,#8593,#8594);
#7521=AXIS2_PLACEMENT_3D('',#10517,#8597,#8598);
#7522=AXIS2_PLACEMENT_3D('',#10519,#8600,#8601);
#7523=AXIS2_PLACEMENT_3D('',#10532,#8608,#8609);
#7524=AXIS2_PLACEMENT_3D('',#10538,#8613,#8614);
#7525=AXIS2_PLACEMENT_3D('',#10542,#8617,#8618);
#7526=AXIS2_PLACEMENT_3D('',#10546,#8621,#8622);
#7527=AXIS2_PLACEMENT_3D('',#10550,#8625,#8626);
#7528=AXIS2_PLACEMENT_3D('',#10554,#8629,#8630);
#7529=AXIS2_PLACEMENT_3D('',#10556,#8632,#8633);
#7530=AXIS2_PLACEMENT_3D('',#10562,#8636,#8637);
#7531=AXIS2_PLACEMENT_3D('',#10566,#8639,#8640);
#7532=AXIS2_PLACEMENT_3D('',#10571,#8643,#8644);
#7533=AXIS2_PLACEMENT_3D('',#10573,#8645,#8646);
#7534=AXIS2_PLACEMENT_3D('',#10575,#8647,#8648);
#7535=AXIS2_PLACEMENT_3D('',#10577,#8649,#8650);
#7536=AXIS2_PLACEMENT_3D('',#10578,#8651,#8652);
#7537=AXIS2_PLACEMENT_3D('',#10583,#8655,#8656);
#7538=AXIS2_PLACEMENT_3D('',#10587,#8658,#8659);
#7539=AXIS2_PLACEMENT_3D('',#10590,#8661,#8662);
#7540=AXIS2_PLACEMENT_3D('',#10592,#8663,#8664);
#7541=AXIS2_PLACEMENT_3D('',#10594,#8665,#8666);
#7542=AXIS2_PLACEMENT_3D('',#10595,#8667,#8668);
#7543=AXIS2_PLACEMENT_3D('',#10597,#8670,#8671);
#7544=AXIS2_PLACEMENT_3D('',#10599,#8673,#8674);
#7545=AXIS2_PLACEMENT_3D('',#10601,#8676,#8677);
#7546=AXIS2_PLACEMENT_3D('',#10603,#8679,#8680);
#7547=AXIS2_PLACEMENT_3D('',#10605,#8682,#8683);
#7548=AXIS2_PLACEMENT_3D('',#10607,#8685,#8686);
#7549=AXIS2_PLACEMENT_3D('',#10609,#8688,#8689);
#7550=AXIS2_PLACEMENT_3D('',#10610,#8690,#8691);
#7551=AXIS2_PLACEMENT_3D('',#10612,#8693,#8694);
#7552=AXIS2_PLACEMENT_3D('',#10614,#8696,#8697);
#7553=AXIS2_PLACEMENT_3D('',#10616,#8699,#8700);
#7554=AXIS2_PLACEMENT_3D('',#10617,#8701,#8702);
#7555=AXIS2_PLACEMENT_3D('',#10618,#8703,#8704);
#7556=AXIS2_PLACEMENT_3D('',#10619,#8705,#8706);
#7557=AXIS2_PLACEMENT_3D('',#10628,#8711,#8712);
#7558=AXIS2_PLACEMENT_3D('',#10637,#8717,#8718);
#7559=AXIS2_PLACEMENT_3D('',#10643,#8722,#8723);
#7560=AXIS2_PLACEMENT_3D('',#10649,#8727,#8728);
#7561=AXIS2_PLACEMENT_3D('',#10655,#8732,#8733);
#7562=AXIS2_PLACEMENT_3D('',#10661,#8737,#8738);
#7563=AXIS2_PLACEMENT_3D('',#10668,#8743,#8744);
#7564=AXIS2_PLACEMENT_3D('',#10671,#8747,#8748);
#7565=AXIS2_PLACEMENT_3D('',#10672,#8749,#8750);
#7566=AXIS2_PLACEMENT_3D('',#10673,#8751,#8752);
#7567=AXIS2_PLACEMENT_3D('',#10676,#8755,#8756);
#7568=AXIS2_PLACEMENT_3D('',#10678,#8758,#8759);
#7569=AXIS2_PLACEMENT_3D('',#10680,#8761,#8762);
#7570=AXIS2_PLACEMENT_3D('',#10681,#8763,#8764);
#7571=AXIS2_PLACEMENT_3D('',#10690,#8769,#8770);
#7572=AXIS2_PLACEMENT_3D('',#10696,#8774,#8775);
#7573=AXIS2_PLACEMENT_3D('',#10702,#8779,#8780);
#7574=AXIS2_PLACEMENT_3D('',#10705,#8783,#8784);
#7575=AXIS2_PLACEMENT_3D('',#10714,#8789,#8790);
#7576=AXIS2_PLACEMENT_3D('',#10723,#8795,#8796);
#7577=AXIS2_PLACEMENT_3D('',#10726,#8799,#8800);
#7578=AXIS2_PLACEMENT_3D('',#10729,#8803,#8804);
#7579=AXIS2_PLACEMENT_3D('',#10731,#8806,#8807);
#7580=AXIS2_PLACEMENT_3D('',#10733,#8809,#8810);
#7581=AXIS2_PLACEMENT_3D('',#10735,#8812,#8813);
#7582=AXIS2_PLACEMENT_3D('',#10737,#8815,#8816);
#7583=AXIS2_PLACEMENT_3D('',#10738,#8817,#8818);
#7584=AXIS2_PLACEMENT_3D('',#10739,#8819,#8820);
#7585=AXIS2_PLACEMENT_3D('',#10740,#8821,#8822);
#7586=AXIS2_PLACEMENT_3D('',#10741,#8823,#8824);
#7587=AXIS2_PLACEMENT_3D('',#10754,#8830,#8831);
#7588=AXIS2_PLACEMENT_3D('',#10758,#8833,#8834);
#7589=AXIS2_PLACEMENT_3D('',#10764,#8837,#8838);
#7590=AXIS2_PLACEMENT_3D('',#10768,#8840,#8841);
#7591=AXIS2_PLACEMENT_3D('',#10776,#8845,#8846);
#7592=AXIS2_PLACEMENT_3D('',#10780,#8848,#8849);
#7593=AXIS2_PLACEMENT_3D('',#10786,#8852,#8853);
#7594=AXIS2_PLACEMENT_3D('',#10792,#8857,#8858);
#7595=AXIS2_PLACEMENT_3D('',#10811,#8867,#8868);
#7596=AXIS2_PLACEMENT_3D('',#10817,#8871,#8872);
#7597=AXIS2_PLACEMENT_3D('',#10821,#8874,#8875);
#7598=AXIS2_PLACEMENT_3D('',#10829,#8879,#8880);
#7599=AXIS2_PLACEMENT_3D('',#10833,#8882,#8883);
#7600=AXIS2_PLACEMENT_3D('',#10839,#8886,#8887);
#7601=AXIS2_PLACEMENT_3D('',#10842,#8889,#8890);
#7602=AXIS2_PLACEMENT_3D('',#10843,#8891,#8892);
#7603=AXIS2_PLACEMENT_3D('',#10846,#8895,#8896);
#7604=AXIS2_PLACEMENT_3D('',#10848,#8898,#8899);
#7605=AXIS2_PLACEMENT_3D('',#10850,#8901,#8902);
#7606=AXIS2_PLACEMENT_3D('',#10851,#8903,#8904);
#7607=AXIS2_PLACEMENT_3D('',#10854,#8907,#8908);
#7608=AXIS2_PLACEMENT_3D('',#10856,#8910,#8911);
#7609=AXIS2_PLACEMENT_3D('',#10858,#8913,#8914);
#7610=AXIS2_PLACEMENT_3D('',#10860,#8916,#8917);
#7611=AXIS2_PLACEMENT_3D('',#10862,#8919,#8920);
#7612=AXIS2_PLACEMENT_3D('',#10864,#8922,#8923);
#7613=AXIS2_PLACEMENT_3D('',#10866,#8925,#8926);
#7614=AXIS2_PLACEMENT_3D('',#10868,#8928,#8929);
#7615=AXIS2_PLACEMENT_3D('',#10870,#8931,#8932);
#7616=AXIS2_PLACEMENT_3D('',#10872,#8934,#8935);
#7617=AXIS2_PLACEMENT_3D('',#10874,#8937,#8938);
#7618=AXIS2_PLACEMENT_3D('',#10876,#8940,#8941);
#7619=AXIS2_PLACEMENT_3D('',#10878,#8943,#8944);
#7620=AXIS2_PLACEMENT_3D('',#10880,#8946,#8947);
#7621=AXIS2_PLACEMENT_3D('',#10882,#8949,#8950);
#7622=AXIS2_PLACEMENT_3D('',#10884,#8952,#8953);
#7623=AXIS2_PLACEMENT_3D('',#10886,#8955,#8956);
#7624=AXIS2_PLACEMENT_3D('',#10888,#8958,#8959);
#7625=AXIS2_PLACEMENT_3D('',#10890,#8961,#8962);
#7626=AXIS2_PLACEMENT_3D('',#10892,#8964,#8965);
#7627=AXIS2_PLACEMENT_3D('',#10893,#8966,#8967);
#7628=AXIS2_PLACEMENT_3D('',#10894,#8968,#8969);
#7629=AXIS2_PLACEMENT_3D('',#10895,#8970,#8971);
#7630=AXIS2_PLACEMENT_3D('',#10896,#8972,#8973);
#7631=AXIS2_PLACEMENT_3D('',#10906,#8978,#8979);
#7632=AXIS2_PLACEMENT_3D('',#10908,#8980,#8981);
#7633=AXIS2_PLACEMENT_3D('',#10910,#8982,#8983);
#7634=AXIS2_PLACEMENT_3D('',#10912,#8984,#8985);
#7635=AXIS2_PLACEMENT_3D('',#10914,#8986,#8987);
#7636=AXIS2_PLACEMENT_3D('',#10916,#8988,#8989);
#7637=AXIS2_PLACEMENT_3D('',#10918,#8990,#8991);
#7638=AXIS2_PLACEMENT_3D('',#10920,#8992,#8993);
#7639=AXIS2_PLACEMENT_3D('',#10922,#8994,#8995);
#7640=AXIS2_PLACEMENT_3D('',#10924,#8996,#8997);
#7641=AXIS2_PLACEMENT_3D('',#10926,#8998,#8999);
#7642=AXIS2_PLACEMENT_3D('',#10928,#9000,#9001);
#7643=AXIS2_PLACEMENT_3D('',#10929,#9002,#9003);
#7644=AXIS2_PLACEMENT_3D('',#10939,#9008,#9009);
#7645=AXIS2_PLACEMENT_3D('',#10941,#9010,#9011);
#7646=AXIS2_PLACEMENT_3D('',#10943,#9012,#9013);
#7647=AXIS2_PLACEMENT_3D('',#10945,#9014,#9015);
#7648=AXIS2_PLACEMENT_3D('',#10947,#9016,#9017);
#7649=AXIS2_PLACEMENT_3D('',#10949,#9018,#9019);
#7650=AXIS2_PLACEMENT_3D('',#10951,#9020,#9021);
#7651=AXIS2_PLACEMENT_3D('',#10953,#9022,#9023);
#7652=AXIS2_PLACEMENT_3D('',#10955,#9024,#9025);
#7653=AXIS2_PLACEMENT_3D('',#10957,#9026,#9027);
#7654=AXIS2_PLACEMENT_3D('',#10959,#9028,#9029);
#7655=AXIS2_PLACEMENT_3D('',#10961,#9030,#9031);
#7656=AXIS2_PLACEMENT_3D('',#10962,#9032,#9033);
#7657=AXIS2_PLACEMENT_3D('',#10965,#9036,#9037);
#7658=AXIS2_PLACEMENT_3D('',#10967,#9039,#9040);
#7659=AXIS2_PLACEMENT_3D('',#10969,#9042,#9043);
#7660=AXIS2_PLACEMENT_3D('',#10970,#9044,#9045);
#7661=AXIS2_PLACEMENT_3D('',#10972,#9047,#9048);
#7662=AXIS2_PLACEMENT_3D('',#10974,#9050,#9051);
#7663=AXIS2_PLACEMENT_3D('',#10976,#9053,#9054);
#7664=AXIS2_PLACEMENT_3D('',#10978,#9056,#9057);
#7665=AXIS2_PLACEMENT_3D('',#10980,#9059,#9060);
#7666=AXIS2_PLACEMENT_3D('',#10982,#9062,#9063);
#7667=AXIS2_PLACEMENT_3D('',#10984,#9065,#9066);
#7668=AXIS2_PLACEMENT_3D('',#10986,#9068,#9069);
#7669=AXIS2_PLACEMENT_3D('',#10988,#9071,#9072);
#7670=AXIS2_PLACEMENT_3D('',#10990,#9074,#9075);
#7671=AXIS2_PLACEMENT_3D('',#10992,#9077,#9078);
#7672=AXIS2_PLACEMENT_3D('',#10994,#9080,#9081);
#7673=AXIS2_PLACEMENT_3D('',#10995,#9082,#9083);
#7674=AXIS2_PLACEMENT_3D('',#10996,#9084,#9085);
#7675=AXIS2_PLACEMENT_3D('',#10997,#9086,#9087);
#7676=AXIS2_PLACEMENT_3D('',#11006,#9092,#9093);
#7677=AXIS2_PLACEMENT_3D('',#11012,#9097,#9098);
#7678=AXIS2_PLACEMENT_3D('',#11018,#9102,#9103);
#7679=AXIS2_PLACEMENT_3D('',#11021,#9106,#9107);
#7680=AXIS2_PLACEMENT_3D('',#11030,#9112,#9113);
#7681=AXIS2_PLACEMENT_3D('',#11036,#9117,#9118);
#7682=AXIS2_PLACEMENT_3D('',#11042,#9122,#9123);
#7683=AXIS2_PLACEMENT_3D('',#11067,#9136,#9137);
#7684=AXIS2_PLACEMENT_3D('',#11092,#9150,#9151);
#7685=AXIS2_PLACEMENT_3D('',#11101,#9156,#9157);
#7686=AXIS2_PLACEMENT_3D('',#11107,#9161,#9162);
#7687=AXIS2_PLACEMENT_3D('',#11113,#9166,#9167);
#7688=AXIS2_PLACEMENT_3D('',#11119,#9171,#9172);
#7689=AXIS2_PLACEMENT_3D('',#11125,#9176,#9177);
#7690=AXIS2_PLACEMENT_3D('',#11131,#9181,#9182);
#7691=AXIS2_PLACEMENT_3D('',#11137,#9186,#9187);
#7692=AXIS2_PLACEMENT_3D('',#11143,#9191,#9192);
#7693=AXIS2_PLACEMENT_3D('',#11149,#9196,#9197);
#7694=AXIS2_PLACEMENT_3D('',#11155,#9201,#9202);
#7695=AXIS2_PLACEMENT_3D('',#11161,#9206,#9207);
#7696=AXIS2_PLACEMENT_3D('',#11167,#9211,#9212);
#7697=AXIS2_PLACEMENT_3D('',#11173,#9216,#9217);
#7698=AXIS2_PLACEMENT_3D('',#11179,#9221,#9222);
#7699=AXIS2_PLACEMENT_3D('',#11185,#9226,#9227);
#7700=AXIS2_PLACEMENT_3D('',#11191,#9231,#9232);
#7701=AXIS2_PLACEMENT_3D('',#11197,#9236,#9237);
#7702=AXIS2_PLACEMENT_3D('',#11203,#9241,#9242);
#7703=AXIS2_PLACEMENT_3D('',#11209,#9246,#9247);
#7704=AXIS2_PLACEMENT_3D('',#11215,#9251,#9252);
#7705=AXIS2_PLACEMENT_3D('',#11221,#9256,#9257);
#7706=AXIS2_PLACEMENT_3D('',#11227,#9261,#9262);
#7707=AXIS2_PLACEMENT_3D('',#11233,#9266,#9267);
#7708=AXIS2_PLACEMENT_3D('',#11239,#9271,#9272);
#7709=AXIS2_PLACEMENT_3D('',#11245,#9276,#9277);
#7710=AXIS2_PLACEMENT_3D('',#11251,#9281,#9282);
#7711=AXIS2_PLACEMENT_3D('',#11257,#9286,#9287);
#7712=AXIS2_PLACEMENT_3D('',#11263,#9291,#9292);
#7713=AXIS2_PLACEMENT_3D('',#11269,#9296,#9297);
#7714=AXIS2_PLACEMENT_3D('',#11275,#9301,#9302);
#7715=AXIS2_PLACEMENT_3D('',#11281,#9306,#9307);
#7716=AXIS2_PLACEMENT_3D('',#11287,#9311,#9312);
#7717=AXIS2_PLACEMENT_3D('',#11293,#9316,#9317);
#7718=AXIS2_PLACEMENT_3D('',#11299,#9321,#9322);
#7719=AXIS2_PLACEMENT_3D('',#11301,#9323,#9324);
#7720=AXIS2_PLACEMENT_3D('',#11304,#9326,#9327);
#7721=AXIS2_PLACEMENT_3D('',#11305,#9328,#9329);
#7722=AXIS2_PLACEMENT_3D('',#11311,#9333,#9334);
#7723=AXIS2_PLACEMENT_3D('',#11313,#9335,#9336);
#7724=AXIS2_PLACEMENT_3D('',#11316,#9338,#9339);
#7725=AXIS2_PLACEMENT_3D('',#11317,#9340,#9341);
#7726=AXIS2_PLACEMENT_3D('',#11323,#9345,#9346);
#7727=AXIS2_PLACEMENT_3D('',#11329,#9350,#9351);
#7728=AXIS2_PLACEMENT_3D('',#11331,#9352,#9353);
#7729=AXIS2_PLACEMENT_3D('',#11334,#9355,#9356);
#7730=AXIS2_PLACEMENT_3D('',#11335,#9357,#9358);
#7731=AXIS2_PLACEMENT_3D('',#11341,#9362,#9363);
#7732=AXIS2_PLACEMENT_3D('',#11343,#9364,#9365);
#7733=AXIS2_PLACEMENT_3D('',#11346,#9367,#9368);
#7734=AXIS2_PLACEMENT_3D('',#11347,#9369,#9370);
#7735=AXIS2_PLACEMENT_3D('',#11353,#9374,#9375);
#7736=AXIS2_PLACEMENT_3D('',#11359,#9379,#9380);
#7737=AXIS2_PLACEMENT_3D('',#11361,#9381,#9382);
#7738=AXIS2_PLACEMENT_3D('',#11364,#9384,#9385);
#7739=AXIS2_PLACEMENT_3D('',#11365,#9386,#9387);
#7740=AXIS2_PLACEMENT_3D('',#11371,#9391,#9392);
#7741=AXIS2_PLACEMENT_3D('',#11373,#9393,#9394);
#7742=AXIS2_PLACEMENT_3D('',#11376,#9396,#9397);
#7743=AXIS2_PLACEMENT_3D('',#11377,#9398,#9399);
#7744=AXIS2_PLACEMENT_3D('',#11383,#9403,#9404);
#7745=AXIS2_PLACEMENT_3D('',#11389,#9408,#9409);
#7746=AXIS2_PLACEMENT_3D('',#11395,#9413,#9414);
#7747=AXIS2_PLACEMENT_3D('',#11401,#9418,#9419);
#7748=AXIS2_PLACEMENT_3D('',#11407,#9423,#9424);
#7749=AXIS2_PLACEMENT_3D('',#11413,#9428,#9429);
#7750=AXIS2_PLACEMENT_3D('',#11419,#9433,#9434);
#7751=AXIS2_PLACEMENT_3D('',#11425,#9438,#9439);
#7752=AXIS2_PLACEMENT_3D('',#11431,#9443,#9444);
#7753=AXIS2_PLACEMENT_3D('',#11437,#9448,#9449);
#7754=AXIS2_PLACEMENT_3D('',#11443,#9453,#9454);
#7755=AXIS2_PLACEMENT_3D('',#11449,#9458,#9459);
#7756=AXIS2_PLACEMENT_3D('',#11455,#9463,#9464);
#7757=AXIS2_PLACEMENT_3D('',#11461,#9468,#9469);
#7758=AXIS2_PLACEMENT_3D('',#11467,#9473,#9474);
#7759=AXIS2_PLACEMENT_3D('',#11473,#9478,#9479);
#7760=AXIS2_PLACEMENT_3D('',#11476,#9482,#9483);
#7761=AXIS2_PLACEMENT_3D('',#11482,#9487,#9488);
#7762=AXIS2_PLACEMENT_3D('',#11486,#9491,#9492);
#7763=AXIS2_PLACEMENT_3D('',#11490,#9495,#9496);
#7764=AXIS2_PLACEMENT_3D('',#11494,#9499,#9500);
#7765=AXIS2_PLACEMENT_3D('',#11498,#9503,#9504);
#7766=AXIS2_PLACEMENT_3D('',#11502,#9507,#9508);
#7767=AXIS2_PLACEMENT_3D('',#11506,#9511,#9512);
#7768=AXIS2_PLACEMENT_3D('',#11510,#9515,#9516);
#7769=AXIS2_PLACEMENT_3D('',#11514,#9519,#9520);
#7770=AXIS2_PLACEMENT_3D('',#11518,#9523,#9524);
#7771=AXIS2_PLACEMENT_3D('',#11522,#9527,#9528);
#7772=AXIS2_PLACEMENT_3D('',#11524,#9530,#9531);
#7773=AXIS2_PLACEMENT_3D('',#11533,#9536,#9537);
#7774=AXIS2_PLACEMENT_3D('',#11539,#9541,#9542);
#7775=AXIS2_PLACEMENT_3D('',#11545,#9546,#9547);
#7776=AXIS2_PLACEMENT_3D('',#11548,#9550,#9551);
#7777=AXIS2_PLACEMENT_3D('',#11554,#9555,#9556);
#7778=AXIS2_PLACEMENT_3D('',#11558,#9559,#9560);
#7779=AXIS2_PLACEMENT_3D('',#11562,#9563,#9564);
#7780=AXIS2_PLACEMENT_3D('',#11568,#9568,#9569);
#7781=AXIS2_PLACEMENT_3D('',#11574,#9573,#9574);
#7782=AXIS2_PLACEMENT_3D('',#11580,#9578,#9579);
#7783=AXIS2_PLACEMENT_3D('',#11586,#9583,#9584);
#7784=AXIS2_PLACEMENT_3D('',#11589,#9587,#9588);
#7785=AXIS2_PLACEMENT_3D('',#11662,#9624,#9625);
#7786=AXIS2_PLACEMENT_3D('',#11666,#9627,#9628);
#7787=AXIS2_PLACEMENT_3D('',#11670,#9630,#9631);
#7788=AXIS2_PLACEMENT_3D('',#11674,#9633,#9634);
#7789=AXIS2_PLACEMENT_3D('',#11678,#9636,#9637);
#7790=AXIS2_PLACEMENT_3D('',#11682,#9639,#9640);
#7791=AXIS2_PLACEMENT_3D('',#11714,#9657,#9658);
#7792=AXIS2_PLACEMENT_3D('',#11715,#9659,#9660);
#7793=AXIS2_PLACEMENT_3D('',#11716,#9661,#9662);
#7794=AXIS2_PLACEMENT_3D('',#11717,#9663,#9664);
#7795=AXIS2_PLACEMENT_3D('',#11718,#9665,#9666);
#7796=AXIS2_PLACEMENT_3D('',#11719,#9667,#9668);
#7797=AXIS2_PLACEMENT_3D('',#11720,#9669,#9670);
#7798=AXIS2_PLACEMENT_3D('',#11721,#9671,#9672);
#7799=AXIS2_PLACEMENT_3D('',#11722,#9673,#9674);
#7800=AXIS2_PLACEMENT_3D('',#11723,#9675,#9676);
#7801=AXIS2_PLACEMENT_3D('',#11724,#9677,#9678);
#7802=AXIS2_PLACEMENT_3D('',#11725,#9679,#9680);
#7803=AXIS2_PLACEMENT_3D('',#11726,#9681,#9682);
#7804=AXIS2_PLACEMENT_3D('',#11727,#9683,#9684);
#7805=AXIS2_PLACEMENT_3D('',#11728,#9685,#9686);
#7806=AXIS2_PLACEMENT_3D('',#11729,#9687,#9688);
#7807=AXIS2_PLACEMENT_3D('',#11730,#9689,#9690);
#7808=AXIS2_PLACEMENT_3D('',#11731,#9691,#9692);
#7809=DIRECTION('axis',(0.,0.,1.));
#7810=DIRECTION('refdir',(1.,0.,0.));
#7811=DIRECTION('axis',(0.,0.,1.));
#7812=DIRECTION('refdir',(1.,0.,0.));
#7813=DIRECTION('axis',(0.,0.,1.));
#7814=DIRECTION('refdir',(1.,0.,0.));
#7815=DIRECTION('axis',(0.,0.,1.));
#7816=DIRECTION('refdir',(1.,0.,0.));
#7817=DIRECTION('axis',(0.,0.,1.));
#7818=DIRECTION('refdir',(1.,0.,0.));
#7819=DIRECTION('axis',(0.,0.,1.));
#7820=DIRECTION('refdir',(1.,0.,0.));
#7821=DIRECTION('axis',(0.,0.,1.));
#7822=DIRECTION('refdir',(1.,0.,0.));
#7823=DIRECTION('axis',(0.,0.,1.));
#7824=DIRECTION('refdir',(1.,0.,0.));
#7825=DIRECTION('axis',(0.,0.,1.));
#7826=DIRECTION('refdir',(1.,0.,0.));
#7827=DIRECTION('axis',(0.,0.,1.));
#7828=DIRECTION('refdir',(1.,0.,0.));
#7829=DIRECTION('center_axis',(0.,-0.999999918029216,-0.00040489697592501));
#7830=DIRECTION('ref_axis',(0.,-0.00040489697592501,0.999999918029216));
#7831=DIRECTION('center_axis',(0.,-0.999999918029216,-0.00040489697592501));
#7832=DIRECTION('ref_axis',(0.,-0.00040489697592501,0.999999918029216));
#7833=DIRECTION('',(0.,-0.999999918029216,-0.000404896975942392));
#7834=DIRECTION('center_axis',(0.,-0.999999918029216,-0.00040489697592501));
#7835=DIRECTION('ref_axis',(0.,-0.00040489697592501,0.999999918029216));
#7836=DIRECTION('',(0.,-0.999999918029216,-0.000404896975919655));
#7837=DIRECTION('center_axis',(1.,0.,0.));
#7838=DIRECTION('ref_axis',(0.,-0.000404896975925422,0.999999918029216));
#7839=DIRECTION('',(0.,-0.000404896975924882,0.999999918029216));
#7840=DIRECTION('',(0.,-0.999999918029216,-0.000404896975931024));
#7841=DIRECTION('',(0.,-0.000404896975925206,0.999999918029216));
#7842=DIRECTION('center_axis',(0.,0.00040489697592501,-0.999999918029216));
#7843=DIRECTION('ref_axis',(1.,0.,0.));
#7844=DIRECTION('',(1.,0.,0.));
#7845=DIRECTION('',(0.,-0.999999918029216,-0.000404896975931024));
#7846=DIRECTION('',(1.,0.,0.));
#7847=DIRECTION('center_axis',(0.,-0.999999918029216,-0.00040489697592501));
#7848=DIRECTION('ref_axis',(-1.,0.,0.));
#7849=DIRECTION('center_axis',(0.,-0.999999918029216,-0.00040489697592501));
#7850=DIRECTION('ref_axis',(-1.,0.,0.));
#7851=DIRECTION('',(0.,-0.999999918029216,-0.000404896975919655));
#7852=DIRECTION('center_axis',(0.,0.999999918029216,0.00040489697592501));
#7853=DIRECTION('ref_axis',(0.,0.00040489697592501,-0.999999918029216));
#7854=DIRECTION('center_axis',(-1.,0.,0.));
#7855=DIRECTION('ref_axis',(0.,0.000404896975924183,-0.999999918029216));
#7856=DIRECTION('',(0.,0.000404896975924606,-0.999999918029216));
#7857=DIRECTION('',(0.,-0.999999918029216,-0.000404896975919655));
#7858=DIRECTION('',(0.,0.000404896975924162,-0.999999918029216));
#7859=DIRECTION('center_axis',(0.,-0.999999918029216,-0.00040489697592501));
#7860=DIRECTION('ref_axis',(0.,-0.00040489697592501,0.999999918029216));
#7861=DIRECTION('center_axis',(0.,-0.999999918029216,-0.00040489697592501));
#7862=DIRECTION('ref_axis',(0.,-0.00040489697592501,0.999999918029216));
#7863=DIRECTION('',(0.,-0.999999918029216,-0.000404896975931023));
#7864=DIRECTION('center_axis',(0.,0.999999918029216,0.00040489697592501));
#7865=DIRECTION('ref_axis',(-1.,0.,0.));
#7866=DIRECTION('center_axis',(0.,-0.999999918029216,-0.00040489697592501));
#7867=DIRECTION('ref_axis',(-1.,0.,0.));
#7868=DIRECTION('center_axis',(0.,0.999999918029216,0.00040489697592501));
#7869=DIRECTION('ref_axis',(-1.,0.,0.));
#7870=DIRECTION('',(0.,-0.999999918029216,-0.00040489697592501));
#7871=DIRECTION('center_axis',(0.,-0.999999918029216,-0.00040489697592501));
#7872=DIRECTION('ref_axis',(1.,0.,0.));
#7873=DIRECTION('center_axis',(0.,-0.999999918029216,-0.00040489697592501));
#7874=DIRECTION('ref_axis',(-1.,0.,0.));
#7875=DIRECTION('center_axis',(0.,0.999999918029216,0.00040489697592501));
#7876=DIRECTION('ref_axis',(-1.,0.,0.));
#7877=DIRECTION('',(0.,-0.999999918029216,-0.00040489697592501));
#7878=DIRECTION('center_axis',(0.,-0.999999918029216,-0.00040489697592501));
#7879=DIRECTION('ref_axis',(1.,0.,0.));
#7880=DIRECTION('center_axis',(0.,-0.999999918029216,-0.00040489697592501));
#7881=DIRECTION('ref_axis',(-1.,0.,0.));
#7882=DIRECTION('center_axis',(0.,0.999999918029216,0.00040489697592501));
#7883=DIRECTION('ref_axis',(-1.,0.,0.));
#7884=DIRECTION('',(0.,-0.999999918029216,-0.00040489697592501));
#7885=DIRECTION('center_axis',(0.,-0.999999918029216,-0.00040489697592501));
#7886=DIRECTION('ref_axis',(1.,0.,0.));
#7887=DIRECTION('center_axis',(0.,-0.999999918029216,-0.00040489697592501));
#7888=DIRECTION('ref_axis',(0.,0.00040489697592501,-0.999999918029216));
#7889=DIRECTION('',(-1.,0.,0.));
#7890=DIRECTION('',(0.,-0.000404896975925206,0.999999918029216));
#7891=DIRECTION('',(0.,-0.000404896975925206,0.999999918029216));
#7892=DIRECTION('',(0.,-0.000404896975925206,0.999999918029216));
#7893=DIRECTION('center_axis',(0.,-0.999999918029216,-0.00040489697592501));
#7894=DIRECTION('ref_axis',(-1.,0.,0.));
#7895=DIRECTION('',(1.,0.,0.));
#7896=DIRECTION('center_axis',(0.,-0.999999918029216,-0.00040489697592501));
#7897=DIRECTION('ref_axis',(0.,0.000404896975924688,-0.999999918029216));
#7898=DIRECTION('',(0.,0.000404896975925207,-0.999999918029216));
#7899=DIRECTION('',(0.,0.000404896975925207,-0.999999918029216));
#7900=DIRECTION('',(0.,0.000404896975925207,-0.999999918029216));
#7901=DIRECTION('center_axis',(0.,-0.999999918029216,-0.00040489697592501));
#7902=DIRECTION('ref_axis',(1.,0.,0.));
#7903=DIRECTION('center_axis',(0.,-0.999999918029216,-0.00040489697592501));
#7904=DIRECTION('ref_axis',(1.,0.,0.));
#7905=DIRECTION('',(-1.,0.,0.));
#7906=DIRECTION('center_axis',(0.,-0.999999918029216,-0.00040489697592501));
#7907=DIRECTION('ref_axis',(1.,0.,0.));
#7908=DIRECTION('',(0.,-0.000404896975924852,0.999999918029216));
#7909=DIRECTION('',(-1.,0.,0.));
#7910=DIRECTION('center_axis',(0.,-0.999999918029216,-0.00040489697592501));
#7911=DIRECTION('ref_axis',(0.,0.00040489697592501,-0.999999918029216));
#7912=DIRECTION('',(0.,0.000404896975925497,-0.999999918029216));
#7913=DIRECTION('center_axis',(0.,-0.999999918029216,-0.00040489697592501));
#7914=DIRECTION('ref_axis',(1.,0.,0.));
#7915=DIRECTION('',(1.,0.,0.));
#7916=DIRECTION('center_axis',(0.,-0.999999918029216,-0.00040489697592501));
#7917=DIRECTION('ref_axis',(1.,0.,0.));
#7918=DIRECTION('center_axis',(0.,-0.999999918029216,-0.00040489697592501));
#7919=DIRECTION('ref_axis',(-1.,0.,0.));
#7920=DIRECTION('center_axis',(0.,-0.999999918029216,-0.00040489697592501));
#7921=DIRECTION('ref_axis',(-1.,0.,0.));
#7922=DIRECTION('center_axis',(0.,0.999999918029216,0.00040489697592501));
#7923=DIRECTION('ref_axis',(-1.,0.,0.));
#7924=DIRECTION('',(1.,0.,0.));
#7925=DIRECTION('',(0.,-0.000404896975925206,0.999999918029216));
#7926=DIRECTION('',(1.,0.,0.));
#7927=DIRECTION('center_axis',(0.,0.999999918029216,0.00040489697592501));
#7928=DIRECTION('ref_axis',(0.,-0.00040489697592501,0.999999918029216));
#7929=DIRECTION('',(0.,0.000404896975924609,-0.999999918029216));
#7930=DIRECTION('center_axis',(0.,0.999999918029216,0.00040489697592501));
#7931=DIRECTION('ref_axis',(1.,0.,0.));
#7932=DIRECTION('',(-1.,0.,0.));
#7933=DIRECTION('',(0.,0.000404896975925207,-0.999999918029216));
#7934=DIRECTION('',(0.,0.000404896975925207,-0.999999918029216));
#7935=DIRECTION('center_axis',(0.,0.999999918029216,0.00040489697592501));
#7936=DIRECTION('ref_axis',(-1.,0.,0.));
#7937=DIRECTION('center_axis',(0.,0.999999918029216,0.00040489697592501));
#7938=DIRECTION('ref_axis',(1.,0.,0.));
#7939=DIRECTION('center_axis',(0.,0.999999918029216,0.00040489697592501));
#7940=DIRECTION('ref_axis',(1.,0.,0.));
#7941=DIRECTION('center_axis',(0.,0.00040489697592501,-0.999999918029216));
#7942=DIRECTION('ref_axis',(-1.,0.,0.));
#7943=DIRECTION('',(0.,-0.999999918029216,-0.000404896975931024));
#7944=DIRECTION('center_axis',(0.,-0.999999918029216,-0.00040489697592501));
#7945=DIRECTION('ref_axis',(1.,0.,0.));
#7946=DIRECTION('',(0.,-0.999999918029216,-0.000404896975919655));
#7947=DIRECTION('center_axis',(-1.,0.,0.));
#7948=DIRECTION('ref_axis',(0.,-0.00040489697592681,0.999999918029216));
#7949=DIRECTION('',(0.,-0.999999918029216,-0.000404896975942392));
#7950=DIRECTION('center_axis',(0.,0.00040489697592501,-0.999999918029216));
#7951=DIRECTION('ref_axis',(-1.,0.,0.));
#7952=DIRECTION('',(0.,-0.999999918029216,-0.000404896975931024));
#7953=DIRECTION('center_axis',(0.,-0.999999918029216,-0.00040489697592501));
#7954=DIRECTION('ref_axis',(0.,0.00040489697592501,-0.999999918029216));
#7955=DIRECTION('',(0.,-0.999999918029216,-0.000404896975919656));
#7956=DIRECTION('center_axis',(1.,0.,0.));
#7957=DIRECTION('ref_axis',(0.,0.000404896975925491,-0.999999918029216));
#7958=DIRECTION('',(0.,-0.999999918029216,-0.000404896975919655));
#7959=DIRECTION('center_axis',(0.,-0.999999918029216,-0.00040489697592501));
#7960=DIRECTION('ref_axis',(1.,0.,0.));
#7961=DIRECTION('',(0.,-0.999999918029216,-0.000404896975919655));
#7962=DIRECTION('center_axis',(0.,-0.00040489697592501,0.999999918029216));
#7963=DIRECTION('ref_axis',(1.,0.,0.));
#7964=DIRECTION('center_axis',(0.,-0.999999918029216,-0.00040489697592501));
#7965=DIRECTION('ref_axis',(1.,0.,0.));
#7966=DIRECTION('',(0.,-0.999999918029216,-0.00040489697592501));
#7967=DIRECTION('center_axis',(0.,-0.999999918029216,-0.00040489697592501));
#7968=DIRECTION('ref_axis',(1.,0.,0.));
#7969=DIRECTION('',(0.,-0.999999918029216,-0.00040489697592501));
#7970=DIRECTION('center_axis',(0.,-0.999999918029216,-0.00040489697592501));
#7971=DIRECTION('ref_axis',(-1.,0.,0.));
#7972=DIRECTION('',(0.,-0.999999918029216,-0.00040489697592501));
#7973=DIRECTION('center_axis',(0.,-0.999999918029216,-0.00040489697592501));
#7974=DIRECTION('ref_axis',(0.,-0.00040489697592501,0.999999918029216));
#7975=DIRECTION('center_axis',(0.,-0.999999918029216,-0.00040489697592501));
#7976=DIRECTION('ref_axis',(0.,-0.00040489697592501,0.999999918029216));
#7977=DIRECTION('',(0.,-0.999999918029216,-0.000404896975919656));
#7978=DIRECTION('center_axis',(0.,0.999999918029216,0.00040489697592501));
#7979=DIRECTION('ref_axis',(-1.,0.,0.));
#7980=DIRECTION('',(0.,-0.999999918029216,-0.000404896975919656));
#7981=DIRECTION('center_axis',(-1.,0.,0.));
#7982=DIRECTION('ref_axis',(0.,-0.000404896975924237,0.999999918029216));
#7983=DIRECTION('',(0.,-0.000404896975924218,0.999999918029216));
#7984=DIRECTION('',(0.,-0.000404896975924634,0.999999918029216));
#7985=DIRECTION('',(0.,-0.999999918029216,-0.000404896975919655));
#7986=DIRECTION('center_axis',(0.,-0.999999918029216,-0.00040489697592501));
#7987=DIRECTION('ref_axis',(-1.,0.,0.));
#7988=DIRECTION('center_axis',(0.,-0.999999918029216,-0.00040489697592501));
#7989=DIRECTION('ref_axis',(-1.,0.,0.));
#7990=DIRECTION('center_axis',(0.,0.999999918029216,0.00040489697592501));
#7991=DIRECTION('ref_axis',(0.,0.00040489697592501,-0.999999918029216));
#7992=DIRECTION('',(0.,-0.999999918029216,-0.000404896975919656));
#7993=DIRECTION('center_axis',(0.,0.00040489697592501,-0.999999918029216));
#7994=DIRECTION('ref_axis',(-1.,0.,0.));
#7995=DIRECTION('',(-1.,0.,0.));
#7996=DIRECTION('',(-1.,0.,0.));
#7997=DIRECTION('',(0.,0.999999918029216,0.00040489697592501));
#7998=DIRECTION('center_axis',(0.,-0.999999918029216,-0.00040489697592501));
#7999=DIRECTION('ref_axis',(-1.,0.,0.));
#8000=DIRECTION('center_axis',(0.,-0.999999918029216,-0.00040489697592501));
#8001=DIRECTION('ref_axis',(-1.,0.,0.));
#8002=DIRECTION('',(0.,-0.999999918029216,-0.00040489697592501));
#8003=DIRECTION('center_axis',(0.,-0.999999918029216,-0.00040489697592501));
#8004=DIRECTION('ref_axis',(1.,0.,0.));
#8005=DIRECTION('center_axis',(0.,-0.999999918029216,-0.00040489697592501));
#8006=DIRECTION('ref_axis',(-1.,0.,0.));
#8007=DIRECTION('center_axis',(0.,-0.999999918029216,-0.00040489697592501));
#8008=DIRECTION('ref_axis',(-1.,0.,0.));
#8009=DIRECTION('',(0.,-0.999999918029216,-0.00040489697592501));
#8010=DIRECTION('center_axis',(0.,-0.999999918029216,-0.00040489697592501));
#8011=DIRECTION('ref_axis',(1.,0.,0.));
#8012=DIRECTION('center_axis',(0.,-0.999999918029216,-0.00040489697592501));
#8013=DIRECTION('ref_axis',(-1.,0.,0.));
#8014=DIRECTION('center_axis',(0.,-0.999999918029216,-0.00040489697592501));
#8015=DIRECTION('ref_axis',(-1.,0.,0.));
#8016=DIRECTION('',(0.,-0.999999918029216,-0.00040489697592501));
#8017=DIRECTION('center_axis',(0.,-0.999999918029216,-0.00040489697592501));
#8018=DIRECTION('ref_axis',(1.,0.,0.));
#8019=DIRECTION('center_axis',(0.,0.999999918029216,0.00040489697592501));
#8020=DIRECTION('ref_axis',(1.,0.,0.));
#8021=DIRECTION('',(1.,0.,0.));
#8022=DIRECTION('',(0.49999999999997,0.000350651067070388,-0.866025332795675));
#8023=DIRECTION('',(-0.499999999999985,0.000350651067061814,-0.866025332795666));
#8024=DIRECTION('',(-1.,0.,0.));
#8025=DIRECTION('',(-0.499999999999985,-0.000350651067061539,0.866025332795666));
#8026=DIRECTION('',(0.49999999999997,-0.000350651067070594,0.866025332795675));
#8027=DIRECTION('center_axis',(0.,-0.00040489697592501,0.999999918029216));
#8028=DIRECTION('ref_axis',(1.,0.,0.));
#8029=DIRECTION('',(0.,-0.999999918029216,-0.000404896975908289));
#8030=DIRECTION('',(-1.,0.,0.));
#8031=DIRECTION('',(0.,-0.999999918029216,-0.000404896975908289));
#8032=DIRECTION('center_axis',(0.866025403784448,-0.000202448487962657,
0.499999959014591));
#8033=DIRECTION('ref_axis',(0.499999999999983,0.000350651067065998,-0.866025332795667));
#8034=DIRECTION('',(-0.499999999999976,-0.000350651067065854,0.866025332795671));
#8035=DIRECTION('',(0.,-0.999999918029216,-0.000404896975936709));
#8036=DIRECTION('center_axis',(0.866025403784446,0.000202448487962341,-0.499999959014595));
#8037=DIRECTION('ref_axis',(-0.499999999999987,0.000350651067066215,-0.866025332795665));
#8038=DIRECTION('',(0.499999999999985,-0.000350651067066141,0.866025332795666));
#8039=DIRECTION('',(0.,-0.999999918029216,-0.00040489697593671));
#8040=DIRECTION('center_axis',(0.,0.00040489697592501,-0.999999918029216));
#8041=DIRECTION('ref_axis',(-1.,0.,0.));
#8042=DIRECTION('',(1.,0.,0.));
#8043=DIRECTION('',(0.,-0.999999918029216,-0.00040489697593671));
#8044=DIRECTION('center_axis',(-0.866025403784446,0.000202448487962659,
-0.499999959014595));
#8045=DIRECTION('ref_axis',(-0.499999999999987,-0.000350651067066008,0.866025332795665));
#8046=DIRECTION('',(0.499999999999985,0.000350651067065866,-0.866025332795666));
#8047=DIRECTION('',(0.,-0.999999918029216,-0.000404896975936709));
#8048=DIRECTION('center_axis',(-0.866025403784448,-0.000202448487962339,
0.499999959014591));
#8049=DIRECTION('ref_axis',(0.499999999999983,-0.000350651067066216,0.866025332795667));
#8050=DIRECTION('',(-0.499999999999954,0.000350651067066119,-0.866025332795684));
#8051=DIRECTION('center_axis',(0.,0.999999918029216,0.00040489697592501));
#8052=DIRECTION('ref_axis',(1.,0.,0.));
#8053=DIRECTION('',(1.,0.,0.));
#8054=DIRECTION('',(0.5,0.000350651067066014,-0.866025332795657));
#8055=DIRECTION('',(-0.499999999999985,0.000350651067066209,-0.866025332795666));
#8056=DIRECTION('',(-1.,0.,0.));
#8057=DIRECTION('',(-0.499999999999985,-0.000350651067065935,0.866025332795666));
#8058=DIRECTION('',(0.5,-0.00035065106706622,0.866025332795657));
#8059=DIRECTION('center_axis',(0.,-0.00040489697592501,0.999999918029216));
#8060=DIRECTION('ref_axis',(1.,0.,0.));
#8061=DIRECTION('',(0.,-0.999999918029216,-0.000404896975908287));
#8062=DIRECTION('',(-1.,0.,0.));
#8063=DIRECTION('',(0.,-0.999999918029216,-0.000404896975908287));
#8064=DIRECTION('center_axis',(0.866025403784448,-0.000202448487962657,
0.499999959014591));
#8065=DIRECTION('ref_axis',(0.499999999999983,0.000350651067069699,-0.866025332795667));
#8066=DIRECTION('',(-0.499999999999963,-0.000350651067070527,0.866025332795679));
#8067=DIRECTION('',(0.,-0.999999918029216,-0.000404896975965132));
#8068=DIRECTION('center_axis',(0.866025403784446,0.000202448487962341,-0.499999959014595));
#8069=DIRECTION('ref_axis',(-0.499999999999987,0.000350651067062732,-0.866025332795665));
#8070=DIRECTION('',(0.500000000000007,-0.000350651067061754,0.866025332795654));
#8071=DIRECTION('',(0.,-0.999999918029216,-0.000404896975936709));
#8072=DIRECTION('center_axis',(0.,0.00040489697592501,-0.999999918029216));
#8073=DIRECTION('ref_axis',(-1.,0.,0.));
#8074=DIRECTION('',(1.,0.,0.));
#8075=DIRECTION('',(0.,-0.999999918029216,-0.000404896975936709));
#8076=DIRECTION('center_axis',(-0.866025403784446,0.000202448487962659,
-0.499999959014595));
#8077=DIRECTION('ref_axis',(-0.499999999999987,-0.000350651067062524,0.866025332795665));
#8078=DIRECTION('',(0.5,0.000350651067061481,-0.866025332795657));
#8079=DIRECTION('',(0.,-0.999999918029216,-0.000404896975965132));
#8080=DIRECTION('center_axis',(-0.866025403784448,-0.000202448487962339,
0.499999959014591));
#8081=DIRECTION('ref_axis',(0.499999999999983,-0.000350651067069699,0.866025332795667));
#8082=DIRECTION('',(-0.499999999999976,0.000350651067070524,-0.866025332795671));
#8083=DIRECTION('center_axis',(0.,0.999999918029216,0.00040489697592501));
#8084=DIRECTION('ref_axis',(1.,0.,0.));
#8085=DIRECTION('',(1.,0.,0.));
#8086=DIRECTION('',(0.49999999999997,0.000350651067065993,-0.866025332795675));
#8087=DIRECTION('',(-0.5,0.00035065106706622,-0.866025332795658));
#8088=DIRECTION('',(-1.,0.,0.));
#8089=DIRECTION('',(-0.5,-0.000350651067065945,0.866025332795657));
#8090=DIRECTION('',(0.499999999999969,-0.000350651067066199,0.866025332795675));
#8091=DIRECTION('center_axis',(0.,-0.00040489697592501,0.999999918029216));
#8092=DIRECTION('ref_axis',(1.,0.,0.));
#8093=DIRECTION('',(0.,-0.999999918029216,-0.000404896975908289));
#8094=DIRECTION('',(-1.,0.,0.));
#8095=DIRECTION('',(0.,-0.999999918029216,-0.000404896975908289));
#8096=DIRECTION('center_axis',(0.866025403784448,-0.000202448487962657,
0.499999959014591));
#8097=DIRECTION('ref_axis',(0.499999999999983,0.000350651067062514,-0.866025332795667));
#8098=DIRECTION('',(-0.499999999999968,-0.00035065106706146,0.866025332795676));
#8099=DIRECTION('',(0.,-0.999999918029216,-0.000404896975908287));
#8100=DIRECTION('center_axis',(0.866025403784446,0.000202448487962341,-0.499999959014595));
#8101=DIRECTION('ref_axis',(-0.499999999999987,0.000350651067069698,-0.866025332795665));
#8102=DIRECTION('',(0.499999999999987,-0.000350651067070536,0.866025332795665));
#8103=DIRECTION('',(0.,-0.999999918029216,-0.00040489697593671));
#8104=DIRECTION('center_axis',(0.,0.00040489697592501,-0.999999918029216));
#8105=DIRECTION('ref_axis',(-1.,0.,0.));
#8106=DIRECTION('',(1.,0.,0.));
#8107=DIRECTION('',(0.,-0.999999918029216,-0.00040489697593671));
#8108=DIRECTION('center_axis',(-0.866025403784446,0.000202448487962659,
-0.499999959014595));
#8109=DIRECTION('ref_axis',(-0.499999999999987,-0.00035065106706948,0.866025332795665));
#8110=DIRECTION('',(0.499999999999987,0.000350651067070261,-0.866025332795665));
#8111=DIRECTION('',(0.,-0.999999918029216,-0.000404896975908287));
#8112=DIRECTION('center_axis',(-0.866025403784448,-0.000202448487962339,
0.499999959014591));
#8113=DIRECTION('ref_axis',(0.499999999999983,-0.000350651067062949,0.866025332795667));
#8114=DIRECTION('',(-0.499999999999983,0.00035065106706202,-0.866025332795667));
#8115=DIRECTION('center_axis',(0.,-0.00040489697592501,0.999999918029216));
#8116=DIRECTION('ref_axis',(1.,0.,0.));
#8117=DIRECTION('',(-1.,0.,0.));
#8118=DIRECTION('',(0.,-0.999999918029216,-0.000404896975920644));
#8119=DIRECTION('',(0.,-0.999999918029216,-0.000404896975925587));
#8120=DIRECTION('center_axis',(-1.,0.,0.));
#8121=DIRECTION('ref_axis',(0.,-0.000404896975925206,0.999999918029216));
#8122=DIRECTION('',(0.,0.00040489697592501,-0.999999918029216));
#8123=DIRECTION('',(0.,-0.000404896975925221,0.999999918029216));
#8124=DIRECTION('',(0.,-0.999999918029216,-0.000404896975924688));
#8125=DIRECTION('',(0.,0.000404896975924688,-0.999999918029216));
#8126=DIRECTION('',(0.,-0.999999918029216,-0.000404896975925587));
#8127=DIRECTION('',(0.,-0.000404896975925206,0.999999918029216));
#8128=DIRECTION('center_axis',(0.,-0.999999918029216,-0.00040489697592501));
#8129=DIRECTION('ref_axis',(1.,0.,0.));
#8130=DIRECTION('',(-1.,0.,0.));
#8131=DIRECTION('',(0.,-0.00040489697592501,0.999999918029216));
#8132=DIRECTION('',(1.,0.,0.));
#8133=DIRECTION('center_axis',(0.,-0.999999918029216,-0.00040489697592501));
#8134=DIRECTION('ref_axis',(0.,0.00040489697592501,-0.999999918029216));
#8135=DIRECTION('',(0.,-0.000404896975925053,0.999999918029216));
#8136=DIRECTION('center_axis',(0.,-0.999999918029216,-0.00040489697592501));
#8137=DIRECTION('ref_axis',(1.,0.,0.));
#8138=DIRECTION('center_axis',(0.,-0.999999918029216,-0.00040489697592501));
#8139=DIRECTION('ref_axis',(1.,0.,0.));
#8140=DIRECTION('center_axis',(0.,-0.999999918029216,-0.00040489697592501));
#8141=DIRECTION('ref_axis',(-1.,0.,0.));
#8142=DIRECTION('center_axis',(0.,-0.999999918029216,-0.00040489697592501));
#8143=DIRECTION('ref_axis',(-1.,0.,0.));
#8144=DIRECTION('center_axis',(0.,-0.00040489697592501,0.999999918029216));
#8145=DIRECTION('ref_axis',(-1.,0.,0.));
#8146=DIRECTION('',(0.,-0.999999918029216,-0.000404896975931024));
#8147=DIRECTION('',(-1.,0.,0.));
#8148=DIRECTION('center_axis',(0.,-0.999999918029216,-0.00040489697592501));
#8149=DIRECTION('ref_axis',(1.,0.,0.));
#8150=DIRECTION('',(0.,-0.999999918029216,-0.00040489697592534));
#8151=DIRECTION('center_axis',(0.,0.999999918029216,0.00040489697592501));
#8152=DIRECTION('ref_axis',(0.,-0.00040489697592501,0.999999918029216));
#8153=DIRECTION('center_axis',(1.,0.,0.));
#8154=DIRECTION('ref_axis',(0.,-0.000404896975924241,0.999999918029216));
#8155=DIRECTION('',(0.,-0.999999918029216,-0.000404896975931024));
#8156=DIRECTION('',(0.,-0.000404896975924666,0.999999918029216));
#8157=DIRECTION('center_axis',(0.,-0.999999918029216,-0.00040489697592501));
#8158=DIRECTION('ref_axis',(0.,0.00040489697592501,-0.999999918029216));
#8159=DIRECTION('',(0.,-0.999999918029216,-0.000404896975919656));
#8160=DIRECTION('center_axis',(0.,0.999999918029216,0.00040489697592501));
#8161=DIRECTION('ref_axis',(1.,0.,0.));
#8162=DIRECTION('center_axis',(0.,0.00040489697592501,-0.999999918029216));
#8163=DIRECTION('ref_axis',(1.,0.,0.));
#8164=DIRECTION('',(0.,-0.999999918029216,-0.00040489697592501));
#8165=DIRECTION('',(1.,0.,0.));
#8166=DIRECTION('center_axis',(0.,-0.999999918029216,-0.00040489697592501));
#8167=DIRECTION('ref_axis',(1.,0.,0.));
#8168=DIRECTION('center_axis',(0.,-0.999999918029216,-0.00040489697592501));
#8169=DIRECTION('ref_axis',(1.,0.,0.));
#8170=DIRECTION('',(0.,-0.999999918029216,-0.00040489697592501));
#8171=DIRECTION('center_axis',(0.,-0.999999918029216,-0.00040489697592501));
#8172=DIRECTION('ref_axis',(1.,0.,0.));
#8173=DIRECTION('center_axis',(0.,-0.999999918029216,-0.00040489697592501));
#8174=DIRECTION('ref_axis',(1.,0.,0.));
#8175=DIRECTION('',(0.,-0.999999918029216,-0.00040489697592501));
#8176=DIRECTION('center_axis',(0.,-0.999999918029216,-0.00040489697592501));
#8177=DIRECTION('ref_axis',(-1.,0.,0.));
#8178=DIRECTION('center_axis',(0.,-0.999999918029216,-0.00040489697592501));
#8179=DIRECTION('ref_axis',(-1.,0.,0.));
#8180=DIRECTION('',(0.,-0.999999918029216,-0.00040489697592501));
#8181=DIRECTION('center_axis',(0.,0.999999918029216,0.00040489697592501));
#8182=DIRECTION('ref_axis',(1.,0.,0.));
#8183=DIRECTION('',(1.,0.,0.));
#8184=DIRECTION('',(0.499999999999985,0.000350651067066003,-0.866025332795666));
#8185=DIRECTION('',(-0.499999999999985,0.000350651067066141,-0.866025332795666));
#8186=DIRECTION('',(-1.,0.,0.));
#8187=DIRECTION('',(-0.499999999999985,-0.000350651067066003,0.866025332795666));
#8188=DIRECTION('',(0.499999999999985,-0.000350651067066141,0.866025332795666));
#8189=DIRECTION('center_axis',(0.,-0.00040489697592501,0.999999918029216));
#8190=DIRECTION('ref_axis',(1.,0.,0.));
#8191=DIRECTION('',(0.,-0.999999918029216,-0.000404896975908289));
#8192=DIRECTION('',(-1.,0.,0.));
#8193=DIRECTION('',(0.,-0.999999918029216,-0.000404896975908289));
#8194=DIRECTION('center_axis',(0.866025403784448,-0.000202448487962657,
0.499999959014591));
#8195=DIRECTION('ref_axis',(0.499999999999983,0.000350651067062514,-0.866025332795667));
#8196=DIRECTION('',(-0.499999999999983,-0.000350651067061457,0.866025332795667));
#8197=DIRECTION('',(0.,-0.999999918029216,-0.000404896975936709));
#8198=DIRECTION('center_axis',(0.866025403784446,0.000202448487962341,-0.499999959014595));
#8199=DIRECTION('ref_axis',(-0.499999999999987,0.000350651067069915,-0.866025332795665));
#8200=DIRECTION('',(0.499999999999984,-0.000350651067070811,0.866025332795667));
#8201=DIRECTION('',(0.,-0.999999918029216,-0.000404896975908289));
#8202=DIRECTION('center_axis',(0.,0.00040489697592501,-0.999999918029216));
#8203=DIRECTION('ref_axis',(-1.,0.,0.));
#8204=DIRECTION('',(1.,0.,0.));
#8205=DIRECTION('',(0.,-0.999999918029216,-0.000404896975908289));
#8206=DIRECTION('center_axis',(-0.866025403784446,0.000202448487962659,
-0.499999959014595));
#8207=DIRECTION('ref_axis',(-0.499999999999987,-0.000350651067069503,0.866025332795665));
#8208=DIRECTION('',(0.499999999999985,0.000350651067070261,-0.866025332795666));
#8209=DIRECTION('',(0.,-0.999999918029216,-0.000404896975936709));
#8210=DIRECTION('center_axis',(-0.866025403784448,-0.000202448487962339,
0.499999959014591));
#8211=DIRECTION('ref_axis',(0.499999999999983,-0.000350651067062732,0.866025332795667));
#8212=DIRECTION('',(-0.49999999999997,0.000350651067061735,-0.866025332795675));
#8213=DIRECTION('center_axis',(0.,0.999999918029216,0.00040489697592501));
#8214=DIRECTION('ref_axis',(1.,0.,0.));
#8215=DIRECTION('',(1.,0.,0.));
#8216=DIRECTION('',(0.49999999999997,0.000350651067065993,-0.866025332795675));
#8217=DIRECTION('',(-0.499999999999985,0.000350651067061745,-0.866025332795666));
#8218=DIRECTION('',(-1.,0.,0.));
#8219=DIRECTION('',(-0.499999999999985,-0.000350651067061608,0.866025332795666));
#8220=DIRECTION('',(0.49999999999997,-0.000350651067066199,0.866025332795675));
#8221=DIRECTION('center_axis',(0.,-0.00040489697592501,0.999999918029216));
#8222=DIRECTION('ref_axis',(1.,0.,0.));
#8223=DIRECTION('',(0.,-0.999999918029216,-0.00040489697593671));
#8224=DIRECTION('',(-1.,0.,0.));
#8225=DIRECTION('',(0.,-0.999999918029216,-0.00040489697593671));
#8226=DIRECTION('center_axis',(0.866025403784448,-0.000202448487962657,
0.499999959014591));
#8227=DIRECTION('ref_axis',(0.499999999999983,0.000350651067062515,-0.866025332795667));
#8228=DIRECTION('',(-0.49999999999997,-0.00035065106706146,0.866025332795675));
#8229=DIRECTION('',(0.,-0.999999918029216,-0.000404896975936709));
#8230=DIRECTION('center_axis',(0.866025403784446,0.000202448487962341,-0.499999959014595));
#8231=DIRECTION('ref_axis',(-0.499999999999987,0.000350651067066432,-0.866025332795665));
#8232=DIRECTION('',(0.5,-0.000350651067066426,0.866025332795657));
#8233=DIRECTION('',(0.,-0.999999918029216,-0.000404896975908289));
#8234=DIRECTION('center_axis',(0.,0.00040489697592501,-0.999999918029216));
#8235=DIRECTION('ref_axis',(-1.,0.,0.));
#8236=DIRECTION('',(1.,0.,0.));
#8237=DIRECTION('',(0.,-0.999999918029216,-0.000404896975908289));
#8238=DIRECTION('center_axis',(-0.866025403784446,0.000202448487962659,
-0.499999959014595));
#8239=DIRECTION('ref_axis',(-0.499999999999987,-0.000350651067066019,0.866025332795665));
#8240=DIRECTION('',(0.5,0.000350651067065877,-0.866025332795657));
#8241=DIRECTION('',(0.,-0.999999918029216,-0.000404896975936709));
#8242=DIRECTION('center_axis',(-0.866025403784448,-0.000202448487962339,
0.499999959014591));
#8243=DIRECTION('ref_axis',(0.499999999999983,-0.000350651067062733,0.866025332795667));
#8244=DIRECTION('',(-0.499999999999976,0.000350651067061733,-0.866025332795671));
#8245=DIRECTION('center_axis',(0.,0.999999918029216,0.00040489697592501));
#8246=DIRECTION('ref_axis',(1.,0.,0.));
#8247=DIRECTION('',(1.,0.,0.));
#8248=DIRECTION('',(0.5,0.000350651067061619,-0.866025332795657));
#8249=DIRECTION('',(-0.499999999999985,0.000350651067070536,-0.866025332795666));
#8250=DIRECTION('',(-1.,0.,0.));
#8251=DIRECTION('',(-0.499999999999985,-0.000350651067070399,0.866025332795666));
#8252=DIRECTION('',(0.5,-0.000350651067061756,0.866025332795657));
#8253=DIRECTION('center_axis',(0.,-0.00040489697592501,0.999999918029216));
#8254=DIRECTION('ref_axis',(1.,0.,0.));
#8255=DIRECTION('',(0.,-0.999999918029216,-0.000404896975908287));
#8256=DIRECTION('',(-1.,0.,0.));
#8257=DIRECTION('',(0.,-0.999999918029216,-0.000404896975908287));
#8258=DIRECTION('center_axis',(0.866025403784448,-0.000202448487962657,
0.499999959014591));
#8259=DIRECTION('ref_axis',(0.499999999999983,0.000350651067065998,-0.866025332795667));
#8260=DIRECTION('',(-0.49999999999997,-0.00035065106706613,0.866025332795675));
#8261=DIRECTION('',(0.,-0.999999918029216,-0.000404896975965132));
#8262=DIRECTION('center_axis',(0.866025403784446,0.000202448487962341,-0.499999959014595));
#8263=DIRECTION('ref_axis',(-0.499999999999987,0.000350651067062732,-0.866025332795665));
#8264=DIRECTION('',(0.500000000000007,-0.000350651067061754,0.866025332795654));
#8265=DIRECTION('',(0.,-0.999999918029216,-0.000404896975936708));
#8266=DIRECTION('center_axis',(0.,0.00040489697592501,-0.999999918029216));
#8267=DIRECTION('ref_axis',(-1.,0.,0.));
#8268=DIRECTION('',(1.,0.,0.));
#8269=DIRECTION('',(0.,-0.999999918029216,-0.000404896975936708));
#8270=DIRECTION('center_axis',(-0.866025403784446,0.000202448487962659,
-0.499999959014595));
#8271=DIRECTION('ref_axis',(-0.499999999999987,-0.000350651067062743,0.866025332795665));
#8272=DIRECTION('',(0.5,0.000350651067061756,-0.866025332795657));
#8273=DIRECTION('',(0.,-0.999999918029216,-0.000404896975965132));
#8274=DIRECTION('center_axis',(-0.866025403784448,-0.000202448487962339,
0.499999959014591));
#8275=DIRECTION('ref_axis',(0.499999999999983,-0.000350651067066216,0.866025332795667));
#8276=DIRECTION('',(-0.49999999999997,0.00035065106706613,-0.866025332795675));
#8277=DIRECTION('center_axis',(1.,0.,0.));
#8278=DIRECTION('ref_axis',(0.,0.000404896975925206,-0.999999918029216));
#8279=DIRECTION('',(0.,0.000404896975925207,-0.999999918029216));
#8280=DIRECTION('',(0.,-0.999999918029216,-0.000404896975923116));
#8281=DIRECTION('',(0.,-0.000404896975924688,0.999999918029216));
#8282=DIRECTION('',(0.,0.999999918029216,0.000404896975924688));
#8283=DIRECTION('',(0.,0.000404896975925162,-0.999999918029216));
#8284=DIRECTION('center_axis',(0.,-0.999999918029216,-0.000404896975924688));
#8285=DIRECTION('ref_axis',(-1.,0.,0.));
#8286=DIRECTION('center_axis',(0.,-0.999999918029216,-0.000404896975924688));
#8287=DIRECTION('ref_axis',(-1.,0.,0.));
#8288=DIRECTION('',(0.,-0.999999918029216,-0.000404896975919656));
#8289=DIRECTION('',(0.,-0.999999918029216,-0.000404896975925339));
#8290=DIRECTION('center_axis',(1.,0.,0.));
#8291=DIRECTION('ref_axis',(0.,-0.000404896975925424,0.999999918029216));
#8292=DIRECTION('',(0.,0.000404896975924871,-0.999999918029216));
#8293=DIRECTION('',(0.,-0.000404896975925206,0.999999918029216));
#8294=DIRECTION('',(0.,-0.999999918029216,-0.000404896975925339));
#8295=DIRECTION('center_axis',(0.,-0.000404896975924688,0.999999918029216));
#8296=DIRECTION('ref_axis',(-1.,0.,0.));
#8297=DIRECTION('',(1.,0.,0.));
#8298=DIRECTION('',(1.,0.,0.));
#8299=DIRECTION('',(0.,-0.999999918029216,-0.000404896975925339));
#8300=DIRECTION('center_axis',(0.,-0.999999918029216,-0.000404896975924688));
#8301=DIRECTION('ref_axis',(0.,-0.000404896975924688,0.999999918029216));
#8302=DIRECTION('center_axis',(0.,-0.999999918029216,-0.000404896975924688));
#8303=DIRECTION('ref_axis',(0.,-0.000404896975924688,0.999999918029216));
#8304=DIRECTION('center_axis',(0.,0.999999918029216,0.000404896975924688));
#8305=DIRECTION('ref_axis',(-1.,0.,0.));
#8306=DIRECTION('',(0.,-0.999999918029216,-0.000404896975931024));
#8307=DIRECTION('center_axis',(-1.,0.,0.));
#8308=DIRECTION('ref_axis',(0.,0.000404896975925923,-0.999999918029216));
#8309=DIRECTION('',(0.,-0.000404896975925052,0.999999918029216));
#8310=DIRECTION('',(0.,-0.000404896975925938,0.999999918029216));
#8311=DIRECTION('',(0.,-0.999999918029216,-0.000404896975919655));
#8312=DIRECTION('center_axis',(0.,-0.999999918029216,-0.000404896975924688));
#8313=DIRECTION('ref_axis',(-1.,0.,0.));
#8314=DIRECTION('center_axis',(0.,-0.999999918029216,-0.000404896975924688));
#8315=DIRECTION('ref_axis',(-1.,0.,0.));
#8316=DIRECTION('center_axis',(0.,0.999999918029216,0.000404896975924688));
#8317=DIRECTION('ref_axis',(0.,0.000404896975924688,-0.999999918029216));
#8318=DIRECTION('',(0.,-0.999999918029216,-0.000404896975919655));
#8319=DIRECTION('center_axis',(0.,-0.999999918029216,-0.000404896975924688));
#8320=DIRECTION('ref_axis',(1.,0.,0.));
#8321=DIRECTION('center_axis',(0.,0.999999918029216,0.000404896975924688));
#8322=DIRECTION('ref_axis',(1.,0.,0.));
#8323=DIRECTION('',(0.,-0.999999918029216,-0.000404896975924688));
#8324=DIRECTION('center_axis',(0.,-0.999999918029216,-0.000404896975924688));
#8325=DIRECTION('ref_axis',(-1.,0.,0.));
#8326=DIRECTION('center_axis',(0.,-0.999999918029216,-0.000404896975924688));
#8327=DIRECTION('ref_axis',(1.,0.,0.));
#8328=DIRECTION('center_axis',(0.,0.999999918029216,0.000404896975924688));
#8329=DIRECTION('ref_axis',(1.,0.,0.));
#8330=DIRECTION('',(0.,-0.999999918029216,-0.000404896975924688));
#8331=DIRECTION('center_axis',(0.,-0.999999918029216,-0.000404896975924688));
#8332=DIRECTION('ref_axis',(-1.,0.,0.));
#8333=DIRECTION('center_axis',(0.,-0.999999918029216,-0.000404896975924688));
#8334=DIRECTION('ref_axis',(1.,0.,0.));
#8335=DIRECTION('center_axis',(0.,0.999999918029216,0.000404896975924688));
#8336=DIRECTION('ref_axis',(1.,0.,0.));
#8337=DIRECTION('',(0.,-0.999999918029216,-0.000404896975924688));
#8338=DIRECTION('center_axis',(0.,-0.999999918029216,-0.000404896975924688));
#8339=DIRECTION('ref_axis',(-1.,0.,0.));
#8340=DIRECTION('center_axis',(0.,-0.999999918029216,-0.000404896975924688));
#8341=DIRECTION('ref_axis',(0.,0.000404896975924688,-0.999999918029216));
#8342=DIRECTION('center_axis',(0.,-0.999999918029216,-0.000404896975924688));
#8343=DIRECTION('ref_axis',(0.,0.000404896975924688,-0.999999918029216));
#8344=DIRECTION('',(0.,-0.999999918029216,-0.00040489697592534));
#8345=DIRECTION('center_axis',(0.,0.999999918029216,0.000404896975924688));
#8346=DIRECTION('ref_axis',(1.,0.,0.));
#8347=DIRECTION('',(0.,-0.999999918029216,-0.00040489697592534));
#8348=DIRECTION('center_axis',(1.,0.,0.));
#8349=DIRECTION('ref_axis',(0.,-0.000404896975925518,0.999999918029216));
#8350=DIRECTION('',(0.,0.000404896975925553,-0.999999918029216));
#8351=DIRECTION('',(0.,0.000404896975925526,-0.999999918029216));
#8352=DIRECTION('',(0.,-0.999999918029216,-0.00040489697592534));
#8353=DIRECTION('center_axis',(0.,-0.999999918029216,-0.000404896975924688));
#8354=DIRECTION('ref_axis',(1.,0.,0.));
#8355=DIRECTION('center_axis',(0.,-0.999999918029216,-0.000404896975924688));
#8356=DIRECTION('ref_axis',(1.,0.,0.));
#8357=DIRECTION('center_axis',(0.,0.999999918029216,0.000404896975924688));
#8358=DIRECTION('ref_axis',(0.,-0.000404896975924688,0.999999918029216));
#8359=DIRECTION('',(0.,-0.999999918029216,-0.00040489697592534));
#8360=DIRECTION('center_axis',(0.,-0.000404896975924688,0.999999918029216));
#8361=DIRECTION('ref_axis',(-1.,0.,0.));
#8362=DIRECTION('',(1.,0.,0.));
#8363=DIRECTION('',(1.,0.,0.));
#8364=DIRECTION('center_axis',(0.,-0.999999918029216,-0.000404896975924688));
#8365=DIRECTION('ref_axis',(-1.,0.,0.));
#8366=DIRECTION('center_axis',(0.,-0.999999918029216,-0.000404896975924688));
#8367=DIRECTION('ref_axis',(-1.,0.,0.));
#8368=DIRECTION('',(0.,-0.999999918029216,-0.000404896975924688));
#8369=DIRECTION('center_axis',(0.,-0.999999918029216,-0.000404896975924688));
#8370=DIRECTION('ref_axis',(1.,0.,0.));
#8371=DIRECTION('center_axis',(0.,-0.999999918029216,-0.000404896975924688));
#8372=DIRECTION('ref_axis',(-1.,0.,0.));
#8373=DIRECTION('center_axis',(0.,-0.999999918029216,-0.000404896975924688));
#8374=DIRECTION('ref_axis',(-1.,0.,0.));
#8375=DIRECTION('',(0.,-0.999999918029216,-0.000404896975924688));
#8376=DIRECTION('center_axis',(0.,-0.999999918029216,-0.000404896975924688));
#8377=DIRECTION('ref_axis',(1.,0.,0.));
#8378=DIRECTION('center_axis',(0.,-0.999999918029216,-0.000404896975924688));
#8379=DIRECTION('ref_axis',(1.,0.,0.));
#8380=DIRECTION('center_axis',(0.,-0.999999918029216,-0.000404896975924688));
#8381=DIRECTION('ref_axis',(1.,0.,0.));
#8382=DIRECTION('',(0.,-0.999999918029216,-0.000404896975924688));
#8383=DIRECTION('center_axis',(0.,-0.999999918029216,-0.000404896975924688));
#8384=DIRECTION('ref_axis',(-1.,0.,0.));
#8385=DIRECTION('center_axis',(0.,0.999999918029216,0.000404896975924688));
#8386=DIRECTION('ref_axis',(-1.,0.,0.));
#8387=DIRECTION('',(1.,0.,0.));
#8388=DIRECTION('',(0.499999999999984,0.000350651067061608,-0.866025332795667));
#8389=DIRECTION('',(-0.499999999999984,0.000350651067070605,-0.866025332795667));
#8390=DIRECTION('',(-1.,0.,0.));
#8391=DIRECTION('',(-0.499999999999985,-0.00035065106707033,0.866025332795666));
#8392=DIRECTION('',(0.499999999999985,-0.000350651067061814,0.866025332795666));
#8393=DIRECTION('center_axis',(0.,0.000404896975924688,-0.999999918029216));
#8394=DIRECTION('ref_axis',(-1.,0.,0.));
#8395=DIRECTION('',(0.,-0.999999918029216,-0.0004048969759225));
#8396=DIRECTION('',(1.,0.,0.));
#8397=DIRECTION('',(0.,-0.999999918029216,-0.0004048969759225));
#8398=DIRECTION('center_axis',(0.866025403784448,0.000202448487962178,-0.499999959014591));
#8399=DIRECTION('ref_axis',(-0.499999999999983,0.00035065106706991,-0.866025332795667));
#8400=DIRECTION('',(0.,-0.999999918029216,-0.000404896975922497));
#8401=DIRECTION('',(0.499999999999985,-0.000350651067070811,0.866025332795666));
#8402=DIRECTION('center_axis',(0.866025403784446,-0.000202448487962498,
0.499999959014595));
#8403=DIRECTION('ref_axis',(0.499999999999987,0.000350651067062514,-0.866025332795665));
#8404=DIRECTION('',(0.,-0.999999918029216,-0.0004048969759225));
#8405=DIRECTION('',(-0.499999999999985,-0.000350651067061471,0.866025332795666));
#8406=DIRECTION('center_axis',(0.,-0.000404896975924688,0.999999918029216));
#8407=DIRECTION('ref_axis',(1.,0.,0.));
#8408=DIRECTION('',(0.,-0.999999918029216,-0.0004048969759225));
#8409=DIRECTION('',(-1.,0.,0.));
#8410=DIRECTION('center_axis',(-0.866025403784446,-0.00020244848796218,
0.499999959014595));
#8411=DIRECTION('ref_axis',(0.499999999999987,-0.000350651067062726,0.866025332795665));
#8412=DIRECTION('',(0.,-0.999999918029216,-0.000404896975922498));
#8413=DIRECTION('',(-0.499999999999985,0.000350651067066141,-0.866025332795666));
#8414=DIRECTION('center_axis',(-0.866025403784448,0.000202448487962496,
-0.499999959014592));
#8415=DIRECTION('ref_axis',(-0.499999999999984,-0.000350651067065997,0.866025332795667));
#8416=DIRECTION('',(0.499999999999984,0.000350651067065866,-0.866025332795667));
#8417=DIRECTION('center_axis',(0.,0.999999918029216,0.000404896975924688));
#8418=DIRECTION('ref_axis',(-1.,0.,0.));
#8419=DIRECTION('',(1.,0.,0.));
#8420=DIRECTION('',(0.499999999999985,0.000350651067066003,-0.866025332795666));
#8421=DIRECTION('',(-0.499999999999985,0.000350651067066209,-0.866025332795666));
#8422=DIRECTION('',(-1.,0.,0.));
#8423=DIRECTION('',(-0.499999999999985,-0.000350651067065935,0.866025332795666));
#8424=DIRECTION('',(0.499999999999985,-0.000350651067066209,0.866025332795666));
#8425=DIRECTION('center_axis',(0.,0.000404896975924688,-0.999999918029216));
#8426=DIRECTION('ref_axis',(-1.,0.,0.));
#8427=DIRECTION('',(0.,-0.999999918029216,-0.000404896975936709));
#8428=DIRECTION('',(1.,0.,0.));
#8429=DIRECTION('',(0.,-0.999999918029216,-0.000404896975936709));
#8430=DIRECTION('center_axis',(0.866025403784448,0.000202448487962178,-0.499999959014591));
#8431=DIRECTION('ref_axis',(-0.499999999999983,0.000350651067066209,-0.866025332795667));
#8432=DIRECTION('',(0.,-0.999999918029216,-0.000404896975936709));
#8433=DIRECTION('',(0.499999999999985,-0.000350651067066141,0.866025332795666));
#8434=DIRECTION('center_axis',(0.866025403784446,-0.000202448487962498,
0.499999959014595));
#8435=DIRECTION('ref_axis',(0.499999999999987,0.000350651067062514,-0.866025332795665));
#8436=DIRECTION('',(0.,-0.999999918029216,-0.00040489697593671));
#8437=DIRECTION('',(-0.499999999999992,-0.000350651067061469,0.866025332795662));
#8438=DIRECTION('center_axis',(0.,-0.000404896975924688,0.999999918029216));
#8439=DIRECTION('ref_axis',(1.,0.,0.));
#8440=DIRECTION('',(0.,-0.999999918029216,-0.00040489697593671));
#8441=DIRECTION('',(-1.,0.,0.));
#8442=DIRECTION('center_axis',(-0.866025403784446,-0.00020244848796218,
0.499999959014595));
#8443=DIRECTION('ref_axis',(0.499999999999987,-0.000350651067062725,0.866025332795665));
#8444=DIRECTION('',(0.,-0.999999918029216,-0.000404896975936709));
#8445=DIRECTION('',(-0.499999999999978,0.000350651067061747,-0.86602533279567));
#8446=DIRECTION('center_axis',(-0.866025403784448,0.000202448487962496,
-0.499999959014592));
#8447=DIRECTION('ref_axis',(-0.499999999999984,-0.000350651067065997,0.866025332795667));
#8448=DIRECTION('',(0.499999999999984,0.000350651067065859,-0.866025332795667));
#8449=DIRECTION('center_axis',(0.,0.999999918029216,0.000404896975924688));
#8450=DIRECTION('ref_axis',(-1.,0.,0.));
#8451=DIRECTION('',(1.,0.,0.));
#8452=DIRECTION('',(0.499999999999985,0.000350651067070399,-0.866025332795666));
#8453=DIRECTION('',(-0.499999999999985,0.000350651067061814,-0.866025332795666));
#8454=DIRECTION('',(-1.,0.,0.));
#8455=DIRECTION('',(-0.499999999999985,-0.000350651067061539,0.866025332795666));
#8456=DIRECTION('',(0.499999999999985,-0.000350651067070605,0.866025332795666));
#8457=DIRECTION('center_axis',(0.,0.000404896975924688,-0.999999918029216));
#8458=DIRECTION('ref_axis',(-1.,0.,0.));
#8459=DIRECTION('',(0.,-0.999999918029216,-0.000404896975922498));
#8460=DIRECTION('',(1.,0.,0.));
#8461=DIRECTION('',(0.,-0.999999918029216,-0.000404896975922498));
#8462=DIRECTION('center_axis',(0.866025403784448,0.000202448487962178,-0.499999959014591));
#8463=DIRECTION('ref_axis',(-0.499999999999983,0.000350651067066216,-0.866025332795667));
#8464=DIRECTION('',(0.,-0.999999918029216,-0.0004048969759225));
#8465=DIRECTION('',(0.499999999999985,-0.000350651067066141,0.866025332795666));
#8466=DIRECTION('center_axis',(0.866025403784446,-0.000202448487962498,
0.499999959014595));
#8467=DIRECTION('ref_axis',(0.499999999999987,0.000350651067065997,-0.866025332795665));
#8468=DIRECTION('',(0.,-0.999999918029216,-0.000404896975922498));
#8469=DIRECTION('',(-0.499999999999999,-0.00035065106706587,0.866025332795658));
#8470=DIRECTION('center_axis',(0.,-0.000404896975924688,0.999999918029216));
#8471=DIRECTION('ref_axis',(1.,0.,0.));
#8472=DIRECTION('',(0.,-0.999999918029216,-0.000404896975936709));
#8473=DIRECTION('',(-1.,0.,0.));
#8474=DIRECTION('center_axis',(-0.866025403784446,-0.00020244848796218,
0.499999959014595));
#8475=DIRECTION('ref_axis',(0.499999999999987,-0.000350651067066215,0.866025332795665));
#8476=DIRECTION('',(0.,-0.999999918029216,-0.0004048969759225));
#8477=DIRECTION('',(-0.499999999999985,0.000350651067066141,-0.866025332795666));
#8478=DIRECTION('center_axis',(-0.866025403784448,0.000202448487962496,
-0.499999959014592));
#8479=DIRECTION('ref_axis',(-0.499999999999984,-0.000350651067066209,0.866025332795667));
#8480=DIRECTION('',(0.499999999999978,0.000350651067066142,-0.86602533279567));
#8481=DIRECTION('center_axis',(0.,0.00040489697592501,-0.999999918029216));
#8482=DIRECTION('ref_axis',(-1.,0.,0.));
#8483=DIRECTION('',(1.,0.,0.));
#8484=DIRECTION('',(-1.,0.,0.));
#8485=DIRECTION('center_axis',(0.,-0.999999918029216,-0.000404896975924688));
#8486=DIRECTION('ref_axis',(-1.,0.,0.));
#8487=DIRECTION('',(1.,0.,0.));
#8488=DIRECTION('',(-1.,0.,0.));
#8489=DIRECTION('center_axis',(0.,-0.999999918029216,-0.000404896975924688));
#8490=DIRECTION('ref_axis',(0.,-0.000404896975924688,0.999999918029216));
#8491=DIRECTION('',(0.,0.000404896975925495,-0.999999918029216));
#8492=DIRECTION('center_axis',(0.,-0.999999918029216,-0.000404896975924688));
#8493=DIRECTION('ref_axis',(-1.,0.,0.));
#8494=DIRECTION('center_axis',(0.,-0.999999918029216,-0.000404896975924688));
#8495=DIRECTION('ref_axis',(-1.,0.,0.));
#8496=DIRECTION('center_axis',(0.,-0.999999918029216,-0.000404896975924688));
#8497=DIRECTION('ref_axis',(-1.,0.,0.));
#8498=DIRECTION('center_axis',(0.,-0.999999918029216,-0.000404896975924688));
#8499=DIRECTION('ref_axis',(-1.,0.,0.));
#8500=DIRECTION('center_axis',(0.,0.000404896975924688,-0.999999918029216));
#8501=DIRECTION('ref_axis',(-1.,0.,0.));
#8502=DIRECTION('',(0.,-0.999999918029216,-0.00040489697592534));
#8503=DIRECTION('',(1.,0.,0.));
#8504=DIRECTION('center_axis',(0.,-0.999999918029216,-0.000404896975924688));
#8505=DIRECTION('ref_axis',(-1.,0.,0.));
#8506=DIRECTION('',(0.,-0.999999918029216,-0.00040489697592534));
#8507=DIRECTION('center_axis',(0.,0.999999918029216,0.000404896975924688));
#8508=DIRECTION('ref_axis',(0.,0.000404896975924688,-0.999999918029216));
#8509=DIRECTION('center_axis',(-1.,0.,0.));
#8510=DIRECTION('ref_axis',(0.,-0.000404896975925488,0.999999918029216));
#8511=DIRECTION('',(0.,-0.999999918029216,-0.00040489697592534));
#8512=DIRECTION('',(0.,0.000404896975925551,-0.999999918029216));
#8513=DIRECTION('center_axis',(0.,-0.999999918029216,-0.000404896975924688));
#8514=DIRECTION('ref_axis',(0.,-0.000404896975924688,0.999999918029216));
#8515=DIRECTION('',(0.,-0.999999918029216,-0.00040489697592534));
#8516=DIRECTION('center_axis',(0.,0.999999918029216,0.000404896975924688));
#8517=DIRECTION('ref_axis',(-1.,0.,0.));
#8518=DIRECTION('center_axis',(0.,-0.000404896975924688,0.999999918029216));
#8519=DIRECTION('ref_axis',(1.,0.,0.));
#8520=DIRECTION('',(-1.,0.,0.));
#8521=DIRECTION('center_axis',(0.,-0.999999918029216,-0.000404896975924688));
#8522=DIRECTION('ref_axis',(1.,0.,0.));
#8523=DIRECTION('center_axis',(0.,-0.999999918029216,-0.000404896975924688));
#8524=DIRECTION('ref_axis',(1.,0.,0.));
#8525=DIRECTION('',(0.,-0.999999918029216,-0.000404896975924688));
#8526=DIRECTION('center_axis',(0.,-0.999999918029216,-0.000404896975924688));
#8527=DIRECTION('ref_axis',(1.,0.,0.));
#8528=DIRECTION('center_axis',(0.,-0.999999918029216,-0.000404896975924688));
#8529=DIRECTION('ref_axis',(1.,0.,0.));
#8530=DIRECTION('',(0.,-0.999999918029216,-0.000404896975924688));
#8531=DIRECTION('center_axis',(0.,-0.999999918029216,-0.000404896975924688));
#8532=DIRECTION('ref_axis',(1.,0.,0.));
#8533=DIRECTION('center_axis',(0.,-0.999999918029216,-0.000404896975924688));
#8534=DIRECTION('ref_axis',(1.,0.,0.));
#8535=DIRECTION('',(0.,-0.999999918029216,-0.000404896975924688));
#8536=DIRECTION('center_axis',(0.,0.999999918029216,0.000404896975924688));
#8537=DIRECTION('ref_axis',(-1.,0.,0.));
#8538=DIRECTION('',(1.,0.,0.));
#8539=DIRECTION('',(0.499999999999985,0.000350651067061608,-0.866025332795666));
#8540=DIRECTION('',(-0.499999999999985,0.000350651067066141,-0.866025332795666));
#8541=DIRECTION('',(-1.,0.,0.));
#8542=DIRECTION('',(-0.499999999999985,-0.000350651067070399,0.866025332795666));
#8543=DIRECTION('',(0.499999999999985,-0.000350651067061814,0.866025332795666));
#8544=DIRECTION('center_axis',(0.,0.000404896975924688,-0.999999918029216));
#8545=DIRECTION('ref_axis',(-1.,0.,0.));
#8546=DIRECTION('',(0.,-0.999999918029216,-0.0004048969759225));
#8547=DIRECTION('',(1.,0.,0.));
#8548=DIRECTION('',(0.,-0.999999918029216,-0.0004048969759225));
#8549=DIRECTION('center_axis',(0.866025403784448,0.000202448487962178,-0.499999959014591));
#8550=DIRECTION('ref_axis',(-0.499999999999983,0.000350651067066209,-0.866025332795667));
#8551=DIRECTION('',(0.,-0.999999918029216,-0.000404896975922498));
#8552=DIRECTION('',(0.499999999999985,-0.000350651067061745,0.866025332795666));
#8553=DIRECTION('center_axis',(0.866025403784446,-0.000202448487962498,
0.499999959014595));
#8554=DIRECTION('ref_axis',(0.499999999999987,0.000350651067065997,-0.866025332795665));
#8555=DIRECTION('',(0.,-0.999999918029216,-0.0004048969759225));
#8556=DIRECTION('',(-0.499999999999985,-0.000350651067065866,0.866025332795666));
#8557=DIRECTION('center_axis',(0.,-0.000404896975924688,0.999999918029216));
#8558=DIRECTION('ref_axis',(1.,0.,0.));
#8559=DIRECTION('',(0.,-0.999999918029216,-0.000404896975922498));
#8560=DIRECTION('',(-1.,0.,0.));
#8561=DIRECTION('center_axis',(-0.866025403784446,-0.00020244848796218,
0.499999959014595));
#8562=DIRECTION('ref_axis',(0.499999999999987,-0.000350651067062943,0.866025332795665));
#8563=DIRECTION('',(0.,-0.999999918029216,-0.000404896975922498));
#8564=DIRECTION('',(-0.499999999999992,0.000350651067066414,-0.866025332795662));
#8565=DIRECTION('center_axis',(-0.866025403784448,0.000202448487962496,
-0.499999959014592));
#8566=DIRECTION('ref_axis',(-0.499999999999984,-0.000350651067065992,0.866025332795667));
#8567=DIRECTION('',(0.499999999999977,0.000350651067061465,-0.866025332795671));
#8568=DIRECTION('center_axis',(0.,0.999999918029216,0.000404896975924688));
#8569=DIRECTION('ref_axis',(-1.,0.,0.));
#8570=DIRECTION('',(1.,0.,0.));
#8571=DIRECTION('',(0.499999999999977,0.000350651067065998,-0.866025332795671));
#8572=DIRECTION('',(-0.499999999999993,0.000350651067066146,-0.866025332795662));
#8573=DIRECTION('',(-1.,0.,0.));
#8574=DIRECTION('',(-0.499999999999993,-0.000350651067066009,0.866025332795662));
#8575=DIRECTION('',(0.499999999999985,-0.000350651067066141,0.866025332795666));
#8576=DIRECTION('center_axis',(0.,0.000404896975924688,-0.999999918029216));
#8577=DIRECTION('ref_axis',(-1.,0.,0.));
#8578=DIRECTION('',(0.,-0.999999918029216,-0.000404896975922498));
#8579=DIRECTION('',(1.,0.,0.));
#8580=DIRECTION('',(0.,-0.999999918029216,-0.000404896975908287));
#8581=DIRECTION('center_axis',(0.866025403784448,0.000202448487962178,-0.499999959014591));
#8582=DIRECTION('ref_axis',(-0.499999999999983,0.000350651067062732,-0.866025332795667));
#8583=DIRECTION('',(0.,-0.999999918029216,-0.0004048969759225));
#8584=DIRECTION('',(0.499999999999985,-0.000350651067061745,0.866025332795666));
#8585=DIRECTION('center_axis',(0.866025403784446,-0.000202448487962498,
0.499999959014595));
#8586=DIRECTION('ref_axis',(0.499999999999987,0.000350651067069698,-0.866025332795665));
#8587=DIRECTION('',(0.,-0.999999918029216,-0.000404896975922498));
#8588=DIRECTION('',(-0.499999999999992,-0.000350651067070535,0.866025332795662));
#8589=DIRECTION('center_axis',(0.,-0.000404896975924688,0.999999918029216));
#8590=DIRECTION('ref_axis',(1.,0.,0.));
#8591=DIRECTION('',(0.,-0.999999918029216,-0.000404896975922498));
#8592=DIRECTION('',(-1.,0.,0.));
#8593=DIRECTION('center_axis',(-0.866025403784446,-0.00020244848796218,
0.499999959014595));
#8594=DIRECTION('ref_axis',(0.499999999999987,-0.000350651067069698,0.866025332795665));
#8595=DIRECTION('',(0.,-0.999999918029216,-0.0004048969759225));
#8596=DIRECTION('',(-0.499999999999985,0.000350651067070536,-0.866025332795666));
#8597=DIRECTION('center_axis',(-0.866025403784448,0.000202448487962496,
-0.499999959014592));
#8598=DIRECTION('ref_axis',(-0.499999999999984,-0.000350651067062514,0.866025332795667));
#8599=DIRECTION('',(0.499999999999985,0.000350651067061745,-0.866025332795666));
#8600=DIRECTION('center_axis',(0.,0.999999918029216,0.000404896975924688));
#8601=DIRECTION('ref_axis',(-1.,0.,0.));
#8602=DIRECTION('',(1.,0.,0.));
#8603=DIRECTION('',(0.499999999999985,0.000350651067061608,-0.866025332795666));
#8604=DIRECTION('',(-0.499999999999985,0.000350651067070536,-0.866025332795666));
#8605=DIRECTION('',(-1.,0.,0.));
#8606=DIRECTION('',(-0.499999999999985,-0.000350651067066003,0.866025332795666));
#8607=DIRECTION('',(0.499999999999985,-0.000350651067066141,0.866025332795666));
#8608=DIRECTION('center_axis',(0.,0.000404896975924688,-0.999999918029216));
#8609=DIRECTION('ref_axis',(-1.,0.,0.));
#8610=DIRECTION('',(0.,-0.999999918029216,-0.0004048969759225));
#8611=DIRECTION('',(1.,0.,0.));
#8612=DIRECTION('',(0.,-0.999999918029216,-0.0004048969759225));
#8613=DIRECTION('center_axis',(0.866025403784448,0.000202448487962178,-0.499999959014591));
#8614=DIRECTION('ref_axis',(-0.499999999999983,0.000350651067069698,-0.866025332795667));
#8615=DIRECTION('',(0.,-0.999999918029216,-0.000404896975922498));
#8616=DIRECTION('',(0.499999999999986,-0.000350651067070536,0.866025332795666));
#8617=DIRECTION('center_axis',(0.866025403784446,-0.000202448487962498,
0.499999959014595));
#8618=DIRECTION('ref_axis',(0.499999999999987,0.000350651067062513,-0.866025332795665));
#8619=DIRECTION('',(0.,-0.999999918029216,-0.0004048969759225));
#8620=DIRECTION('',(-0.499999999999992,-0.000350651067061469,0.866025332795662));
#8621=DIRECTION('center_axis',(0.,-0.000404896975924688,0.999999918029216));
#8622=DIRECTION('ref_axis',(1.,0.,0.));
#8623=DIRECTION('',(0.,-0.999999918029216,-0.0004048969759225));
#8624=DIRECTION('',(-1.,0.,0.));
#8625=DIRECTION('center_axis',(-0.866025403784446,-0.00020244848796218,
0.499999959014595));
#8626=DIRECTION('ref_axis',(0.499999999999987,-0.000350651067062943,0.866025332795665));
#8627=DIRECTION('',(0.,-0.999999918029216,-0.000404896975922497));
#8628=DIRECTION('',(-0.499999999999992,0.000350651067062019,-0.866025332795662));
#8629=DIRECTION('center_axis',(-0.866025403784448,0.000202448487962496,
-0.499999959014592));
#8630=DIRECTION('ref_axis',(-0.499999999999984,-0.00035065106706948,0.866025332795667));
#8631=DIRECTION('',(0.499999999999984,0.000350651067070261,-0.866025332795667));
#8632=DIRECTION('center_axis',(0.,-0.999999918029216,-0.000404896975924688));
#8633=DIRECTION('ref_axis',(-1.,0.,0.));
#8634=DIRECTION('',(-1.,0.,0.));
#8635=DIRECTION('',(1.,0.,0.));
#8636=DIRECTION('center_axis',(0.,-0.999999918029216,-0.000404896975924688));
#8637=DIRECTION('ref_axis',(0.,0.000404896975924688,-0.999999918029216));
#8638=DIRECTION('',(0.,-0.000404896975925053,0.999999918029216));
#8639=DIRECTION('center_axis',(0.,-0.999999918029216,-0.000404896975924688));
#8640=DIRECTION('ref_axis',(1.,0.,0.));
#8641=DIRECTION('',(-1.,0.,0.));
#8642=DIRECTION('',(0.,0.000404896975924852,-0.999999918029216));
#8643=DIRECTION('center_axis',(0.,-0.999999918029216,-0.000404896975924688));
#8644=DIRECTION('ref_axis',(0.,0.000404896975924688,-0.999999918029216));
#8645=DIRECTION('center_axis',(0.,-0.999999918029216,-0.000404896975924688));
#8646=DIRECTION('ref_axis',(-1.,0.,0.));
#8647=DIRECTION('center_axis',(0.,-0.999999918029216,-0.000404896975924688));
#8648=DIRECTION('ref_axis',(1.,0.,0.));
#8649=DIRECTION('center_axis',(0.,-0.999999918029216,-0.000404896975924688));
#8650=DIRECTION('ref_axis',(1.,0.,0.));
#8651=DIRECTION('center_axis',(0.,0.999999918029216,0.000404896975924688));
#8652=DIRECTION('ref_axis',(1.,0.,0.));
#8653=DIRECTION('',(0.,0.000404896975925207,-0.999999918029216));
#8654=DIRECTION('',(-1.,0.,0.));
#8655=DIRECTION('center_axis',(0.,0.999999918029216,0.000404896975924688));
#8656=DIRECTION('ref_axis',(0.,-0.000404896975924688,0.999999918029216));
#8657=DIRECTION('',(0.,-0.000404896975925498,0.999999918029216));
#8658=DIRECTION('center_axis',(0.,0.999999918029216,0.000404896975924688));
#8659=DIRECTION('ref_axis',(1.,0.,0.));
#8660=DIRECTION('',(1.,0.,0.));
#8661=DIRECTION('center_axis',(0.,0.999999918029216,0.000404896975924688));
#8662=DIRECTION('ref_axis',(1.,0.,0.));
#8663=DIRECTION('center_axis',(0.,0.999999918029216,0.000404896975924688));
#8664=DIRECTION('ref_axis',(-1.,0.,0.));
#8665=DIRECTION('center_axis',(0.,0.999999918029216,0.000404896975924688));
#8666=DIRECTION('ref_axis',(-1.,0.,0.));
#8667=DIRECTION('center_axis',(0.,-0.000404896975924688,0.999999918029216));
#8668=DIRECTION('ref_axis',(1.,0.,0.));
#8669=DIRECTION('',(0.,-0.999999918029216,-0.000404896975931024));
#8670=DIRECTION('center_axis',(0.,-0.999999918029216,-0.000404896975924688));
#8671=DIRECTION('ref_axis',(0.,0.000404896975924688,-0.999999918029216));
#8672=DIRECTION('',(0.,-0.999999918029216,-0.000404896975925339));
#8673=DIRECTION('center_axis',(-1.,0.,0.));
#8674=DIRECTION('ref_axis',(0.,-0.000404896975926817,0.999999918029216));
#8675=DIRECTION('',(0.,-0.999999918029216,-0.000404896975925339));
#8676=DIRECTION('center_axis',(0.,-0.000404896975924688,0.999999918029216));
#8677=DIRECTION('ref_axis',(1.,0.,0.));
#8678=DIRECTION('',(0.,-0.999999918029216,-0.00040489697592534));
#8679=DIRECTION('center_axis',(0.,-0.999999918029216,-0.000404896975924688));
#8680=DIRECTION('ref_axis',(1.,0.,0.));
#8681=DIRECTION('',(0.,-0.999999918029216,-0.000404896975925339));
#8682=DIRECTION('center_axis',(1.,0.,0.));
#8683=DIRECTION('ref_axis',(0.,0.000404896975925055,-0.999999918029216));
#8684=DIRECTION('',(0.,-0.999999918029216,-0.000404896975931023));
#8685=DIRECTION('center_axis',(0.,-0.999999918029216,-0.000404896975924688));
#8686=DIRECTION('ref_axis',(0.,0.000404896975924688,-0.999999918029216));
#8687=DIRECTION('',(0.,-0.999999918029216,-0.000404896975931024));
#8688=DIRECTION('center_axis',(0.,0.000404896975924688,-0.999999918029216));
#8689=DIRECTION('ref_axis',(-1.,0.,0.));
#8690=DIRECTION('center_axis',(0.,-0.999999918029216,-0.000404896975924688));
#8691=DIRECTION('ref_axis',(-1.,0.,0.));
#8692=DIRECTION('',(0.,-0.999999918029216,-0.000404896975924688));
#8693=DIRECTION('center_axis',(0.,-0.999999918029216,-0.000404896975924688));
#8694=DIRECTION('ref_axis',(-1.,0.,0.));
#8695=DIRECTION('',(0.,-0.999999918029216,-0.000404896975924688));
#8696=DIRECTION('center_axis',(0.,-0.999999918029216,-0.000404896975924688));
#8697=DIRECTION('ref_axis',(1.,0.,0.));
#8698=DIRECTION('',(0.,-0.999999918029216,-0.000404896975924688));
#8699=DIRECTION('center_axis',(0.,0.999999918029216,0.00040489697592501));
#8700=DIRECTION('ref_axis',(0.,-0.00040489697592501,0.999999918029216));
#8701=DIRECTION('axis',(0.,0.,1.));
#8702=DIRECTION('refdir',(1.,0.,0.));
#8703=DIRECTION('axis',(0.,0.,1.));
#8704=DIRECTION('refdir',(1.,0.,0.));
#8705=DIRECTION('center_axis',(-1.,0.,0.));
#8706=DIRECTION('ref_axis',(0.,-0.000404896975925335,0.999999918029216));
#8707=DIRECTION('',(0.,-0.999999918029216,-0.000404896975924709));
#8708=DIRECTION('',(0.,-0.000404896975925488,0.999999918029216));
#8709=DIRECTION('',(0.,-0.999999918029216,-0.000404896975924708));
#8710=DIRECTION('',(0.,-0.000404896975925149,0.999999918029216));
#8711=DIRECTION('center_axis',(1.,0.,0.));
#8712=DIRECTION('ref_axis',(0.,-0.000404896975925485,0.999999918029216));
#8713=DIRECTION('',(0.,-0.999999918029216,-0.00040489697592534));
#8714=DIRECTION('',(0.,-0.000404896975925408,0.999999918029216));
#8715=DIRECTION('',(0.,-0.999999918029216,-0.00040489697592534));
#8716=DIRECTION('',(0.,-0.00040489697592523,0.999999918029216));
#8717=DIRECTION('center_axis',(0.,-0.000404896975925266,0.999999918029216));
#8718=DIRECTION('ref_axis',(1.,0.,0.));
#8719=DIRECTION('',(0.,-0.999999918029216,-0.000404896975927235));
#8720=DIRECTION('',(1.,0.,0.));
#8721=DIRECTION('',(1.,0.,0.));
#8722=DIRECTION('center_axis',(0.,0.000404896975925266,-0.999999918029216));
#8723=DIRECTION('ref_axis',(1.,0.,0.));
#8724=DIRECTION('',(1.,0.,0.));
#8725=DIRECTION('',(0.,-0.999999918029216,-0.000404896975928182));
#8726=DIRECTION('',(1.,0.,0.));
#8727=DIRECTION('center_axis',(1.,0.,0.));
#8728=DIRECTION('ref_axis',(0.,0.000404896975925335,-0.999999918029216));
#8729=DIRECTION('',(0.,-0.999999918029216,-0.00040489697592597));
#8730=DIRECTION('',(0.,0.000404896975925106,-0.999999918029216));
#8731=DIRECTION('',(0.,0.000404896975925021,-0.999999918029216));
#8732=DIRECTION('center_axis',(-1.,0.,0.));
#8733=DIRECTION('ref_axis',(0.,0.000404896975925401,-0.999999918029216));
#8734=DIRECTION('',(0.,0.000404896975925277,-0.999999918029216));
#8735=DIRECTION('',(0.,-0.999999918029216,-0.00040489697592534));
#8736=DIRECTION('',(0.,0.000404896975925143,-0.999999918029216));
#8737=DIRECTION('center_axis',(0.,0.000404896975925266,-0.999999918029216));
#8738=DIRECTION('ref_axis',(-1.,0.,0.));
#8739=DIRECTION('',(-1.,0.,0.));
#8740=DIRECTION('',(-1.,0.,0.));
#8741=DIRECTION('',(1.,0.,0.));
#8742=DIRECTION('',(-1.,0.,0.));
#8743=DIRECTION('center_axis',(0.,-0.000404896975925266,0.999999918029216));
#8744=DIRECTION('ref_axis',(-1.,0.,0.));
#8745=DIRECTION('',(-1.,0.,0.));
#8746=DIRECTION('',(-1.,0.,0.));
#8747=DIRECTION('center_axis',(0.,0.999999918029216,0.000404896975925182));
#8748=DIRECTION('ref_axis',(0.,0.000404896975925182,-0.999999918029216));
#8749=DIRECTION('center_axis',(0.,-0.999999918029216,-0.000404896975925182));
#8750=DIRECTION('ref_axis',(0.,0.000404896975925182,-0.999999918029216));
#8751=DIRECTION('center_axis',(0.,-0.999999918029216,-0.000404896975925182));
#8752=DIRECTION('ref_axis',(0.,-0.000404896975925182,0.999999918029216));
#8753=DIRECTION('',(-0.707106781186538,-0.000286305397348681,0.70710672322446));
#8754=DIRECTION('',(-0.70710678118654,0.000286305397360745,-0.707106723224458));
#8755=DIRECTION('center_axis',(0.,-0.999999918029216,-0.000404896975925182));
#8756=DIRECTION('ref_axis',(1.,0.,0.));
#8757=DIRECTION('',(0.70710678118653,-0.000286305397360743,0.707106723224468));
#8758=DIRECTION('center_axis',(0.,-0.999999918029216,-0.000404896975925182));
#8759=DIRECTION('ref_axis',(0.,0.000404896975925182,-0.999999918029216));
#8760=DIRECTION('',(0.70710678118654,0.000286305397358736,-0.707106723224458));
#8761=DIRECTION('center_axis',(0.,-0.999999918029216,-0.000404896975925182));
#8762=DIRECTION('ref_axis',(-1.,0.,0.));
#8763=DIRECTION('center_axis',(0.,0.,1.));
#8764=DIRECTION('ref_axis',(-1.,0.,0.));
#8765=DIRECTION('',(-0.707106781186554,-0.707106781186541,0.));
#8766=DIRECTION('',(-1.,0.,0.));
#8767=DIRECTION('',(0.707106781186539,-0.707106781186556,0.));
#8768=DIRECTION('',(-1.,0.,0.));
#8769=DIRECTION('center_axis',(0.,0.,1.));
#8770=DIRECTION('ref_axis',(0.,-1.,0.));
#8771=DIRECTION('',(0.,-1.,0.));
#8772=DIRECTION('',(0.707106781186549,0.707106781186546,0.));
#8773=DIRECTION('',(0.,-1.,0.));
#8774=DIRECTION('center_axis',(0.,0.,1.));
#8775=DIRECTION('ref_axis',(1.,0.,0.));
#8776=DIRECTION('',(1.,0.,0.));
#8777=DIRECTION('',(-0.70710678118655,0.707106781186545,0.));
#8778=DIRECTION('',(1.,0.,0.));
#8779=DIRECTION('center_axis',(0.,0.,1.));
#8780=DIRECTION('ref_axis',(0.,1.,0.));
#8781=DIRECTION('',(0.,1.,0.));
#8782=DIRECTION('',(0.,1.,0.));
#8783=DIRECTION('center_axis',(0.,0.,1.));
#8784=DIRECTION('ref_axis',(0.,-1.,0.));
#8785=DIRECTION('',(0.,-1.,0.));
#8786=DIRECTION('',(1.,0.,0.));
#8787=DIRECTION('',(0.,1.,0.));
#8788=DIRECTION('',(-1.,0.,0.));
#8789=DIRECTION('center_axis',(0.,0.,-1.));
#8790=DIRECTION('ref_axis',(0.,-1.,0.));
#8791=DIRECTION('',(0.,1.,0.));
#8792=DIRECTION('',(1.,0.,0.));
#8793=DIRECTION('',(0.,-1.,0.));
#8794=DIRECTION('',(-1.,0.,0.));
#8795=DIRECTION('center_axis',(0.,1.,0.));
#8796=DIRECTION('ref_axis',(-1.,0.,0.));
#8797=DIRECTION('',(0.,0.,1.));
#8798=DIRECTION('',(0.,0.,1.));
#8799=DIRECTION('center_axis',(0.,-1.,0.));
#8800=DIRECTION('ref_axis',(-1.,0.,0.));
#8801=DIRECTION('',(0.,0.,1.));
#8802=DIRECTION('',(0.,0.,1.));
#8803=DIRECTION('center_axis',(-1.,0.,0.));
#8804=DIRECTION('ref_axis',(0.,-1.,0.));
#8805=DIRECTION('',(0.,0.,1.));
#8806=DIRECTION('center_axis',(1.,0.,0.));
#8807=DIRECTION('ref_axis',(0.,-1.,0.));
#8808=DIRECTION('',(0.,0.,1.));
#8809=DIRECTION('center_axis',(0.,-1.,0.));
#8810=DIRECTION('ref_axis',(1.,0.,0.));
#8811=DIRECTION('',(0.,0.,1.));
#8812=DIRECTION('center_axis',(0.,1.,0.));
#8813=DIRECTION('ref_axis',(1.,0.,0.));
#8814=DIRECTION('',(0.,0.,1.));
#8815=DIRECTION('center_axis',(1.,0.,0.));
#8816=DIRECTION('ref_axis',(0.,1.,0.));
#8817=DIRECTION('center_axis',(-1.,0.,0.));
#8818=DIRECTION('ref_axis',(0.,1.,0.));
#8819=DIRECTION('axis',(0.,0.,1.));
#8820=DIRECTION('refdir',(1.,0.,0.));
#8821=DIRECTION('axis',(0.,0.,1.));
#8822=DIRECTION('refdir',(1.,0.,0.));
#8823=DIRECTION('center_axis',(0.,0.,1.));
#8824=DIRECTION('ref_axis',(1.,0.,0.));
#8825=DIRECTION('',(-1.,0.,0.));
#8826=DIRECTION('',(0.,-1.,0.));
#8827=DIRECTION('',(1.,0.,0.));
#8828=DIRECTION('',(0.,1.,0.));
#8829=DIRECTION('',(1.,0.,0.));
#8830=DIRECTION('center_axis',(0.,0.,1.));
#8831=DIRECTION('ref_axis',(-1.,0.,0.));
#8832=DIRECTION('',(0.,-1.,0.));
#8833=DIRECTION('center_axis',(0.,0.,1.));
#8834=DIRECTION('ref_axis',(0.,1.,0.));
#8835=DIRECTION('',(-1.,0.,0.));
#8836=DIRECTION('',(-1.,0.,0.));
#8837=DIRECTION('center_axis',(0.,0.,1.));
#8838=DIRECTION('ref_axis',(1.,0.,0.));
#8839=DIRECTION('',(0.,1.,0.));
#8840=DIRECTION('center_axis',(0.,0.,1.));
#8841=DIRECTION('ref_axis',(0.,-1.,0.));
#8842=DIRECTION('',(1.,0.,0.));
#8843=DIRECTION('',(0.,1.,0.));
#8844=DIRECTION('',(-1.,0.,0.));
#8845=DIRECTION('center_axis',(0.,0.,1.));
#8846=DIRECTION('ref_axis',(1.,0.,0.));
#8847=DIRECTION('',(0.,1.,0.));
#8848=DIRECTION('center_axis',(0.,0.,1.));
#8849=DIRECTION('ref_axis',(0.,-1.,0.));
#8850=DIRECTION('',(1.,0.,0.));
#8851=DIRECTION('',(1.,0.,0.));
#8852=DIRECTION('center_axis',(0.,0.,1.));
#8853=DIRECTION('ref_axis',(-1.,0.,0.));
#8854=DIRECTION('',(0.,-1.,0.));
#8855=DIRECTION('',(-1.,0.,0.));
#8856=DIRECTION('',(0.,-1.,0.));
#8857=DIRECTION('center_axis',(0.,0.,-1.));
#8858=DIRECTION('ref_axis',(-1.,0.,0.));
#8859=DIRECTION('',(-1.,0.,0.));
#8860=DIRECTION('',(0.,1.,0.));
#8861=DIRECTION('',(1.,0.,0.));
#8862=DIRECTION('',(0.,-1.,0.));
#8863=DIRECTION('',(1.,0.,0.));
#8864=DIRECTION('',(0.,-1.,0.));
#8865=DIRECTION('',(-1.,0.,0.));
#8866=DIRECTION('',(0.,-1.,0.));
#8867=DIRECTION('center_axis',(0.,0.,-1.));
#8868=DIRECTION('ref_axis',(0.,-1.,0.));
#8869=DIRECTION('',(1.,0.,0.));
#8870=DIRECTION('',(1.,0.,0.));
#8871=DIRECTION('center_axis',(0.,0.,-1.));
#8872=DIRECTION('ref_axis',(1.,0.,0.));
#8873=DIRECTION('',(0.,1.,0.));
#8874=DIRECTION('center_axis',(0.,0.,-1.));
#8875=DIRECTION('ref_axis',(0.,1.,0.));
#8876=DIRECTION('',(-1.,0.,0.));
#8877=DIRECTION('',(0.,1.,0.));
#8878=DIRECTION('',(1.,0.,0.));
#8879=DIRECTION('center_axis',(0.,0.,-1.));
#8880=DIRECTION('ref_axis',(1.,0.,0.));
#8881=DIRECTION('',(0.,1.,0.));
#8882=DIRECTION('center_axis',(0.,0.,-1.));
#8883=DIRECTION('ref_axis',(0.,1.,0.));
#8884=DIRECTION('',(-1.,0.,0.));
#8885=DIRECTION('',(-1.,0.,0.));
#8886=DIRECTION('center_axis',(0.,0.,-1.));
#8887=DIRECTION('ref_axis',(-1.,0.,0.));
#8888=DIRECTION('',(0.,-1.,0.));
#8889=DIRECTION('center_axis',(0.,0.,-1.));
#8890=DIRECTION('ref_axis',(0.,-1.,0.));
#8891=DIRECTION('center_axis',(0.,-1.,0.));
#8892=DIRECTION('ref_axis',(-1.,0.,0.));
#8893=DIRECTION('',(0.,0.,1.));
#8894=DIRECTION('',(0.,0.,1.));
#8895=DIRECTION('center_axis',(1.,0.,0.));
#8896=DIRECTION('ref_axis',(0.,-1.,0.));
#8897=DIRECTION('',(0.,0.,1.));
#8898=DIRECTION('center_axis',(0.,1.,0.));
#8899=DIRECTION('ref_axis',(1.,0.,0.));
#8900=DIRECTION('',(0.,0.,1.));
#8901=DIRECTION('center_axis',(-1.,0.,0.));
#8902=DIRECTION('ref_axis',(0.,1.,0.));
#8903=DIRECTION('center_axis',(0.,1.,0.));
#8904=DIRECTION('ref_axis',(1.,0.,0.));
#8905=DIRECTION('',(0.,0.,1.));
#8906=DIRECTION('',(0.,0.,1.));
#8907=DIRECTION('center_axis',(0.,0.,1.));
#8908=DIRECTION('ref_axis',(-1.,0.,0.));
#8909=DIRECTION('',(0.,0.,1.));
#8910=DIRECTION('center_axis',(1.,0.,0.));
#8911=DIRECTION('ref_axis',(0.,-1.,0.));
#8912=DIRECTION('',(0.,0.,1.));
#8913=DIRECTION('center_axis',(0.,0.,1.));
#8914=DIRECTION('ref_axis',(0.,1.,0.));
#8915=DIRECTION('',(0.,0.,1.));
#8916=DIRECTION('center_axis',(0.,-1.,0.));
#8917=DIRECTION('ref_axis',(-1.,0.,0.));
#8918=DIRECTION('',(0.,0.,1.));
#8919=DIRECTION('center_axis',(0.,-1.,0.));
#8920=DIRECTION('ref_axis',(-1.,0.,0.));
#8921=DIRECTION('',(0.,0.,1.));
#8922=DIRECTION('center_axis',(0.,0.,1.));
#8923=DIRECTION('ref_axis',(1.,0.,0.));
#8924=DIRECTION('',(0.,0.,1.));
#8925=DIRECTION('center_axis',(-1.,0.,0.));
#8926=DIRECTION('ref_axis',(0.,1.,0.));
#8927=DIRECTION('',(0.,0.,1.));
#8928=DIRECTION('center_axis',(0.,0.,1.));
#8929=DIRECTION('ref_axis',(0.,-1.,0.));
#8930=DIRECTION('',(0.,0.,1.));
#8931=DIRECTION('center_axis',(0.,1.,0.));
#8932=DIRECTION('ref_axis',(1.,0.,0.));
#8933=DIRECTION('',(0.,0.,1.));
#8934=DIRECTION('center_axis',(-1.,0.,0.));
#8935=DIRECTION('ref_axis',(0.,1.,0.));
#8936=DIRECTION('',(0.,0.,1.));
#8937=DIRECTION('center_axis',(0.,-1.,0.));
#8938=DIRECTION('ref_axis',(-1.,0.,0.));
#8939=DIRECTION('',(0.,0.,1.));
#8940=DIRECTION('center_axis',(0.,0.,1.));
#8941=DIRECTION('ref_axis',(1.,0.,0.));
#8942=DIRECTION('',(0.,0.,1.));
#8943=DIRECTION('center_axis',(-1.,0.,0.));
#8944=DIRECTION('ref_axis',(0.,1.,0.));
#8945=DIRECTION('',(0.,0.,1.));
#8946=DIRECTION('center_axis',(0.,0.,1.));
#8947=DIRECTION('ref_axis',(0.,-1.,0.));
#8948=DIRECTION('',(0.,0.,1.));
#8949=DIRECTION('center_axis',(0.,1.,0.));
#8950=DIRECTION('ref_axis',(1.,0.,0.));
#8951=DIRECTION('',(0.,0.,1.));
#8952=DIRECTION('center_axis',(0.,1.,0.));
#8953=DIRECTION('ref_axis',(1.,0.,0.));
#8954=DIRECTION('',(0.,0.,1.));
#8955=DIRECTION('center_axis',(0.,0.,1.));
#8956=DIRECTION('ref_axis',(-1.,0.,0.));
#8957=DIRECTION('',(0.,0.,1.));
#8958=DIRECTION('center_axis',(1.,0.,0.));
#8959=DIRECTION('ref_axis',(0.,-1.,0.));
#8960=DIRECTION('',(0.,0.,1.));
#8961=DIRECTION('center_axis',(0.,-1.,0.));
#8962=DIRECTION('ref_axis',(-1.,0.,0.));
#8963=DIRECTION('',(0.,0.,1.));
#8964=DIRECTION('center_axis',(1.,0.,0.));
#8965=DIRECTION('ref_axis',(0.,-1.,0.));
#8966=DIRECTION('',(2.95187514969666E-17,1.62630325872826E-19,1.));
#8967=DIRECTION('',(0.999999999999999,3.20215054373846E-18,4.77035990481833E-17));
#8968=DIRECTION('axis',(0.,0.,1.));
#8969=DIRECTION('refdir',(1.,0.,0.));
#8970=DIRECTION('axis',(0.,0.,1.));
#8971=DIRECTION('refdir',(1.,0.,0.));
#8972=DIRECTION('center_axis',(0.,0.,1.));
#8973=DIRECTION('ref_axis',(1.,0.,0.));
#8974=DIRECTION('',(0.,-1.,0.));
#8975=DIRECTION('',(1.,0.,0.));
#8976=DIRECTION('',(0.,1.,0.));
#8977=DIRECTION('',(-1.,0.,0.));
#8978=DIRECTION('center_axis',(0.,0.,1.));
#8979=DIRECTION('ref_axis',(1.,0.,0.));
#8980=DIRECTION('center_axis',(0.,0.,1.));
#8981=DIRECTION('ref_axis',(1.,0.,0.));
#8982=DIRECTION('center_axis',(0.,0.,1.));
#8983=DIRECTION('ref_axis',(1.,0.,0.));
#8984=DIRECTION('center_axis',(0.,0.,1.));
#8985=DIRECTION('ref_axis',(1.,0.,0.));
#8986=DIRECTION('center_axis',(0.,0.,1.));
#8987=DIRECTION('ref_axis',(1.,0.,0.));
#8988=DIRECTION('center_axis',(0.,0.,1.));
#8989=DIRECTION('ref_axis',(1.,0.,0.));
#8990=DIRECTION('center_axis',(0.,0.,1.));
#8991=DIRECTION('ref_axis',(1.,0.,0.));
#8992=DIRECTION('center_axis',(0.,0.,1.));
#8993=DIRECTION('ref_axis',(1.,0.,0.));
#8994=DIRECTION('center_axis',(0.,0.,1.));
#8995=DIRECTION('ref_axis',(1.,0.,0.));
#8996=DIRECTION('center_axis',(0.,0.,1.));
#8997=DIRECTION('ref_axis',(1.,0.,0.));
#8998=DIRECTION('center_axis',(0.,0.,1.));
#8999=DIRECTION('ref_axis',(1.,0.,0.));
#9000=DIRECTION('center_axis',(0.,0.,1.));
#9001=DIRECTION('ref_axis',(1.,0.,0.));
#9002=DIRECTION('center_axis',(0.,0.,-1.));
#9003=DIRECTION('ref_axis',(-1.,0.,0.));
#9004=DIRECTION('',(0.,-1.,0.));
#9005=DIRECTION('',(-1.,0.,0.));
#9006=DIRECTION('',(0.,1.,0.));
#9007=DIRECTION('',(1.,0.,0.));
#9008=DIRECTION('center_axis',(0.,0.,-1.));
#9009=DIRECTION('ref_axis',(-1.,0.,0.));
#9010=DIRECTION('center_axis',(0.,0.,-1.));
#9011=DIRECTION('ref_axis',(-1.,0.,0.));
#9012=DIRECTION('center_axis',(0.,0.,-1.));
#9013=DIRECTION('ref_axis',(-1.,0.,0.));
#9014=DIRECTION('center_axis',(0.,0.,-1.));
#9015=DIRECTION('ref_axis',(-1.,0.,0.));
#9016=DIRECTION('center_axis',(0.,0.,-1.));
#9017=DIRECTION('ref_axis',(-1.,0.,0.));
#9018=DIRECTION('center_axis',(0.,0.,-1.));
#9019=DIRECTION('ref_axis',(-1.,0.,0.));
#9020=DIRECTION('center_axis',(0.,0.,-1.));
#9021=DIRECTION('ref_axis',(-1.,0.,0.));
#9022=DIRECTION('center_axis',(0.,0.,-1.));
#9023=DIRECTION('ref_axis',(-1.,0.,0.));
#9024=DIRECTION('center_axis',(0.,0.,-1.));
#9025=DIRECTION('ref_axis',(-1.,0.,0.));
#9026=DIRECTION('center_axis',(0.,0.,-1.));
#9027=DIRECTION('ref_axis',(-1.,0.,0.));
#9028=DIRECTION('center_axis',(0.,0.,-1.));
#9029=DIRECTION('ref_axis',(-1.,0.,0.));
#9030=DIRECTION('center_axis',(0.,0.,-1.));
#9031=DIRECTION('ref_axis',(-1.,0.,0.));
#9032=DIRECTION('center_axis',(1.,0.,0.));
#9033=DIRECTION('ref_axis',(0.,-1.,0.));
#9034=DIRECTION('',(0.,0.,1.));
#9035=DIRECTION('',(0.,0.,1.));
#9036=DIRECTION('center_axis',(0.,1.,0.));
#9037=DIRECTION('ref_axis',(1.,0.,0.));
#9038=DIRECTION('',(0.,0.,1.));
#9039=DIRECTION('center_axis',(-1.,0.,0.));
#9040=DIRECTION('ref_axis',(0.,1.,0.));
#9041=DIRECTION('',(0.,0.,1.));
#9042=DIRECTION('center_axis',(0.,-1.,0.));
#9043=DIRECTION('ref_axis',(-1.,0.,0.));
#9044=DIRECTION('center_axis',(0.,0.,1.));
#9045=DIRECTION('ref_axis',(-1.,0.,0.));
#9046=DIRECTION('',(0.,0.,1.));
#9047=DIRECTION('center_axis',(0.,0.,1.));
#9048=DIRECTION('ref_axis',(-1.,0.,0.));
#9049=DIRECTION('',(0.,0.,1.));
#9050=DIRECTION('center_axis',(0.,0.,1.));
#9051=DIRECTION('ref_axis',(-1.,0.,0.));
#9052=DIRECTION('',(0.,0.,1.));
#9053=DIRECTION('center_axis',(0.,0.,1.));
#9054=DIRECTION('ref_axis',(-1.,0.,0.));
#9055=DIRECTION('',(0.,0.,1.));
#9056=DIRECTION('center_axis',(0.,0.,1.));
#9057=DIRECTION('ref_axis',(-1.,0.,0.));
#9058=DIRECTION('',(0.,0.,1.));
#9059=DIRECTION('center_axis',(0.,0.,1.));
#9060=DIRECTION('ref_axis',(-1.,0.,0.));
#9061=DIRECTION('',(0.,0.,1.));
#9062=DIRECTION('center_axis',(0.,0.,1.));
#9063=DIRECTION('ref_axis',(-1.,0.,0.));
#9064=DIRECTION('',(0.,0.,1.));
#9065=DIRECTION('center_axis',(0.,0.,1.));
#9066=DIRECTION('ref_axis',(-1.,0.,0.));
#9067=DIRECTION('',(0.,0.,1.));
#9068=DIRECTION('center_axis',(0.,0.,1.));
#9069=DIRECTION('ref_axis',(-1.,0.,0.));
#9070=DIRECTION('',(0.,0.,1.));
#9071=DIRECTION('center_axis',(0.,0.,1.));
#9072=DIRECTION('ref_axis',(-1.,0.,0.));
#9073=DIRECTION('',(0.,0.,1.));
#9074=DIRECTION('center_axis',(0.,0.,1.));
#9075=DIRECTION('ref_axis',(-1.,0.,0.));
#9076=DIRECTION('',(0.,0.,1.));
#9077=DIRECTION('center_axis',(0.,0.,1.));
#9078=DIRECTION('ref_axis',(-1.,0.,0.));
#9079=DIRECTION('',(0.,0.,1.));
#9080=DIRECTION('',(-3.22237711505852E-17,0.,0.999999999999996));
#9081=DIRECTION('',(1.,1.97215226305253E-31,7.28583859910244E-17));
#9082=DIRECTION('axis',(0.,0.,1.));
#9083=DIRECTION('refdir',(1.,0.,0.));
#9084=DIRECTION('axis',(0.,0.,1.));
#9085=DIRECTION('refdir',(1.,0.,0.));
#9086=DIRECTION('center_axis',(6.61744645998567E-24,-1.,-8.16360243107887E-16));
#9087=DIRECTION('ref_axis',(1.,6.61744645998568E-24,-6.61744646549141E-24));
#9088=DIRECTION('',(1.,6.61744645998568E-24,-6.61744646549141E-24));
#9089=DIRECTION('',(6.61744646549142E-24,-8.16360243107887E-16,1.));
#9090=DIRECTION('',(1.,6.61744645998568E-24,-6.61744646549141E-24));
#9091=DIRECTION('',(6.61744646549142E-24,-8.16360243107887E-16,1.));
#9092=DIRECTION('center_axis',(-1.,-6.61744645998568E-24,6.61744646549141E-24));
#9093=DIRECTION('ref_axis',(6.61744645998567E-24,-1.,-8.16360243107887E-16));
#9094=DIRECTION('',(6.61744645998567E-24,-1.,-8.16360243107887E-16));
#9095=DIRECTION('',(6.61744645998567E-24,-1.,-8.16360243107887E-16));
#9096=DIRECTION('',(6.61744646549142E-24,-8.16360243107887E-16,1.));
#9097=DIRECTION('center_axis',(-6.61744645998567E-24,1.,8.16360243107887E-16));
#9098=DIRECTION('ref_axis',(-1.,-6.61744645998568E-24,6.61744646549141E-24));
#9099=DIRECTION('',(-1.,-6.61744645998568E-24,6.61744646549141E-24));
#9100=DIRECTION('',(-1.,-6.61744645998568E-24,6.61744646549141E-24));
#9101=DIRECTION('',(6.61744646549142E-24,-8.16360243107887E-16,1.));
#9102=DIRECTION('center_axis',(1.,6.61744645998568E-24,-6.61744646549141E-24));
#9103=DIRECTION('ref_axis',(-6.61744645998567E-24,1.,8.16360243107887E-16));
#9104=DIRECTION('',(-6.61744645998567E-24,1.,8.16360243107887E-16));
#9105=DIRECTION('',(-6.61744645998567E-24,1.,8.16360243107887E-16));
#9106=DIRECTION('center_axis',(6.61744645998567E-24,-1.,-8.16360243107887E-16));
#9107=DIRECTION('ref_axis',(-1.,-6.61744645998568E-24,6.61744646549141E-24));
#9108=DIRECTION('',(-1.,-6.61744645998568E-24,6.61744646549141E-24));
#9109=DIRECTION('',(6.61744646549142E-24,-8.16360243107887E-16,1.));
#9110=DIRECTION('',(-1.,-6.61744645998568E-24,6.61744646549141E-24));
#9111=DIRECTION('',(6.61744646549142E-24,-8.16360243107887E-16,1.));
#9112=DIRECTION('center_axis',(-6.61744646549142E-24,8.16360243107887E-16,
-1.));
#9113=DIRECTION('ref_axis',(-1.,-6.61744645998568E-24,6.61744646549141E-24));
#9114=DIRECTION('',(6.61744645998567E-24,-1.,-8.16360243107887E-16));
#9115=DIRECTION('',(-1.,-6.61744645998568E-24,6.61744646549141E-24));
#9116=DIRECTION('',(-6.61744645998567E-24,1.,8.16360243107887E-16));
#9117=DIRECTION('center_axis',(6.61744646549142E-24,-8.16360243107887E-16,
1.));
#9118=DIRECTION('ref_axis',(1.,6.61744645998568E-24,-6.61744646549141E-24));
#9119=DIRECTION('',(-6.61744645998567E-24,1.,8.16360243107887E-16));
#9120=DIRECTION('',(-1.,-6.61744645998568E-24,6.61744646549141E-24));
#9121=DIRECTION('',(6.61744645998567E-24,-1.,-8.16360243107887E-16));
#9122=DIRECTION('center_axis',(-6.61744646549142E-24,8.16360243107887E-16,
-1.));
#9123=DIRECTION('ref_axis',(-1.,-6.61744645998568E-24,6.61744646549141E-24));
#9124=DIRECTION('',(-6.61744645998567E-24,1.,8.16360243107887E-16));
#9125=DIRECTION('',(-1.,-6.61744645998568E-24,6.61744646549141E-24));
#9126=DIRECTION('',(-6.61744645998567E-24,1.,8.16360243107887E-16));
#9127=DIRECTION('',(1.,6.61744645998568E-24,-6.61744646549141E-24));
#9128=DIRECTION('',(6.61744645998567E-24,-1.,-8.16360243107887E-16));
#9129=DIRECTION('',(-1.,-6.61744645998568E-24,6.61744646549141E-24));
#9130=DIRECTION('',(6.61744645998567E-24,-1.,-8.16360243107887E-16));
#9131=DIRECTION('',(1.,6.61744645998568E-24,-6.61744646549141E-24));
#9132=DIRECTION('',(6.61744645998567E-24,-1.,-8.16360243107887E-16));
#9133=DIRECTION('',(-1.,-6.61744645998568E-24,6.61744646549141E-24));
#9134=DIRECTION('',(-6.61744645998567E-24,1.,8.16360243107887E-16));
#9135=DIRECTION('',(1.,6.61744645998568E-24,-6.61744646549141E-24));
#9136=DIRECTION('center_axis',(6.61744646549142E-24,-8.16360243107887E-16,
1.));
#9137=DIRECTION('ref_axis',(1.,6.61744645998568E-24,-6.61744646549141E-24));
#9138=DIRECTION('',(6.61744645998567E-24,-1.,-8.16360243107887E-16));
#9139=DIRECTION('',(-1.,-6.61744645998568E-24,6.61744646549141E-24));
#9140=DIRECTION('',(6.61744645998567E-24,-1.,-8.16360243107887E-16));
#9141=DIRECTION('',(1.,6.61744645998568E-24,-6.61744646549141E-24));
#9142=DIRECTION('',(-6.61744645998567E-24,1.,8.16360243107887E-16));
#9143=DIRECTION('',(-1.,-6.61744645998568E-24,6.61744646549141E-24));
#9144=DIRECTION('',(-6.61744645998567E-24,1.,8.16360243107887E-16));
#9145=DIRECTION('',(1.,6.61744645998568E-24,-6.61744646549141E-24));
#9146=DIRECTION('',(-6.61744645998567E-24,1.,8.16360243107887E-16));
#9147=DIRECTION('',(-1.,-6.61744645998568E-24,6.61744646549141E-24));
#9148=DIRECTION('',(6.61744645998567E-24,-1.,-8.16360243107887E-16));
#9149=DIRECTION('',(1.,6.61744645998568E-24,-6.61744646549141E-24));
#9150=DIRECTION('center_axis',(-1.,-6.61744645998568E-24,6.61744646549141E-24));
#9151=DIRECTION('ref_axis',(-6.61744645998567E-24,1.,8.16360243107887E-16));
#9152=DIRECTION('',(-6.61744645998567E-24,1.,8.16360243107887E-16));
#9153=DIRECTION('',(6.61744646549142E-24,-8.16360243107887E-16,1.));
#9154=DIRECTION('',(-6.61744645998567E-24,1.,8.16360243107887E-16));
#9155=DIRECTION('',(6.61744646549142E-24,-8.16360243107887E-16,1.));
#9156=DIRECTION('center_axis',(6.61744645998567E-24,-1.,-8.16360243107887E-16));
#9157=DIRECTION('ref_axis',(-1.,-6.61744645998568E-24,6.61744646549141E-24));
#9158=DIRECTION('',(-1.,-6.61744645998568E-24,6.61744646549141E-24));
#9159=DIRECTION('',(6.61744646549142E-24,-8.16360243107887E-16,1.));
#9160=DIRECTION('',(-1.,-6.61744645998568E-24,6.61744646549142E-24));
#9161=DIRECTION('center_axis',(1.,6.61744645998568E-24,-6.61744646549141E-24));
#9162=DIRECTION('ref_axis',(6.61744645998567E-24,-1.,-8.16360243107887E-16));
#9163=DIRECTION('',(6.61744645998567E-24,-1.,-8.16360243107887E-16));
#9164=DIRECTION('',(6.61744646549142E-24,-8.16360243107887E-16,1.));
#9165=DIRECTION('',(6.61744645998567E-24,-1.,-8.16360243107887E-16));
#9166=DIRECTION('center_axis',(6.61744645998567E-24,-1.,-8.16360243107887E-16));
#9167=DIRECTION('ref_axis',(-1.,-6.61744645998568E-24,6.61744646549141E-24));
#9168=DIRECTION('',(-1.,-6.61744645998568E-24,6.61744646549141E-24));
#9169=DIRECTION('',(6.61744646549142E-24,-8.16360243107887E-16,1.));
#9170=DIRECTION('',(-1.,-6.61744645998568E-24,6.61744646549141E-24));
#9171=DIRECTION('center_axis',(-1.,-6.61744645998568E-24,6.61744646549141E-24));
#9172=DIRECTION('ref_axis',(-6.61744645998567E-24,1.,8.16360243107887E-16));
#9173=DIRECTION('',(-6.61744645998567E-24,1.,8.16360243107887E-16));
#9174=DIRECTION('',(6.61744646549142E-24,-8.16360243107887E-16,1.));
#9175=DIRECTION('',(-6.61744645998567E-24,1.,8.16360243107887E-16));
#9176=DIRECTION('center_axis',(-0.26922660949858,-0.963076857129222,-7.86217655435999E-16));
#9177=DIRECTION('ref_axis',(-0.963076857129222,0.26922660949858,2.19785906754482E-16));
#9178=DIRECTION('',(-0.963076857129182,0.269226609498721,2.19785906754598E-16));
#9179=DIRECTION('',(6.61744646549142E-24,-8.16360243107887E-16,1.));
#9180=DIRECTION('',(-0.963076857129221,0.269226609498582,2.19785906754484E-16));
#9181=DIRECTION('center_axis',(-1.,-6.61744645998568E-24,6.61744646549141E-24));
#9182=DIRECTION('ref_axis',(-6.61744645998567E-24,1.,8.16360243107887E-16));
#9183=DIRECTION('',(-6.61744645998567E-24,1.,8.16360243107887E-16));
#9184=DIRECTION('',(6.61744646549142E-24,-8.16360243107887E-16,1.));
#9185=DIRECTION('',(-6.61744645998567E-24,1.,8.16360243107887E-16));
#9186=DIRECTION('center_axis',(-0.736163434510609,-0.676803810339115,-5.52515718273262E-16));
#9187=DIRECTION('ref_axis',(-0.676803810339115,0.736163434510609,6.00974564842931E-16));
#9188=DIRECTION('',(-0.676803810331471,0.736163434517636,6.00974564848668E-16));
#9189=DIRECTION('',(6.61744646549142E-24,-8.16360243107887E-16,1.));
#9190=DIRECTION('',(-0.67680381033913,0.736163434510595,6.00974564842919E-16));
#9191=DIRECTION('center_axis',(-0.729586381219178,-0.683888669550464,-5.58299515704948E-16));
#9192=DIRECTION('ref_axis',(-0.683888669550464,0.729586381219178,5.95605320065888E-16));
#9193=DIRECTION('',(-0.68388866956491,0.729586381205637,5.95605320054834E-16));
#9194=DIRECTION('',(6.61744646549142E-24,-8.16360243107887E-16,1.));
#9195=DIRECTION('',(-0.683888669550463,0.729586381219179,5.95605320065889E-16));
#9196=DIRECTION('center_axis',(-0.721699696285056,-0.692206290336961,-5.65089690684481E-16));
#9197=DIRECTION('ref_axis',(-0.692206290336961,0.721699696285056,5.89166944090795E-16));
#9198=DIRECTION('',(-0.692206290337266,0.721699696284764,5.89166944090556E-16));
#9199=DIRECTION('',(6.61744646549142E-24,-8.16360243107887E-16,1.));
#9200=DIRECTION('',(-0.692206290337114,0.72169969628491,5.89166944090675E-16));
#9201=DIRECTION('center_axis',(-0.712450921170856,-0.701721942739999,-5.72857891054759E-16));
#9202=DIRECTION('ref_axis',(-0.701721942739999,0.712450921170856,5.81616611853086E-16));
#9203=DIRECTION('',(-0.701721942727825,0.712450921182847,5.81616611862875E-16));
#9204=DIRECTION('',(6.61744646549142E-24,-8.16360243107887E-16,1.));
#9205=DIRECTION('',(-0.701721942740224,0.712450921170635,5.81616611852905E-16));
#9206=DIRECTION('center_axis',(-0.701778453883779,-0.712395256626891,-5.81571160244853E-16));
#9207=DIRECTION('ref_axis',(-0.712395256626891,0.701778453883779,5.72904033934676E-16));
#9208=DIRECTION('',(-0.712395256642965,0.701778453867461,5.72904033921355E-16));
#9209=DIRECTION('',(6.61744646549142E-24,-8.16360243107887E-16,1.));
#9210=DIRECTION('',(-0.712395256626563,0.701778453884111,5.72904033934948E-16));
#9211=DIRECTION('center_axis',(-0.689612583146009,-0.724178489853633,-5.9119052346694E-16));
#9212=DIRECTION('ref_axis',(-0.724178489853633,0.689612583146009,5.62972300819546E-16));
#9213=DIRECTION('',(-0.724178489838595,0.689612583161801,5.62972300832438E-16));
#9214=DIRECTION('',(6.61744646549142E-24,-8.16360243107887E-16,1.));
#9215=DIRECTION('',(-0.724178489853716,0.689612583145923,5.62972300819476E-16));
#9216=DIRECTION('center_axis',(-0.675876805466545,-0.737014615752183,-6.0166942641694E-16));
#9217=DIRECTION('ref_axis',(-0.737014615752183,0.675876805466545,5.51758958098806E-16));
#9218=DIRECTION('',(-0.737014615764848,0.675876805452734,5.51758958087531E-16));
#9219=DIRECTION('',(6.61744646549142E-24,-8.16360243107887E-16,1.));
#9220=DIRECTION('',(-0.737014615751975,0.675876805466772,5.51758958098991E-16));
#9221=DIRECTION('center_axis',(-0.660489511976576,-0.750835271260577,-6.12952060209507E-16));
#9222=DIRECTION('ref_axis',(-0.750835271260577,0.660489511976576,5.3919738353602E-16));
#9223=DIRECTION('',(-0.750835271250547,0.660489511987978,5.39197383545328E-16));
#9224=DIRECTION('',(6.61744646549142E-24,-8.16360243107887E-16,1.));
#9225=DIRECTION('',(-0.750835271260819,0.660489511976301,5.39197383535795E-16));
#9226=DIRECTION('center_axis',(-0.643366134564397,-0.765558630606217,-6.24971625537591E-16));
#9227=DIRECTION('ref_axis',(-0.765558630606217,0.643366134564397,5.25218539086416E-16));
#9228=DIRECTION('',(-0.765558630605612,0.643366134565117,5.25218539087004E-16));
#9229=DIRECTION('',(6.61744646549142E-24,-8.16360243107887E-16,1.));
#9230=DIRECTION('',(-0.765558630606385,0.643366134564197,5.25218539086253E-16));
#9231=DIRECTION('center_axis',(-0.624421835824327,-0.781087300463769,-6.37648614363007E-16));
#9232=DIRECTION('ref_axis',(-0.781087300463769,0.624421835824327,5.09753166864224E-16));
#9233=DIRECTION('',(-0.781087300463197,0.624421835825041,5.09753166864807E-16));
#9234=DIRECTION('',(6.61744646549142E-24,-8.16360243107887E-16,1.));
#9235=DIRECTION('',(-0.781087300463825,0.624421835824256,5.09753166864166E-16));
#9236=DIRECTION('center_axis',(-0.603574812200909,-0.797306369017981,-6.50889217248862E-16));
#9237=DIRECTION('ref_axis',(-0.797306369017981,0.603574812200909,4.92734485698264E-16));
#9238=DIRECTION('',(-0.797306369026823,0.603574812189229,4.92734485688729E-16));
#9239=DIRECTION('',(6.61744646549142E-24,-8.16360243107887E-16,1.));
#9240=DIRECTION('',(-0.797306369018094,0.60357481220076,4.92734485698142E-16));
#9241=DIRECTION('center_axis',(-0.580750250039748,-0.814081781566674,-6.64583997266388E-16));
#9242=DIRECTION('ref_axis',(-0.814081781566674,0.580750250039748,4.74101420694558E-16));
#9243=DIRECTION('',(-0.81408178156873,0.580750250036867,4.74101420692205E-16));
#9244=DIRECTION('',(6.61744646549142E-24,-8.16360243107887E-16,1.));
#9245=DIRECTION('',(-0.814081781566753,0.580750250039637,4.74101420694466E-16));
#9246=DIRECTION('center_axis',(-0.555884926461771,-0.831259254704927,-6.78607003578057E-16));
#9247=DIRECTION('ref_axis',(-0.831259254704927,0.555884926461771,4.53802359207155E-16));
#9248=DIRECTION('',(-0.831259254707177,0.555884926458407,4.53802359204409E-16));
#9249=DIRECTION('',(6.61744646549142E-24,-8.16360243107887E-16,1.));
#9250=DIRECTION('',(-0.831259254704938,0.555884926461755,4.53802359207142E-16));
#9251=DIRECTION('center_axis',(-0.528927755472335,-0.84866685424317,-6.92817875947409E-16));
#9252=DIRECTION('ref_axis',(-0.84866685424317,0.528927755472335,4.31795596659912E-16));
#9253=DIRECTION('',(-0.848666854239646,0.528927755477989,4.31795596664528E-16));
#9254=DIRECTION('',(6.61744646549142E-24,-8.16360243107887E-16,1.));
#9255=DIRECTION('',(-0.848666854243293,0.528927755472137,4.3179559665975E-16));
#9256=DIRECTION('center_axis',(-0.499654381661194,-0.866224854692342,-7.07151529656299E-16));
#9257=DIRECTION('ref_axis',(-0.866224854692342,0.499654381661194,4.0789797821505E-16));
#9258=DIRECTION('',(-0.866224854690285,0.499654381664762,4.07897978217963E-16));
#9259=DIRECTION('',(6.61744646549142E-24,-8.16360243107887E-16,1.));
#9260=DIRECTION('',(-0.866224854692381,0.499654381661127,4.07897978214995E-16));
#9261=DIRECTION('center_axis',(-0.467669661051695,-0.883903325105066,-7.21583530271863E-16));
#9262=DIRECTION('ref_axis',(-0.883903325105066,0.467669661051695,3.81786924039528E-16));
#9263=DIRECTION('',(-0.883903325100884,0.4676696610596,3.81786924045981E-16));
#9264=DIRECTION('',(6.61744646549142E-24,-8.16360243107887E-16,1.));
#9265=DIRECTION('',(-0.883903325105059,0.467669661051709,3.81786924039539E-16));
#9266=DIRECTION('center_axis',(-0.433525960121797,-0.9011410776901,-7.35655746388758E-16));
#9267=DIRECTION('ref_axis',(-0.9011410776901,0.433525960121797,3.53913364161863E-16));
#9268=DIRECTION('',(-0.901141077690184,0.433525960121622,3.5391336416172E-16));
#9269=DIRECTION('',(6.61744646549142E-24,-8.16360243107887E-16,1.));
#9270=DIRECTION('',(-0.901141077690042,0.433525960121917,3.53913364161961E-16));
#9271=DIRECTION('center_axis',(-0.395444955159681,-0.918489677371911,-7.49818453694583E-16));
#9272=DIRECTION('ref_axis',(-0.918489677371911,0.395444955159681,3.22825545808001E-16));
#9273=DIRECTION('',(-0.918489677370169,0.395444955163729,3.22825545811306E-16));
#9274=DIRECTION('',(6.61744646549142E-24,-8.16360243107887E-16,1.));
#9275=DIRECTION('',(-0.918489677371811,0.395444955159914,3.22825545808191E-16));
#9276=DIRECTION('center_axis',(-0.353055084835272,-0.935602536909749,-7.63788712147676E-16));
#9277=DIRECTION('ref_axis',(-0.935602536909749,0.353055084835272,2.88220141077898E-16));
#9278=DIRECTION('',(-0.93560253691305,0.353055084826525,2.88220141070757E-16));
#9279=DIRECTION('',(6.61744646549142E-24,-8.16360243107887E-16,1.));
#9280=DIRECTION('',(-0.935602536909735,0.353055084835311,2.8822014107793E-16));
#9281=DIRECTION('center_axis',(-0.307946621336711,-0.951403635901873,-7.76688101460761E-16));
#9282=DIRECTION('ref_axis',(-0.951403635901873,0.307946621336711,2.51395384954552E-16));
#9283=DIRECTION('',(-0.951403635900737,0.307946621340221,2.51395384957418E-16));
#9284=DIRECTION('',(6.61744646549142E-24,-8.16360243107887E-16,1.));
#9285=DIRECTION('',(-0.951403635901957,0.307946621336453,2.51395384954342E-16));
#9286=DIRECTION('center_axis',(-0.259148961880015,-0.965837364961882,-7.88471224348058E-16));
#9287=DIRECTION('ref_axis',(-0.965837364961881,0.259148961880015,2.11558915912903E-16));
#9288=DIRECTION('',(-0.965837364965318,0.259148961867206,2.11558915902446E-16));
#9289=DIRECTION('',(6.61744646549142E-24,-8.16360243107887E-16,1.));
#9290=DIRECTION('',(-0.965837364961871,0.259148961880055,2.11558915912935E-16));
#9291=DIRECTION('center_axis',(-0.206630195138147,-0.978419113906291,-7.98742464322579E-16));
#9292=DIRECTION('ref_axis',(-0.978419113906291,0.206630195138147,1.68684682811044E-16));
#9293=DIRECTION('',(-0.978419113904824,0.206630195145093,1.68684682816714E-16));
#9294=DIRECTION('',(6.61744646549142E-24,-8.16360243107887E-16,1.));
#9295=DIRECTION('',(-0.978419113906303,0.206630195138088,1.68684682810996E-16));
#9296=DIRECTION('center_axis',(-0.150469743272007,-0.98861461468039,-8.07065666184768E-16));
#9297=DIRECTION('ref_axis',(-0.98861461468039,0.150469743272007,1.22837522740021E-16));
#9298=DIRECTION('',(-0.988614614679727,0.150469743276364,1.22837522743578E-16));
#9299=DIRECTION('',(6.61744646549142E-24,-8.16360243107887E-16,1.));
#9300=DIRECTION('',(-0.98861461468043,0.150469743271746,1.22837522739808E-16));
#9301=DIRECTION('center_axis',(-0.0908853182105341,-0.995861365318371,-8.12981625691629E-16));
#9302=DIRECTION('ref_axis',(-0.995861365318371,0.0908853182105341,7.41951670593486E-17));
#9303=DIRECTION('',(-0.995861365316848,0.0908853182272213,7.41951670729713E-17));
#9304=DIRECTION('',(6.61744646549142E-24,-8.16360243107887E-16,1.));
#9305=DIRECTION('',(-0.99586136531839,0.0908853182103225,7.41951670591758E-17));
#9306=DIRECTION('center_axis',(-0.0282546525150334,-0.999600757608384,-8.16034317305035E-16));
#9307=DIRECTION('ref_axis',(-0.999600757608384,0.0282546525150334,2.3065981610906E-17));
#9308=DIRECTION('',(-0.999600757608832,0.0282546524991859,2.30659815979688E-17));
#9309=DIRECTION('',(6.61744646549142E-24,-8.16360243107887E-16,1.));
#9310=DIRECTION('',(-0.999600757608386,0.0282546525149592,2.30659816108455E-17));
#9311=DIRECTION('center_axis',(6.61744645998567E-24,-1.,-8.16360243107887E-16));
#9312=DIRECTION('ref_axis',(-1.,-6.61744645998568E-24,6.61744646549141E-24));
#9313=DIRECTION('',(-1.,-6.61744645998568E-24,6.61744646549141E-24));
#9314=DIRECTION('',(6.61744646549142E-24,-8.16360243107887E-16,1.));
#9315=DIRECTION('',(-1.,-6.61744645998568E-24,6.61744646549141E-24));
#9316=DIRECTION('center_axis',(-1.,-6.61744645998568E-24,6.61744646549141E-24));
#9317=DIRECTION('ref_axis',(-6.61744645998567E-24,1.,8.16360243107887E-16));
#9318=DIRECTION('',(-6.61744645998567E-24,1.,8.16360243107887E-16));
#9319=DIRECTION('',(6.61744646549142E-24,-8.16360243107887E-16,1.));
#9320=DIRECTION('',(-6.61744645998567E-24,1.,8.16360243107887E-16));
#9321=DIRECTION('center_axis',(6.61744646549142E-24,-8.16360243107887E-16,
1.));
#9322=DIRECTION('ref_axis',(0.0871557427481093,0.996194698091706,8.13253745340185E-16));
#9323=DIRECTION('center_axis',(6.61744646549142E-24,-8.16360243107887E-16,
1.));
#9324=DIRECTION('ref_axis',(-6.61744645998567E-24,1.,8.16360243107887E-16));
#9325=DIRECTION('',(6.61744646549142E-24,-8.16360243107887E-16,1.));
#9326=DIRECTION('center_axis',(6.61744646549142E-24,-8.16360243107887E-16,
1.));
#9327=DIRECTION('ref_axis',(-6.61744645998567E-24,1.,8.16360243107887E-16));
#9328=DIRECTION('center_axis',(-6.61744645998567E-24,1.,8.16360243107887E-16));
#9329=DIRECTION('ref_axis',(1.,6.61744645998568E-24,-6.61744646549141E-24));
#9330=DIRECTION('',(1.,6.61744645998568E-24,-6.61744646549141E-24));
#9331=DIRECTION('',(6.61744646549142E-24,-8.16360243107887E-16,1.));
#9332=DIRECTION('',(1.,6.61744645998568E-24,-6.61744646549141E-24));
#9333=DIRECTION('center_axis',(6.61744646549142E-24,-8.16360243107887E-16,
1.));
#9334=DIRECTION('ref_axis',(-0.0871557427535873,-0.996194698091227,-8.13253745339794E-16));
#9335=DIRECTION('center_axis',(6.61744646549142E-24,-8.16360243107887E-16,
1.));
#9336=DIRECTION('ref_axis',(6.61744645998567E-24,-1.,-8.16360243107887E-16));
#9337=DIRECTION('',(6.61744646549142E-24,-8.16360243107887E-16,1.));
#9338=DIRECTION('center_axis',(6.61744646549142E-24,-8.16360243107887E-16,
1.));
#9339=DIRECTION('ref_axis',(6.61744645998567E-24,-1.,-8.16360243107887E-16));
#9340=DIRECTION('center_axis',(-1.,-6.61744645998568E-24,6.61744646549141E-24));
#9341=DIRECTION('ref_axis',(-6.61744645998567E-24,1.,8.16360243107887E-16));
#9342=DIRECTION('',(-6.61744645998567E-24,1.,8.16360243107887E-16));
#9343=DIRECTION('',(6.61744646549142E-24,-8.16360243107887E-16,1.));
#9344=DIRECTION('',(-6.61744645998567E-24,1.,8.16360243107887E-16));
#9345=DIRECTION('center_axis',(-1.,-6.61744645998568E-24,6.61744646549141E-24));
#9346=DIRECTION('ref_axis',(-6.61744645998567E-24,1.,8.16360243107887E-16));
#9347=DIRECTION('',(-6.61744645998567E-24,1.,8.16360243107887E-16));
#9348=DIRECTION('',(6.61744646549142E-24,-8.16360243107887E-16,1.));
#9349=DIRECTION('',(-6.61744645998567E-24,1.,8.16360243107887E-16));
#9350=DIRECTION('center_axis',(6.61744646549142E-24,-8.16360243107887E-16,
1.));
#9351=DIRECTION('ref_axis',(0.996194698091746,-0.0871557427476546,-7.11504899299889E-17));
#9352=DIRECTION('center_axis',(6.61744646549142E-24,-8.16360243107887E-16,
1.));
#9353=DIRECTION('ref_axis',(1.,6.61744645998568E-24,-6.61744646549141E-24));
#9354=DIRECTION('',(6.61744646549142E-24,-8.16360243107887E-16,1.));
#9355=DIRECTION('center_axis',(6.61744646549142E-24,-8.16360243107887E-16,
1.));
#9356=DIRECTION('ref_axis',(1.,6.61744645998568E-24,-6.61744646549141E-24));
#9357=DIRECTION('center_axis',(6.61744645998567E-24,-1.,-8.16360243107887E-16));
#9358=DIRECTION('ref_axis',(-1.,-6.61744645998568E-24,6.61744646549141E-24));
#9359=DIRECTION('',(-1.,-6.61744645998568E-24,6.61744646549141E-24));
#9360=DIRECTION('',(6.61744646549142E-24,-8.16360243107887E-16,1.));
#9361=DIRECTION('',(-1.,-6.61744645998568E-24,6.61744646549141E-24));
#9362=DIRECTION('center_axis',(6.61744646549142E-24,-8.16360243107887E-16,
1.));
#9363=DIRECTION('ref_axis',(0.0871557427478078,0.996194698091732,8.13253745340206E-16));
#9364=DIRECTION('center_axis',(6.61744646549142E-24,-8.16360243107887E-16,
1.));
#9365=DIRECTION('ref_axis',(-6.61744645998567E-24,1.,8.16360243107887E-16));
#9366=DIRECTION('',(6.61744646549142E-24,-8.16360243107887E-16,1.));
#9367=DIRECTION('center_axis',(6.61744646549142E-24,-8.16360243107887E-16,
1.));
#9368=DIRECTION('ref_axis',(-6.61744645998567E-24,1.,8.16360243107887E-16));
#9369=DIRECTION('center_axis',(1.,6.61744645998568E-24,-6.61744646549141E-24));
#9370=DIRECTION('ref_axis',(6.61744645998567E-24,-1.,-8.16360243107887E-16));
#9371=DIRECTION('',(6.61744645998567E-24,-1.,-8.16360243107887E-16));
#9372=DIRECTION('',(6.61744646549142E-24,-8.16360243107887E-16,1.));
#9373=DIRECTION('',(6.61744645998567E-24,-1.,-8.16360243107887E-16));
#9374=DIRECTION('center_axis',(1.,6.61744645998568E-24,-6.61744646549141E-24));
#9375=DIRECTION('ref_axis',(6.61744645998567E-24,-1.,-8.16360243107887E-16));
#9376=DIRECTION('',(6.61744645998567E-24,-1.,-8.16360243107887E-16));
#9377=DIRECTION('',(6.61744646549142E-24,-8.16360243107887E-16,1.));
#9378=DIRECTION('',(6.61744645998567E-24,-1.,-8.16360243107887E-16));
#9379=DIRECTION('center_axis',(6.61744646549142E-24,-8.16360243107887E-16,
1.));
#9380=DIRECTION('ref_axis',(-0.996194698091745,0.0871557427476617,7.11504899299947E-17));
#9381=DIRECTION('center_axis',(6.61744646549142E-24,-8.16360243107887E-16,
1.));
#9382=DIRECTION('ref_axis',(-1.,-6.61744645998568E-24,6.61744646549141E-24));
#9383=DIRECTION('',(6.61744646549142E-24,-8.16360243107887E-16,1.));
#9384=DIRECTION('center_axis',(6.61744646549142E-24,-8.16360243107887E-16,
1.));
#9385=DIRECTION('ref_axis',(-1.,-6.61744645998568E-24,6.61744646549141E-24));
#9386=DIRECTION('center_axis',(-6.61744645998567E-24,1.,8.16360243107887E-16));
#9387=DIRECTION('ref_axis',(1.,6.61744645998568E-24,-6.61744646549141E-24));
#9388=DIRECTION('',(1.,6.61744645998568E-24,-6.61744646549142E-24));
#9389=DIRECTION('',(6.61744646549142E-24,-8.16360243107887E-16,1.));
#9390=DIRECTION('',(1.,6.61744645998568E-24,-6.61744646549142E-24));
#9391=DIRECTION('center_axis',(6.61744646549142E-24,-8.16360243107887E-16,
1.));
#9392=DIRECTION('ref_axis',(0.996194698091745,-0.0871557427476617,-7.11504899299947E-17));
#9393=DIRECTION('center_axis',(6.61744646549142E-24,-8.16360243107887E-16,
1.));
#9394=DIRECTION('ref_axis',(1.,6.61744645998568E-24,-6.61744646549141E-24));
#9395=DIRECTION('',(6.61744646549142E-24,-8.16360243107887E-16,1.));
#9396=DIRECTION('center_axis',(6.61744646549142E-24,-8.16360243107887E-16,
1.));
#9397=DIRECTION('ref_axis',(1.,6.61744645998568E-24,-6.61744646549141E-24));
#9398=DIRECTION('center_axis',(1.,6.61744645998568E-24,-6.61744646549141E-24));
#9399=DIRECTION('ref_axis',(6.61744645998567E-24,-1.,-8.16360243107887E-16));
#9400=DIRECTION('',(6.61744645998567E-24,-1.,-8.16360243107887E-16));
#9401=DIRECTION('',(6.61744646549142E-24,-8.16360243107887E-16,1.));
#9402=DIRECTION('',(6.61744645998567E-24,-1.,-8.16360243107887E-16));
#9403=DIRECTION('center_axis',(6.61744645998567E-24,-1.,-8.16360243107887E-16));
#9404=DIRECTION('ref_axis',(-1.,-6.61744645998568E-24,6.61744646549141E-24));
#9405=DIRECTION('',(-1.,-6.61744645998568E-24,6.61744646549141E-24));
#9406=DIRECTION('',(6.61744646549142E-24,-8.16360243107887E-16,1.));
#9407=DIRECTION('',(-1.,-6.61744645998568E-24,6.61744646549141E-24));
#9408=DIRECTION('center_axis',(0.514603114816482,-0.857428500938227,-6.99970542878921E-16));
#9409=DIRECTION('ref_axis',(-0.857428500938227,-0.514603114816482,-4.20101518241672E-16));
#9410=DIRECTION('',(-0.8574285009393,-0.514603114814694,-4.20101518240212E-16));
#9411=DIRECTION('',(6.61744646549142E-24,-8.16360243107887E-16,1.));
#9412=DIRECTION('',(-0.857428500938176,-0.514603114816567,-4.20101518241741E-16));
#9413=DIRECTION('center_axis',(0.605266155945178,-0.796023165785612,-6.49841669145568E-16));
#9414=DIRECTION('ref_axis',(-0.796023165785612,-0.605266155945178,-4.94115220944741E-16));
#9415=DIRECTION('',(-0.796023165784466,-0.605266155946685,-4.94115220945971E-16));
#9416=DIRECTION('',(6.61744646549142E-24,-8.16360243107887E-16,1.));
#9417=DIRECTION('',(-0.796023165785609,-0.605266155945182,-4.94115220944744E-16));
#9418=DIRECTION('center_axis',(0.71306630173583,-0.701096604847567,-5.72347399494152E-16));
#9419=DIRECTION('ref_axis',(-0.701096604847567,-0.71306630173583,-5.82118974797635E-16));
#9420=DIRECTION('',(-0.70109660484792,-0.713066301735483,-5.82118974797352E-16));
#9421=DIRECTION('',(6.61744646549142E-24,-8.16360243107887E-16,1.));
#9422=DIRECTION('',(-0.701096604847611,-0.713066301735787,-5.821189747976E-16));
#9423=DIRECTION('center_axis',(1.,6.61744645998568E-24,-6.61744646549141E-24));
#9424=DIRECTION('ref_axis',(6.61744645998567E-24,-1.,-8.16360243107887E-16));
#9425=DIRECTION('',(6.61744645998567E-24,-1.,-8.16360243107887E-16));
#9426=DIRECTION('',(6.61744646549142E-24,-8.16360243107887E-16,1.));
#9427=DIRECTION('',(6.61744645998567E-24,-1.,-8.16360243107887E-16));
#9428=DIRECTION('center_axis',(0.26922660949869,-0.963076857129191,-7.86217658999159E-16));
#9429=DIRECTION('ref_axis',(-0.963076857129191,-0.26922660949869,-2.19785894008353E-16));
#9430=DIRECTION('',(-0.963076857129172,-0.269226609498757,-2.19785894008408E-16));
#9431=DIRECTION('',(6.61744646549142E-24,-8.16360243107887E-16,1.));
#9432=DIRECTION('',(-0.963076857129189,-0.269226609498695,-2.19785894008357E-16));
#9433=DIRECTION('center_axis',(1.,6.61744645998568E-24,-6.61744646549141E-24));
#9434=DIRECTION('ref_axis',(6.61744645998567E-24,-1.,-8.16360243107887E-16));
#9435=DIRECTION('',(6.61744645998567E-24,-1.,-8.16360243107887E-16));
#9436=DIRECTION('',(6.61744646549142E-24,-8.16360243107887E-16,1.));
#9437=DIRECTION('',(6.61744645998567E-24,-1.,-8.16360243107887E-16));
#9438=DIRECTION('center_axis',(6.61744645998567E-24,-1.,-8.16360243107887E-16));
#9439=DIRECTION('ref_axis',(-1.,-6.61744645998568E-24,6.61744646549141E-24));
#9440=DIRECTION('',(-1.,-6.61744645998568E-24,6.61744646549141E-24));
#9441=DIRECTION('',(6.61744646549142E-24,-8.16360243107887E-16,1.));
#9442=DIRECTION('',(-1.,-6.61744645998568E-24,6.61744646549141E-24));
#9443=DIRECTION('center_axis',(-1.,-6.61744645998568E-24,6.61744646549141E-24));
#9444=DIRECTION('ref_axis',(-6.61744645998567E-24,1.,8.16360243107887E-16));
#9445=DIRECTION('',(-6.61744645998567E-24,1.,8.16360243107887E-16));
#9446=DIRECTION('',(6.61744646549142E-24,-8.16360243107887E-16,1.));
#9447=DIRECTION('',(-6.61744645998567E-24,1.,8.16360243107887E-16));
#9448=DIRECTION('center_axis',(6.61744645998567E-24,-1.,-8.16360243107887E-16));
#9449=DIRECTION('ref_axis',(-1.,-6.61744645998568E-24,6.61744646549141E-24));
#9450=DIRECTION('',(-1.,-6.61744645998568E-24,6.61744646549141E-24));
#9451=DIRECTION('',(6.61744646549142E-24,-8.16360243107887E-16,1.));
#9452=DIRECTION('',(-1.,-6.61744645998568E-24,6.61744646549141E-24));
#9453=DIRECTION('center_axis',(1.,6.61744645998568E-24,-6.61744646549141E-24));
#9454=DIRECTION('ref_axis',(6.61744645998567E-24,-1.,-8.16360243107887E-16));
#9455=DIRECTION('',(6.61744645998567E-24,-1.,-8.16360243107887E-16));
#9456=DIRECTION('',(6.61744646549142E-24,-8.16360243107887E-16,1.));
#9457=DIRECTION('',(6.61744645998567E-24,-1.,-8.16360243107887E-16));
#9458=DIRECTION('center_axis',(6.61744645998567E-24,-1.,-8.16360243107887E-16));
#9459=DIRECTION('ref_axis',(-1.,-6.61744645998568E-24,6.61744646549141E-24));
#9460=DIRECTION('',(-1.,-6.61744645998568E-24,6.61744646549141E-24));
#9461=DIRECTION('',(6.61744646549142E-24,-8.16360243107887E-16,1.));
#9462=DIRECTION('',(-1.,-6.61744645998568E-24,6.61744646549141E-24));
#9463=DIRECTION('center_axis',(0.999999999999997,8.3236482878616E-8,6.1333508932741E-23));
#9464=DIRECTION('ref_axis',(8.3236482878616E-8,-0.999999999999997,-8.16360243107885E-16));
#9465=DIRECTION('',(8.32364834595042E-8,-0.999999999999997,-8.16360243107885E-16));
#9466=DIRECTION('',(6.61744646549142E-24,-8.16360243107887E-16,1.));
#9467=DIRECTION('',(8.32364829781959E-8,-0.999999999999997,-8.16360243107885E-16));
#9468=DIRECTION('center_axis',(-6.61744645998567E-24,1.,8.16360243107887E-16));
#9469=DIRECTION('ref_axis',(1.,6.61744645998568E-24,-6.61744646549141E-24));
#9470=DIRECTION('',(1.,6.61744645998568E-24,-6.61744646549141E-24));
#9471=DIRECTION('',(6.61744646549142E-24,-8.16360243107887E-16,1.));
#9472=DIRECTION('',(1.,6.61744645998568E-24,-6.61744646549141E-24));
#9473=DIRECTION('center_axis',(-1.,-6.61744645998568E-24,6.61744646549141E-24));
#9474=DIRECTION('ref_axis',(-6.61744645998567E-24,1.,8.16360243107887E-16));
#9475=DIRECTION('',(-6.61744645998567E-24,1.,8.16360243107887E-16));
#9476=DIRECTION('',(6.61744646549142E-24,-8.16360243107887E-16,1.));
#9477=DIRECTION('',(-6.61744645998567E-24,1.,8.16360243107887E-16));
#9478=DIRECTION('center_axis',(6.61744645998567E-24,-1.,-8.16360243107887E-16));
#9479=DIRECTION('ref_axis',(-1.,-6.61744645998568E-24,6.61744646549141E-24));
#9480=DIRECTION('',(-1.,-6.61744645998568E-24,6.61744646549142E-24));
#9481=DIRECTION('',(-1.,-6.61744645998568E-24,6.61744646549141E-24));
#9482=DIRECTION('center_axis',(-6.61744645998567E-24,1.,8.16360243107887E-16));
#9483=DIRECTION('ref_axis',(-1.,-6.61744645998568E-24,6.61744646549141E-24));
#9484=DIRECTION('',(-1.,-6.61744645998568E-24,6.61744646549141E-24));
#9485=DIRECTION('',(6.61744646549142E-24,-8.16360243107887E-16,1.));
#9486=DIRECTION('',(6.61744646549142E-24,-8.16360243107887E-16,1.));
#9487=DIRECTION('center_axis',(1.,6.61744645998568E-24,-6.61744646549141E-24));
#9488=DIRECTION('ref_axis',(-6.61744645998567E-24,1.,8.16360243107887E-16));
#9489=DIRECTION('',(-6.61744645998567E-24,1.,8.16360243107887E-16));
#9490=DIRECTION('',(6.61744646549142E-24,-8.16360243107887E-16,1.));
#9491=DIRECTION('center_axis',(6.61744645998567E-24,-1.,-8.16360243107887E-16));
#9492=DIRECTION('ref_axis',(1.,6.61744645998568E-24,-6.61744646549141E-24));
#9493=DIRECTION('',(1.,6.61744645998568E-24,-6.61744646549141E-24));
#9494=DIRECTION('',(6.61744646549142E-24,-8.16360243107887E-16,1.));
#9495=DIRECTION('center_axis',(-1.,-6.61744645998568E-24,6.61744646549141E-24));
#9496=DIRECTION('ref_axis',(6.61744645998567E-24,-1.,-8.16360243107887E-16));
#9497=DIRECTION('',(6.61744645998567E-24,-1.,-8.16360243107887E-16));
#9498=DIRECTION('',(6.61744646549142E-24,-8.16360243107887E-16,1.));
#9499=DIRECTION('center_axis',(-6.61744645998567E-24,1.,8.16360243107887E-16));
#9500=DIRECTION('ref_axis',(-1.,-6.61744645998568E-24,6.61744646549141E-24));
#9501=DIRECTION('',(-1.,-6.61744645998568E-24,6.61744646549141E-24));
#9502=DIRECTION('',(6.61744646549142E-24,-8.16360243107887E-16,1.));
#9503=DIRECTION('center_axis',(-1.,-6.61744645998568E-24,6.61744646549141E-24));
#9504=DIRECTION('ref_axis',(6.61744645998567E-24,-1.,-8.16360243107887E-16));
#9505=DIRECTION('',(6.61744645998567E-24,-1.,-8.16360243107887E-16));
#9506=DIRECTION('',(6.61744646549142E-24,-8.16360243107887E-16,1.));
#9507=DIRECTION('center_axis',(6.61744645998567E-24,-1.,-8.16360243107887E-16));
#9508=DIRECTION('ref_axis',(1.,6.61744645998568E-24,-6.61744646549141E-24));
#9509=DIRECTION('',(1.,6.61744645998568E-24,-6.61744646549141E-24));
#9510=DIRECTION('',(6.61744646549142E-24,-8.16360243107887E-16,1.));
#9511=DIRECTION('center_axis',(-1.,-6.61744645998568E-24,6.61744646549141E-24));
#9512=DIRECTION('ref_axis',(6.61744645998567E-24,-1.,-8.16360243107887E-16));
#9513=DIRECTION('',(6.61744645998567E-24,-1.,-8.16360243107887E-16));
#9514=DIRECTION('',(6.61744646549142E-24,-8.16360243107887E-16,1.));
#9515=DIRECTION('center_axis',(-6.61744645998567E-24,1.,8.16360243107887E-16));
#9516=DIRECTION('ref_axis',(-1.,-6.61744645998568E-24,6.61744646549141E-24));
#9517=DIRECTION('',(-1.,-6.61744645998568E-24,6.61744646549141E-24));
#9518=DIRECTION('',(6.61744646549142E-24,-8.16360243107887E-16,1.));
#9519=DIRECTION('center_axis',(1.,6.61744645998568E-24,-6.61744646549141E-24));
#9520=DIRECTION('ref_axis',(-6.61744645998567E-24,1.,8.16360243107887E-16));
#9521=DIRECTION('',(-6.61744645998567E-24,1.,8.16360243107887E-16));
#9522=DIRECTION('',(6.61744646549142E-24,-8.16360243107887E-16,1.));
#9523=DIRECTION('center_axis',(6.61744645998567E-24,-1.,-8.16360243107887E-16));
#9524=DIRECTION('ref_axis',(1.,6.61744645998568E-24,-6.61744646549141E-24));
#9525=DIRECTION('',(1.,6.61744645998568E-24,-6.61744646549141E-24));
#9526=DIRECTION('',(6.61744646549142E-24,-8.16360243107887E-16,1.));
#9527=DIRECTION('center_axis',(1.,6.61744645998568E-24,-6.61744646549141E-24));
#9528=DIRECTION('ref_axis',(-6.61744645998567E-24,1.,8.16360243107887E-16));
#9529=DIRECTION('',(-6.61744645998567E-24,1.,8.16360243107887E-16));
#9530=DIRECTION('center_axis',(-1.,-6.61744645998568E-24,6.61744646549141E-24));
#9531=DIRECTION('ref_axis',(-6.61744645998567E-24,1.,8.16360243107887E-16));
#9532=DIRECTION('',(-6.61744645998567E-24,1.,8.16360243107887E-16));
#9533=DIRECTION('',(6.61744646549142E-24,-8.16360243107887E-16,1.));
#9534=DIRECTION('',(-6.61744645998567E-24,1.,8.16360243107887E-16));
#9535=DIRECTION('',(6.61744646549142E-24,-8.16360243107887E-16,1.));
#9536=DIRECTION('center_axis',(6.61744645998567E-24,-1.,-8.16360243107887E-16));
#9537=DIRECTION('ref_axis',(-1.,-6.61744645998568E-24,6.61744646549141E-24));
#9538=DIRECTION('',(-1.,-6.61744645998568E-24,6.61744646549141E-24));
#9539=DIRECTION('',(6.61744646549142E-24,-8.16360243107887E-16,1.));
#9540=DIRECTION('',(-1.,-6.61744645998568E-24,6.61744646549141E-24));
#9541=DIRECTION('center_axis',(1.,6.61744645998568E-24,-6.61744646549141E-24));
#9542=DIRECTION('ref_axis',(6.61744645998567E-24,-1.,-8.16360243107887E-16));
#9543=DIRECTION('',(6.61744645998567E-24,-1.,-8.16360243107887E-16));
#9544=DIRECTION('',(6.61744646549142E-24,-8.16360243107887E-16,1.));
#9545=DIRECTION('',(6.61744645998567E-24,-1.,-8.16360243107887E-16));
#9546=DIRECTION('center_axis',(-6.61744645998567E-24,1.,8.16360243107887E-16));
#9547=DIRECTION('ref_axis',(1.,6.61744645998568E-24,-6.61744646549141E-24));
#9548=DIRECTION('',(1.,6.61744645998568E-24,-6.61744646549141E-24));
#9549=DIRECTION('',(1.,6.61744645998568E-24,-6.61744646549141E-24));
#9550=DIRECTION('center_axis',(-1.,-6.61744645998568E-24,6.61744646549141E-24));
#9551=DIRECTION('ref_axis',(-6.61744645998567E-24,1.,8.16360243107887E-16));
#9552=DIRECTION('',(-6.61744645998567E-24,1.,8.16360243107887E-16));
#9553=DIRECTION('',(6.61744646549142E-24,-8.16360243107887E-16,1.));
#9554=DIRECTION('',(6.61744646549142E-24,-8.16360243107887E-16,1.));
#9555=DIRECTION('center_axis',(6.61744645998567E-24,-1.,-8.16360243107887E-16));
#9556=DIRECTION('ref_axis',(-1.,-6.61744645998568E-24,6.61744646549141E-24));
#9557=DIRECTION('',(-1.,-6.61744645998568E-24,6.61744646549141E-24));
#9558=DIRECTION('',(6.61744646549142E-24,-8.16360243107887E-16,1.));
#9559=DIRECTION('center_axis',(1.,6.61744645998568E-24,-6.61744646549141E-24));
#9560=DIRECTION('ref_axis',(6.61744645998567E-24,-1.,-8.16360243107887E-16));
#9561=DIRECTION('',(6.61744645998567E-24,-1.,-8.16360243107887E-16));
#9562=DIRECTION('',(6.61744646549142E-24,-8.16360243107887E-16,1.));
#9563=DIRECTION('center_axis',(6.61744645998567E-24,-1.,-8.16360243107887E-16));
#9564=DIRECTION('ref_axis',(-1.,-6.61744645998568E-24,6.61744646549141E-24));
#9565=DIRECTION('',(-1.,-6.61744645998568E-24,6.61744646549141E-24));
#9566=DIRECTION('',(6.61744646549142E-24,-8.16360243107887E-16,1.));
#9567=DIRECTION('',(-1.,-6.61744645998568E-24,6.61744646549141E-24));
#9568=DIRECTION('center_axis',(-1.,-6.61744645998568E-24,6.61744646549141E-24));
#9569=DIRECTION('ref_axis',(-6.61744645998567E-24,1.,8.16360243107887E-16));
#9570=DIRECTION('',(-6.61744645998567E-24,1.,8.16360243107887E-16));
#9571=DIRECTION('',(6.61744646549142E-24,-8.16360243107887E-16,1.));
#9572=DIRECTION('',(-6.61744645998567E-24,1.,8.16360243107887E-16));
#9573=DIRECTION('center_axis',(-6.61744645998567E-24,1.,8.16360243107887E-16));
#9574=DIRECTION('ref_axis',(1.,6.61744645998568E-24,-6.61744646549141E-24));
#9575=DIRECTION('',(1.,6.61744645998568E-24,-6.61744646549141E-24));
#9576=DIRECTION('',(6.61744646549142E-24,-8.16360243107887E-16,1.));
#9577=DIRECTION('',(1.,6.61744645998568E-24,-6.61744646549141E-24));
#9578=DIRECTION('center_axis',(1.,6.61744645998568E-24,-6.61744646549141E-24));
#9579=DIRECTION('ref_axis',(6.61744645998567E-24,-1.,-8.16360243107887E-16));
#9580=DIRECTION('',(6.61744645998567E-24,-1.,-8.16360243107887E-16));
#9581=DIRECTION('',(6.61744646549142E-24,-8.16360243107887E-16,1.));
#9582=DIRECTION('',(6.61744645998567E-24,-1.,-8.16360243107887E-16));
#9583=DIRECTION('center_axis',(6.61744645998567E-24,-1.,-8.16360243107887E-16));
#9584=DIRECTION('ref_axis',(-1.,-6.61744645998568E-24,6.61744646549141E-24));
#9585=DIRECTION('',(-1.,-6.61744645998568E-24,6.61744646549141E-24));
#9586=DIRECTION('',(-1.,-6.61744645998568E-24,6.61744646549141E-24));
#9587=DIRECTION('center_axis',(-6.61744646549142E-24,8.16360243107887E-16,
-1.));
#9588=DIRECTION('ref_axis',(-1.,-6.61744645998568E-24,6.61744646549141E-24));
#9589=DIRECTION('',(1.,6.61744645998568E-24,-6.61744646549141E-24));
#9590=DIRECTION('',(6.61744645998567E-24,-1.,-8.16360243107887E-16));
#9591=DIRECTION('',(1.,6.61744645998568E-24,-6.61744646549141E-24));
#9592=DIRECTION('',(-6.61744645998567E-24,1.,8.16360243107887E-16));
#9593=DIRECTION('',(1.,6.61744645998568E-24,-6.61744646549141E-24));
#9594=DIRECTION('',(6.61744645998567E-24,-1.,-8.16360243107887E-16));
#9595=DIRECTION('',(0.963076857129219,-0.269226609498589,-2.1978590675449E-16));
#9596=DIRECTION('',(6.61744645998567E-24,-1.,-8.16360243107887E-16));
#9597=DIRECTION('',(0.676803810338837,-0.736163434510864,-6.00974564843139E-16));
#9598=DIRECTION('',(0.6838886695506,-0.729586381219051,-5.95605320065784E-16));
#9599=DIRECTION('',(0.692206290336668,-0.721699696285337,-5.89166944091024E-16));
#9600=DIRECTION('',(0.701721942739638,-0.712450921171212,-5.81616611853376E-16));
#9601=DIRECTION('',(0.712395256626716,-0.701778453883956,-5.72904033934821E-16));
#9602=DIRECTION('',(0.724178489853576,-0.689612583146069,-5.62972300819595E-16));
#9603=DIRECTION('',(0.737014615751841,-0.675876805466918,-5.5175895809911E-16));
#9604=DIRECTION('',(0.750835271260529,-0.660489511976631,-5.39197383536064E-16));
#9605=DIRECTION('',(0.765558630606218,-0.643366134564396,-5.25218539086415E-16));
#9606=DIRECTION('',(0.781087300463711,-0.624421835824399,-5.09753166864283E-16));
#9607=DIRECTION('',(0.797306369017949,-0.603574812200951,-4.92734485698298E-16));
#9608=DIRECTION('',(0.814081781566556,-0.580750250039913,-4.74101420694692E-16));
#9609=DIRECTION('',(0.8312592547044,-0.555884926462559,-4.53802359207798E-16));
#9610=DIRECTION('',(0.848666854242983,-0.528927755472634,-4.31795596660156E-16));
#9611=DIRECTION('',(0.866224854692381,-0.499654381661127,-4.07897978214995E-16));
#9612=DIRECTION('',(0.883903325104995,-0.46766966105183,-3.81786924039638E-16));
#9613=DIRECTION('',(0.901141077690452,-0.433525960121064,-3.53913364161265E-16));
#9614=DIRECTION('',(0.918489677372174,-0.395444955159071,-3.22825545807503E-16));
#9615=DIRECTION('',(0.935602536910085,-0.353055084834383,-2.88220141077172E-16));
#9616=DIRECTION('',(0.951403635901752,-0.307946621337085,-2.51395384954858E-16));
#9617=DIRECTION('',(0.96583736496191,-0.259148961879908,-2.11558915912815E-16));
#9618=DIRECTION('',(0.978419113906478,-0.206630195137261,-1.68684682810321E-16));
#9619=DIRECTION('',(0.988614614680443,-0.150469743271659,-1.22837522739737E-16));
#9620=DIRECTION('',(0.995861365318285,-0.0908853182114806,-7.41951670601212E-17));
#9621=DIRECTION('',(0.99960075760837,-0.028254652515531,-2.30659816113123E-17));
#9622=DIRECTION('',(1.,6.61744645998568E-24,-6.61744646549141E-24));
#9623=DIRECTION('',(6.61744645998567E-24,-1.,-8.16360243107887E-16));
#9624=DIRECTION('center_axis',(-6.61744646549142E-24,8.16360243107887E-16,
-1.));
#9625=DIRECTION('ref_axis',(-1.,-6.61744645998568E-24,6.61744646549142E-24));
#9626=DIRECTION('',(-1.,-6.61744645998568E-24,6.61744646549141E-24));
#9627=DIRECTION('center_axis',(-6.61744646549142E-24,8.16360243107887E-16,
-1.));
#9628=DIRECTION('ref_axis',(1.,6.61744645998568E-24,-6.61744646549142E-24));
#9629=DIRECTION('',(6.61744645998567E-24,-1.,-8.16360243107887E-16));
#9630=DIRECTION('center_axis',(-6.61744646549142E-24,8.16360243107887E-16,
-1.));
#9631=DIRECTION('ref_axis',(-6.61744645998567E-24,1.,8.16360243107887E-16));
#9632=DIRECTION('',(1.,6.61744645998568E-24,-6.61744646549141E-24));
#9633=DIRECTION('center_axis',(-6.61744646549142E-24,8.16360243107887E-16,
-1.));
#9634=DIRECTION('ref_axis',(-1.,-6.61744645998568E-24,6.61744646549141E-24));
#9635=DIRECTION('',(-6.61744645998567E-24,1.,8.16360243107887E-16));
#9636=DIRECTION('center_axis',(-6.61744646549142E-24,8.16360243107887E-16,
-1.));
#9637=DIRECTION('ref_axis',(6.61744645998567E-24,-1.,-8.16360243107887E-16));
#9638=DIRECTION('',(-1.,-6.61744645998568E-24,6.61744646549142E-24));
#9639=DIRECTION('center_axis',(-6.61744646549142E-24,8.16360243107887E-16,
-1.));
#9640=DIRECTION('ref_axis',(-6.61744645998567E-24,1.,8.16360243107887E-16));
#9641=DIRECTION('',(-6.61744645998567E-24,1.,8.16360243107887E-16));
#9642=DIRECTION('',(1.,6.61744645998568E-24,-6.61744646549141E-24));
#9643=DIRECTION('',(0.85742850093826,0.514603114816426,4.20101518241626E-16));
#9644=DIRECTION('',(0.796023165785618,0.60526615594517,4.94115220944734E-16));
#9645=DIRECTION('',(0.70109660484752,0.713066301735877,5.82118974797673E-16));
#9646=DIRECTION('',(-6.61744645998567E-24,1.,8.16360243107887E-16));
#9647=DIRECTION('',(0.963076857129191,0.26922660949869,2.19785894008353E-16));
#9648=DIRECTION('',(-6.61744645998567E-24,1.,8.16360243107887E-16));
#9649=DIRECTION('',(1.,6.61744645998568E-24,-6.61744646549141E-24));
#9650=DIRECTION('',(6.61744645998567E-24,-1.,-8.16360243107887E-16));
#9651=DIRECTION('',(1.,6.61744645998568E-24,-6.61744646549141E-24));
#9652=DIRECTION('',(-6.61744645998567E-24,1.,8.16360243107887E-16));
#9653=DIRECTION('',(1.,6.61744645998568E-24,-6.61744646549141E-24));
#9654=DIRECTION('',(-8.32364826913498E-8,0.999999999999997,8.16360243107885E-16));
#9655=DIRECTION('',(-1.,-6.61744645998568E-24,6.61744646549141E-24));
#9656=DIRECTION('',(6.61744645998567E-24,-1.,-8.16360243107887E-16));
#9657=DIRECTION('center_axis',(6.61744646549142E-24,-8.16360243107887E-16,
1.));
#9658=DIRECTION('ref_axis',(1.,6.61744645998568E-24,-6.61744646549141E-24));
#9659=DIRECTION('center_axis',(-6.61744646549142E-24,8.16360243107887E-16,
-1.));
#9660=DIRECTION('ref_axis',(6.61744645998567E-24,-1.,-8.16360243107887E-16));
#9661=DIRECTION('center_axis',(6.61744646549142E-24,-8.16360243107887E-16,
1.));
#9662=DIRECTION('ref_axis',(-6.61744645998567E-24,1.,8.16360243107887E-16));
#9663=DIRECTION('',(-2.5953683577643E-17,9.27382472215306E-16,0.999999999999998));
#9664=DIRECTION('',(1.,-3.88578157880477E-16,1.72084568816898E-15));
#9665=DIRECTION('',(0.,0.,1.));
#9666=DIRECTION('',(1.,0.,0.));
#9667=DIRECTION('',(0.,0.,1.));
#9668=DIRECTION('',(1.,0.,0.));
#9669=DIRECTION('',(0.,0.,1.));
#9670=DIRECTION('',(1.,0.,0.));
#9671=DIRECTION('',(0.,0.,1.));
#9672=DIRECTION('',(1.,0.,0.));
#9673=DIRECTION('',(0.,0.,1.));
#9674=DIRECTION('',(1.,0.,0.));
#9675=DIRECTION('',(0.,0.,1.));
#9676=DIRECTION('',(1.,0.,0.));
#9677=DIRECTION('',(0.,0.,1.));
#9678=DIRECTION('',(1.,0.,0.));
#9679=DIRECTION('',(0.,0.,1.));
#9680=DIRECTION('',(1.,0.,0.));
#9681=DIRECTION('',(2.43722021086444E-15,3.32738822227517E-15,0.999999999999997));
#9682=DIRECTION('',(1.,-2.55112850727803E-15,5.26501398018648E-16));
#9683=DIRECTION('',(-4.44374799776919E-16,3.6558578176309E-15,0.999999999999999));
#9684=DIRECTION('',(1.,1.11022172808387E-15,-4.85722573273509E-16));
#9685=DIRECTION('',(-5.09213869468657E-16,1.41335240585643E-31,1.));
#9686=DIRECTION('',(1.,0.,2.91433543964101E-16));
#9687=DIRECTION('',(-3.80409679978999E-15,-0.999999918029215,-0.000404896975924577));
#9688=DIRECTION('',(1.,9.75726061893404E-16,-2.23316745481738E-16));
#9689=DIRECTION('',(-8.52509163665595E-15,-0.99999991802922,-0.000404896975921744));
#9690=DIRECTION('',(1.,-3.64071845088851E-15,5.7009591338881E-16));
#9691=DIRECTION('',(-6.2026089528593E-16,-9.27382472215308E-16,0.999999999999998));
#9692=DIRECTION('',(1.,3.88578157880478E-16,4.02455846426615E-16));
#9693=CARTESIAN_POINT('',(0.,0.,0.));
#9694=CARTESIAN_POINT('',(0.,0.,0.));
#9695=CARTESIAN_POINT('',(0.,0.,0.));
#9696=CARTESIAN_POINT('',(0.,0.,0.));
#9697=CARTESIAN_POINT('',(0.,0.,0.));
#9698=CARTESIAN_POINT('',(0.,0.,0.));
#9699=CARTESIAN_POINT('',(0.,0.,0.));
#9700=CARTESIAN_POINT('',(0.,0.,0.));
#9701=CARTESIAN_POINT('',(0.,0.,0.));
#9702=CARTESIAN_POINT('',(0.,0.,0.));
#9703=CARTESIAN_POINT('Origin',(-161.000000000001,-17.610740716419,563.006860829581));
#9704=CARTESIAN_POINT('',(-161.000000000001,-27.6123594846148,567.002811531939));
#9705=CARTESIAN_POINT('',(-165.000000000001,-27.6107398967111,563.002811859822));
#9706=CARTESIAN_POINT('Origin',(-161.000000000001,-27.6107398967111,563.002811859822));
#9707=CARTESIAN_POINT('',(-165.000000000001,-17.610740716419,563.006860829581));
#9708=CARTESIAN_POINT('',(-165.000000000001,-17.610740716419,563.006860829581));
#9709=CARTESIAN_POINT('',(-161.000000000001,-17.6123603043227,567.006860501698));
#9710=CARTESIAN_POINT('Origin',(-161.000000000001,-17.610740716419,563.006860829581));
#9711=CARTESIAN_POINT('',(-161.000000000001,-17.6123603043227,567.006860501698));
#9712=CARTESIAN_POINT('Origin',(-165.000000000001,-17.5082708530629,556.9069018193));
#9713=CARTESIAN_POINT('',(-165.000000000001,-27.6083105148556,557.002812351647));
#9714=CARTESIAN_POINT('',(-165.000000000001,-27.6083105148556,557.002812351647));
#9715=CARTESIAN_POINT('',(-165.000000000001,-17.6083113345634,557.006861321406));
#9716=CARTESIAN_POINT('',(-165.000000000001,-17.6083113345634,557.006861321406));
#9717=CARTESIAN_POINT('',(-165.,-17.5192339998599,337.006879354978));
#9718=CARTESIAN_POINT('Origin',(-181.160000000004,-17.4483113476787,557.006926104922));
#9719=CARTESIAN_POINT('',(-181.000000000004,-27.6083105148556,557.002812351647));
#9720=CARTESIAN_POINT('',(-181.000000000004,-27.6083105148556,557.002812351647));
#9721=CARTESIAN_POINT('',(-181.000000000004,-17.6083113345634,557.006861321406));
#9722=CARTESIAN_POINT('',(-181.000000000004,-17.6083113345634,557.006861321406));
#9723=CARTESIAN_POINT('',(-181.000000000004,-17.6083113345634,557.006861321406));
#9724=CARTESIAN_POINT('Origin',(-181.000000000005,-17.6099309224671,561.006860993523));
#9725=CARTESIAN_POINT('',(-185.000000000005,-27.6099301027593,561.002812023764));
#9726=CARTESIAN_POINT('Origin',(-181.000000000005,-27.6099301027593,561.002812023764));
#9727=CARTESIAN_POINT('',(-185.000000000005,-17.6099309224671,561.006860993524));
#9728=CARTESIAN_POINT('',(-185.000000000005,-17.6099309224671,561.006860993524));
#9729=CARTESIAN_POINT('Origin',(-181.000000000005,-17.6099309224671,561.006860993523));
#9730=CARTESIAN_POINT('Origin',(-184.999999999999,-17.3030172189596,593.32698791126));
#9731=CARTESIAN_POINT('',(-184.999999999999,-27.6228868059889,593.002809400699));
#9732=CARTESIAN_POINT('',(-184.999999999999,-27.6228868059889,593.002809400699));
#9733=CARTESIAN_POINT('',(-184.999999999999,-17.6228876256967,593.006858370459));
#9734=CARTESIAN_POINT('',(-184.999999999999,-17.6228876256967,593.006858370459));
#9735=CARTESIAN_POINT('',(-184.999999999999,-17.6228876256967,593.006858370459));
#9736=CARTESIAN_POINT('Origin',(-181.,-17.6228876256967,593.006858370458));
#9737=CARTESIAN_POINT('',(-180.999999999999,-27.6245063938926,597.002809072816));
#9738=CARTESIAN_POINT('Origin',(-181.,-27.6228868059889,593.002809400699));
#9739=CARTESIAN_POINT('',(-180.999999999999,-17.6245072136004,597.006858042575));
#9740=CARTESIAN_POINT('',(-180.999999999999,-17.6245072136004,597.006858042575));
#9741=CARTESIAN_POINT('Origin',(-181.,-17.6228876256967,593.006858370458));
#9742=CARTESIAN_POINT('Origin',(-155.,-17.6204582438411,587.006858862282));
#9743=CARTESIAN_POINT('',(-153.4,-17.6204582438411,587.006858862282));
#9744=CARTESIAN_POINT('Origin',(-155.,-17.6204582438411,587.006858862282));
#9745=CARTESIAN_POINT('',(-153.4,-27.6204574241333,587.002809892523));
#9746=CARTESIAN_POINT('',(-153.4,-17.6204582438411,587.006858862282));
#9747=CARTESIAN_POINT('Origin',(-155.,-27.6204574241333,587.002809892523));
#9748=CARTESIAN_POINT('Origin',(-175.,-17.6123603043227,567.006860501698));
#9749=CARTESIAN_POINT('',(-173.4,-17.6123603043227,567.006860501698));
#9750=CARTESIAN_POINT('Origin',(-175.,-17.6123603043227,567.006860501698));
#9751=CARTESIAN_POINT('',(-173.4,-27.6123594846148,567.002811531939));
#9752=CARTESIAN_POINT('',(-173.4,-17.6123603043227,567.006860501698));
#9753=CARTESIAN_POINT('Origin',(-175.,-27.6123594846148,567.002811531939));
#9754=CARTESIAN_POINT('Origin',(-10.0000000000001,-17.6204582438412,587.006858862283));
#9755=CARTESIAN_POINT('',(-8.40000000000008,-17.6204582438412,587.006858862283));
#9756=CARTESIAN_POINT('Origin',(-10.0000000000001,-17.6204582438412,587.006858862283));
#9757=CARTESIAN_POINT('',(-8.40000000000008,-27.6204574241333,587.002809892524));
#9758=CARTESIAN_POINT('',(-8.40000000000008,-17.6204582438412,587.006858862283));
#9759=CARTESIAN_POINT('Origin',(-10.0000000000001,-27.6204574241333,587.002809892523));
#9760=CARTESIAN_POINT('Origin',(-168.3,-17.6177454341025,580.306859411487));
#9761=CARTESIAN_POINT('',(161.,-17.6123603043227,567.006860501698));
#9762=CARTESIAN_POINT('',(-2.845,-17.6123603043227,567.006860501698));
#9763=CARTESIAN_POINT('',(-165.,-17.5192339998599,337.006879354978));
#9764=CARTESIAN_POINT('',(-165.000000000001,-17.5273319393784,357.006877715563));
#9765=CARTESIAN_POINT('',(-165.,-17.5192339998599,337.006879354978));
#9766=CARTESIAN_POINT('',(-165.000000000001,-17.5249025575229,351.006878207387));
#9767=CARTESIAN_POINT('',(-165.,-17.5192339998599,337.006879354978));
#9768=CARTESIAN_POINT('',(-161.000000000001,-17.5232829696192,347.00687853527));
#9769=CARTESIAN_POINT('Origin',(-161.000000000001,-17.524902557523,351.006878207387));
#9770=CARTESIAN_POINT('',(161.,-17.5232829696192,347.006878535271));
#9771=CARTESIAN_POINT('',(-84.955,-17.5232829696192,347.006878535271));
#9772=CARTESIAN_POINT('',(165.,-17.5249025575229,351.006878207387));
#9773=CARTESIAN_POINT('Origin',(161.,-17.524902557523,351.006878207388));
#9774=CARTESIAN_POINT('',(165.000000000001,-17.5273319393784,357.006877715563));
#9775=CARTESIAN_POINT('',(165.,-17.6164092740819,577.00685968199));
#9776=CARTESIAN_POINT('',(165.000000000001,-17.6083113345634,557.006861321406));
#9777=CARTESIAN_POINT('',(165.,-17.6164092740819,577.00685968199));
#9778=CARTESIAN_POINT('',(165.,-17.610740716419,563.006860829581));
#9779=CARTESIAN_POINT('',(165.,-17.6164092740819,577.00685968199));
#9780=CARTESIAN_POINT('Origin',(161.,-17.610740716419,563.006860829581));
#9781=CARTESIAN_POINT('Origin',(-1.85005481860995,-27.6075592136653,555.147275824156));
#9782=CARTESIAN_POINT('',(161.,-27.6123594846148,567.002811531939));
#9783=CARTESIAN_POINT('',(161.,-27.6123594846148,567.002811531939));
#9784=CARTESIAN_POINT('',(165.,-27.6107398967111,563.002811859822));
#9785=CARTESIAN_POINT('Origin',(161.,-27.6107398967111,563.002811859822));
#9786=CARTESIAN_POINT('',(165.000000000001,-27.6083105148556,557.002812351646));
#9787=CARTESIAN_POINT('',(165.000000000001,-27.6083105148556,557.002812351646));
#9788=CARTESIAN_POINT('',(181.000000000006,-27.6083105148556,557.002812351647));
#9789=CARTESIAN_POINT('',(181.000000000006,-27.6083105148556,557.002812351647));
#9790=CARTESIAN_POINT('',(185.000000000005,-27.6099301027593,561.002812023765));
#9791=CARTESIAN_POINT('Origin',(181.000000000005,-27.6099301027593,561.002812023764));
#9792=CARTESIAN_POINT('',(184.999999999999,-27.6228868059889,593.0028094007));
#9793=CARTESIAN_POINT('',(184.999999999999,-27.6228868059889,593.0028094007));
#9794=CARTESIAN_POINT('',(180.999999999999,-27.6245063938926,597.002809072815));
#9795=CARTESIAN_POINT('Origin',(180.999999999999,-27.6228868059889,593.002809400699));
#9796=CARTESIAN_POINT('',(0.,-27.6245063938926,597.002809072816));
#9797=CARTESIAN_POINT('',(11.5999999999999,-27.6204574241333,587.002809892523));
#9798=CARTESIAN_POINT('Origin',(9.99999999999985,-27.6204574241333,587.002809892523));
#9799=CARTESIAN_POINT('',(153.4,-27.6204574241333,587.002809892523));
#9800=CARTESIAN_POINT('Origin',(155.,-27.6204574241333,587.002809892523));
#9801=CARTESIAN_POINT('',(173.4,-27.6123594846148,567.002811531939));
#9802=CARTESIAN_POINT('Origin',(175.,-27.6123594846148,567.002811531939));
#9803=CARTESIAN_POINT('Origin',(186.855536679591,-17.6075600333731,555.151324793915));
#9804=CARTESIAN_POINT('',(-165.,-17.6164092740819,577.00685968199));
#9805=CARTESIAN_POINT('',(165.,-17.6164092740819,577.00685968199));
#9806=CARTESIAN_POINT('',(-165.,-17.6164092740819,577.00685968199));
#9807=CARTESIAN_POINT('',(-165.,-17.5192339998599,337.006879354978));
#9808=CARTESIAN_POINT('',(180.999999999999,-17.6245072136004,597.006858042575));
#9809=CARTESIAN_POINT('',(0.,-17.6245072136004,597.006858042575));
#9810=CARTESIAN_POINT('',(184.999999999999,-17.6228876256967,593.006858370459));
#9811=CARTESIAN_POINT('Origin',(180.999999999999,-17.6228876256967,593.006858370458));
#9812=CARTESIAN_POINT('',(185.000000000005,-17.6099309224671,561.006860993524));
#9813=CARTESIAN_POINT('',(184.999999999999,-17.6228876256967,593.006858370459));
#9814=CARTESIAN_POINT('',(181.000000000006,-17.6083113345634,557.006861321406));
#9815=CARTESIAN_POINT('Origin',(181.000000000005,-17.6099309224671,561.006860993523));
#9816=CARTESIAN_POINT('',(181.000000000006,-17.6083113345634,557.006861321406));
#9817=CARTESIAN_POINT('',(165.,-17.6164092740819,577.00685968199));
#9818=CARTESIAN_POINT('',(165.,-17.6164092740819,577.00685968199));
#9819=CARTESIAN_POINT('',(11.5999999999999,-17.6204582438411,587.006858862282));
#9820=CARTESIAN_POINT('Origin',(9.99999999999985,-17.6204582438411,587.006858862282));
#9821=CARTESIAN_POINT('',(153.4,-17.6204582438412,587.006858862282));
#9822=CARTESIAN_POINT('Origin',(155.,-17.6204582438412,587.006858862282));
#9823=CARTESIAN_POINT('',(173.4,-17.6123603043227,567.006860501698));
#9824=CARTESIAN_POINT('Origin',(175.,-17.6123603043227,567.006860501698));
#9825=CARTESIAN_POINT('Origin',(162.61,-29.2223593526419,567.002159647807));
#9826=CARTESIAN_POINT('',(161.,-17.6123603043227,567.006860501698));
#9827=CARTESIAN_POINT('Origin',(161.,-17.610740716419,563.006860829581));
#9828=CARTESIAN_POINT('',(165.,-17.610740716419,563.006860829581));
#9829=CARTESIAN_POINT('Origin',(165.000000000001,-27.7082700169609,556.902771870146));
#9830=CARTESIAN_POINT('',(165.000000000001,-17.6083113345634,557.006861321406));
#9831=CARTESIAN_POINT('Origin',(181.160000000006,-27.7683105017403,557.002747568131));
#9832=CARTESIAN_POINT('',(181.000000000006,-17.6083113345634,557.006861321406));
#9833=CARTESIAN_POINT('Origin',(181.000000000005,-17.6099309224671,561.006860993523));
#9834=CARTESIAN_POINT('',(185.000000000005,-17.6099309224671,561.006860993524));
#9835=CARTESIAN_POINT('Origin',(184.999999999999,-27.9430163467906,593.322679807437));
#9836=CARTESIAN_POINT('',(184.999999999999,-17.6228876256967,593.006858370459));
#9837=CARTESIAN_POINT('Origin',(180.999999999999,-17.6228876256967,593.006858370458));
#9838=CARTESIAN_POINT('',(180.999999999999,-17.6245072136004,597.006858042575));
#9839=CARTESIAN_POINT('Origin',(-1.81000000000014,-29.4345062455254,597.002076209289));
#9840=CARTESIAN_POINT('Origin',(175.,-17.6123603043227,567.006860501698));
#9841=CARTESIAN_POINT('',(173.4,-17.6123603043227,567.006860501698));
#9842=CARTESIAN_POINT('Origin',(155.,-17.6204582438412,587.006858862282));
#9843=CARTESIAN_POINT('',(153.4,-17.6204582438412,587.006858862282));
#9844=CARTESIAN_POINT('Origin',(9.99999999999985,-17.6204582438411,587.006858862282));
#9845=CARTESIAN_POINT('',(11.5999999999999,-17.6204582438411,587.006858862282));
#9846=CARTESIAN_POINT('Origin',(-181.,5.37711048897526,593.016171000904));
#9847=CARTESIAN_POINT('',(-181.,-14.6245074595127,597.008072733503));
#9848=CARTESIAN_POINT('',(-184.999999999999,-14.622887871609,593.008073061386));
#9849=CARTESIAN_POINT('Origin',(-181.,-14.622887871609,593.008073061386));
#9850=CARTESIAN_POINT('',(-181.,5.37549090107156,597.016170673021));
#9851=CARTESIAN_POINT('',(-181.,5.37549090107156,597.016170673021));
#9852=CARTESIAN_POINT('',(-184.999999999999,5.37711048897527,593.016171000905));
#9853=CARTESIAN_POINT('Origin',(-181.,5.37711048897526,593.016171000904));
#9854=CARTESIAN_POINT('',(-185.,5.37711048897527,593.016171000905));
#9855=CARTESIAN_POINT('Origin',(-185.000000000005,-14.9298015751165,560.68794614365));
#9856=CARTESIAN_POINT('',(-185.000000000005,-14.6099311683795,561.008075684451));
#9857=CARTESIAN_POINT('',(-185.000000000005,-14.6099311683795,561.008075684451));
#9858=CARTESIAN_POINT('',(-185.000000000005,5.39006719220485,561.01617362397));
#9859=CARTESIAN_POINT('',(-185.000000000005,5.39006719220485,561.01617362397));
#9860=CARTESIAN_POINT('',(-185.000000000005,5.39006719220485,561.01617362397));
#9861=CARTESIAN_POINT('Origin',(-181.000000000005,5.39006719220485,561.016173623969));
#9862=CARTESIAN_POINT('',(-181.000000000004,-14.6083115804757,557.008076012334));
#9863=CARTESIAN_POINT('Origin',(-181.000000000005,-14.6099311683795,561.008075684451));
#9864=CARTESIAN_POINT('',(-181.000000000004,5.39168678010856,557.016173951852));
#9865=CARTESIAN_POINT('Origin',(-181.000000000005,5.39006719220485,561.016173623969));
#9866=CARTESIAN_POINT('',(-181.000000000004,5.39168678010856,557.016173951852));
#9867=CARTESIAN_POINT('Origin',(-164.800000000001,-14.8083115640816,557.007995032938));
#9868=CARTESIAN_POINT('',(-165.000000000001,-14.6083115804758,557.008076012334));
#9869=CARTESIAN_POINT('',(-165.000000000001,-14.6083115804758,557.008076012334));
#9870=CARTESIAN_POINT('',(-165.000000000001,5.39168678010855,557.016173951852));
#9871=CARTESIAN_POINT('',(-165.000000000001,5.39168678010855,557.016173951852));
#9872=CARTESIAN_POINT('',(-165.,-17.4083113509576,557.006942300801));
#9873=CARTESIAN_POINT('Origin',(-155.,5.37953987083081,587.016171492729));
#9874=CARTESIAN_POINT('',(-153.4,1.37954019871395,587.014551904825));
#9875=CARTESIAN_POINT('Origin',(-155.,1.37954019871395,587.014551904825));
#9876=CARTESIAN_POINT('',(-153.4,-14.6204584897535,587.00807355321));
#9877=CARTESIAN_POINT('',(-153.4,5.37953987083081,587.016171492729));
#9878=CARTESIAN_POINT('Origin',(-155.,-14.6204584897535,587.00807355321));
#9879=CARTESIAN_POINT('Origin',(-175.,5.38763781034929,567.016173132144));
#9880=CARTESIAN_POINT('',(-173.4,1.38763813823245,567.01455354424));
#9881=CARTESIAN_POINT('Origin',(-175.,1.38763813823245,567.01455354424));
#9882=CARTESIAN_POINT('',(-173.4,-14.612360550235,567.008075192625));
#9883=CARTESIAN_POINT('',(-173.4,5.38763781034929,567.016173132144));
#9884=CARTESIAN_POINT('Origin',(-175.,-14.612360550235,567.008075192626));
#9885=CARTESIAN_POINT('Origin',(-10.0000000000001,5.3795398708308,587.016171492729));
#9886=CARTESIAN_POINT('',(-8.40000000000008,1.37954019871394,587.014551904825));
#9887=CARTESIAN_POINT('Origin',(-10.0000000000001,1.37954019871394,587.014551904825));
#9888=CARTESIAN_POINT('',(-8.40000000000008,-14.6204584897535,587.00807355321));
#9889=CARTESIAN_POINT('',(-8.40000000000008,5.3795398708308,587.016171492729));
#9890=CARTESIAN_POINT('Origin',(-10.0000000000001,-14.6204584897535,587.00807355321));
#9891=CARTESIAN_POINT('Origin',(-158.297824737611,1.3807000921929,584.149888909494));
#9892=CARTESIAN_POINT('',(-156.616580753731,1.38067391024655,584.214552134343));
#9893=CARTESIAN_POINT('',(-153.383419246269,1.38067391024655,584.214552134343));
#9894=CARTESIAN_POINT('',(-156.616580753731,1.38067391024655,584.214552134343));
#9895=CARTESIAN_POINT('',(-158.233161507462,1.37954019871395,587.014551904825));
#9896=CARTESIAN_POINT('',(-158.233161507462,1.37954019871395,587.014551904825));
#9897=CARTESIAN_POINT('',(-156.616580753731,1.37840648718138,589.814551675307));
#9898=CARTESIAN_POINT('',(-156.616580753731,1.37840648718138,589.814551675307));
#9899=CARTESIAN_POINT('',(-153.383419246269,1.37840648718138,589.814551675307));
#9900=CARTESIAN_POINT('',(-153.383419246269,1.37840648718138,589.814551675307));
#9901=CARTESIAN_POINT('',(-151.766838492538,1.37954019871395,587.014551904825));
#9902=CARTESIAN_POINT('',(-151.766838492538,1.37954019871395,587.014551904825));
#9903=CARTESIAN_POINT('',(-153.383419246269,1.38067391024655,584.214552134343));
#9904=CARTESIAN_POINT('Origin',(-156.656580753731,5.42067357908457,584.216187918126));
#9905=CARTESIAN_POINT('',(-153.383419246269,5.38067358236341,584.216171722247));
#9906=CARTESIAN_POINT('',(-153.383419246269,5.3806735823634,584.216171722247));
#9907=CARTESIAN_POINT('',(-156.616580753731,5.38067358236341,584.216171722247));
#9908=CARTESIAN_POINT('',(-153.383419246269,5.38067358236341,584.216171722247));
#9909=CARTESIAN_POINT('',(-156.616580753731,5.3806735823634,584.216171722247));
#9910=CARTESIAN_POINT('Origin',(-158.253161507462,5.4195258415093,587.050828701919));
#9911=CARTESIAN_POINT('',(-158.233161507462,5.37953987083082,587.016171492729));
#9912=CARTESIAN_POINT('',(-156.616580753731,5.38067358236341,584.216171722247));
#9913=CARTESIAN_POINT('',(-158.233161507462,5.37953987083081,587.016171492729));
#9914=CARTESIAN_POINT('Origin',(-156.596580753731,5.41839212997671,589.850828472401));
#9915=CARTESIAN_POINT('',(-156.616580753731,5.37840615929823,589.81617126321));
#9916=CARTESIAN_POINT('',(-158.233161507462,5.37953987083082,587.016171492729));
#9917=CARTESIAN_POINT('',(-156.616580753731,5.37840615929822,589.81617126321));
#9918=CARTESIAN_POINT('Origin',(-153.343419246269,5.41840615601939,589.81618745909));
#9919=CARTESIAN_POINT('',(-153.383419246269,5.37840615929823,589.81617126321));
#9920=CARTESIAN_POINT('',(-156.616580753731,5.37840615929824,589.81617126321));
#9921=CARTESIAN_POINT('',(-153.383419246269,5.37840615929822,589.81617126321));
#9922=CARTESIAN_POINT('Origin',(-151.746838492538,5.41955389359466,586.981546675296));
#9923=CARTESIAN_POINT('',(-151.766838492538,5.37953987083082,587.016171492729));
#9924=CARTESIAN_POINT('',(-153.383419246269,5.37840615929823,589.81617126321));
#9925=CARTESIAN_POINT('',(-151.766838492538,5.37953987083081,587.016171492729));
#9926=CARTESIAN_POINT('Origin',(-153.403419246269,5.42068760512725,584.181546904814));
#9927=CARTESIAN_POINT('',(-151.766838492538,5.37953987083082,587.016171492729));
#9928=CARTESIAN_POINT('Origin',(-178.297824737611,1.38879803171138,564.14989054891));
#9929=CARTESIAN_POINT('',(-176.616580753731,1.38877184976504,564.214553773759));
#9930=CARTESIAN_POINT('',(-173.383419246269,1.38877184976503,564.214553773759));
#9931=CARTESIAN_POINT('',(-176.616580753731,1.38877184976504,564.214553773759));
#9932=CARTESIAN_POINT('',(-178.233161507462,1.38763813823245,567.01455354424));
#9933=CARTESIAN_POINT('',(-178.233161507462,1.38763813823245,567.01455354424));
#9934=CARTESIAN_POINT('',(-176.616580753731,1.38650442669986,569.814553314722));
#9935=CARTESIAN_POINT('',(-176.616580753731,1.38650442669986,569.814553314722));
#9936=CARTESIAN_POINT('',(-173.383419246269,1.38650442669986,569.814553314722));
#9937=CARTESIAN_POINT('',(-173.383419246269,1.38650442669986,569.814553314722));
#9938=CARTESIAN_POINT('',(-171.766838492538,1.38763813823245,567.01455354424));
#9939=CARTESIAN_POINT('',(-171.766838492538,1.38763813823245,567.01455354424));
#9940=CARTESIAN_POINT('',(-173.383419246269,1.38877184976503,564.214553773759));
#9941=CARTESIAN_POINT('Origin',(-176.656580753731,5.42877151860306,564.216189557541));
#9942=CARTESIAN_POINT('',(-173.383419246269,5.38877152188191,564.216173361662));
#9943=CARTESIAN_POINT('',(-173.383419246269,5.38877152188189,564.216173361662));
#9944=CARTESIAN_POINT('',(-176.616580753731,5.38877152188191,564.216173361662));
#9945=CARTESIAN_POINT('',(-173.383419246269,5.38877152188192,564.216173361662));
#9946=CARTESIAN_POINT('',(-176.616580753731,5.38877152188189,564.216173361662));
#9947=CARTESIAN_POINT('Origin',(-178.253161507462,5.42762378102778,567.050830341335));
#9948=CARTESIAN_POINT('',(-178.233161507462,5.38763781034931,567.016173132144));
#9949=CARTESIAN_POINT('',(-176.616580753731,5.38877152188192,564.216173361662));
#9950=CARTESIAN_POINT('',(-178.233161507462,5.38763781034929,567.016173132144));
#9951=CARTESIAN_POINT('Origin',(-176.596580753731,5.4264900694952,569.850830111817));
#9952=CARTESIAN_POINT('',(-176.616580753731,5.38650409881673,569.816172902626));
#9953=CARTESIAN_POINT('',(-178.233161507462,5.38763781034932,567.016173132144));
#9954=CARTESIAN_POINT('',(-176.616580753731,5.38650409881672,569.816172902626));
#9955=CARTESIAN_POINT('Origin',(-173.343419246269,5.42650409553788,569.816189098505));
#9956=CARTESIAN_POINT('',(-173.383419246269,5.38650409881673,569.816172902626));
#9957=CARTESIAN_POINT('',(-176.616580753731,5.38650409881674,569.816172902626));
#9958=CARTESIAN_POINT('',(-173.383419246269,5.38650409881672,569.816172902626));
#9959=CARTESIAN_POINT('Origin',(-171.746838492538,5.42765183311314,566.981548314712));
#9960=CARTESIAN_POINT('',(-171.766838492538,5.38763781034931,567.016173132144));
#9961=CARTESIAN_POINT('',(-173.383419246269,5.38650409881674,569.816172902626));
#9962=CARTESIAN_POINT('',(-171.766838492538,5.38763781034929,567.016173132144));
#9963=CARTESIAN_POINT('Origin',(-173.403419246269,5.42878554464574,564.18154854423));
#9964=CARTESIAN_POINT('',(-171.766838492538,5.38763781034932,567.016173132144));
#9965=CARTESIAN_POINT('Origin',(-13.2978247376112,1.38070009219287,584.149888909495));
#9966=CARTESIAN_POINT('',(-11.6165807537311,1.38067391024653,584.214552134343));
#9967=CARTESIAN_POINT('',(-8.38341924626909,1.38067391024653,584.214552134343));
#9968=CARTESIAN_POINT('',(-11.6165807537311,1.38067391024653,584.214552134343));
#9969=CARTESIAN_POINT('',(-13.233161507462,1.37954019871394,587.014551904825));
#9970=CARTESIAN_POINT('',(-13.233161507462,1.37954019871394,587.014551904825));
#9971=CARTESIAN_POINT('',(-11.6165807537311,1.37840648718135,589.814551675307));
#9972=CARTESIAN_POINT('',(-11.6165807537311,1.37840648718135,589.814551675307));
#9973=CARTESIAN_POINT('',(-8.38341924626909,1.37840648718135,589.814551675307));
#9974=CARTESIAN_POINT('',(-8.38341924626909,1.37840648718135,589.814551675307));
#9975=CARTESIAN_POINT('',(-6.7668384925382,1.37954019871394,587.014551904825));
#9976=CARTESIAN_POINT('',(-6.7668384925382,1.37954019871394,587.014551904825));
#9977=CARTESIAN_POINT('',(-8.38341924626909,1.38067391024653,584.214552134343));
#9978=CARTESIAN_POINT('Origin',(-11.6565807537311,5.42067357908454,584.216187918126));
#9979=CARTESIAN_POINT('',(-8.38341924626907,5.38067358236339,584.216171722247));
#9980=CARTESIAN_POINT('',(-8.38341924626909,5.38067358236337,584.216171722247));
#9981=CARTESIAN_POINT('',(-11.6165807537311,5.38067358236339,584.216171722247));
#9982=CARTESIAN_POINT('',(-8.38341924626908,5.3806735823634,584.216171722247));
#9983=CARTESIAN_POINT('',(-11.6165807537311,5.38067358236337,584.216171722247));
#9984=CARTESIAN_POINT('Origin',(-13.253161507462,5.41952584150928,587.05082870192));
#9985=CARTESIAN_POINT('',(-13.233161507462,5.37953987083082,587.016171492729));
#9986=CARTESIAN_POINT('',(-11.6165807537311,5.3806735823634,584.216171722247));
#9987=CARTESIAN_POINT('',(-13.233161507462,5.3795398708308,587.016171492729));
#9988=CARTESIAN_POINT('Origin',(-11.5965807537311,5.41839212997668,589.850828472401));
#9989=CARTESIAN_POINT('',(-11.6165807537311,5.37840615929821,589.816171263211));
#9990=CARTESIAN_POINT('',(-13.2331615074619,5.37953987083083,587.016171492729));
#9991=CARTESIAN_POINT('',(-11.6165807537311,5.37840615929819,589.816171263211));
#9992=CARTESIAN_POINT('Origin',(-8.34341924626909,5.41840615601936,589.81618745909));
#9993=CARTESIAN_POINT('',(-8.38341924626908,5.37840615929821,589.816171263211));
#9994=CARTESIAN_POINT('',(-11.6165807537311,5.37840615929822,589.816171263211));
#9995=CARTESIAN_POINT('',(-8.38341924626909,5.37840615929819,589.816171263211));
#9996=CARTESIAN_POINT('Origin',(-6.7468384925382,5.41955389359465,586.981546675296));
#9997=CARTESIAN_POINT('',(-6.76683849253818,5.37953987083081,587.016171492729));
#9998=CARTESIAN_POINT('',(-8.38341924626906,5.37840615929822,589.816171263211));
#9999=CARTESIAN_POINT('',(-6.7668384925382,5.3795398708308,587.016171492729));
#10000=CARTESIAN_POINT('Origin',(-8.40341924626908,5.42068760512722,584.181546904814));
#10001=CARTESIAN_POINT('',(-6.76683849253817,5.37953987083082,587.016171492729));
#10002=CARTESIAN_POINT('Origin',(-168.3,-20.9164090035784,577.00552352197));
#10003=CARTESIAN_POINT('',(165.,-14.6164095199943,577.008074372918));
#10004=CARTESIAN_POINT('',(-165.,-14.6164095199943,577.008074372918));
#10005=CARTESIAN_POINT('',(-85.075024090876,-14.6164095199942,577.008074372918));
#10006=CARTESIAN_POINT('',(-165.,5.38358884059003,577.016172312436));
#10007=CARTESIAN_POINT('',(165.,5.38358884059003,577.016172312436));
#10008=CARTESIAN_POINT('Origin',(-165.,-19.9182620503878,334.605907798966));
#10009=CARTESIAN_POINT('',(-165.,-14.5629124959522,444.883057794005));
#10010=CARTESIAN_POINT('',(-165.000000000001,5.47266617529352,357.016190346009));
#10011=CARTESIAN_POINT('',(-165.,5.48076411481209,337.016191985425));
#10012=CARTESIAN_POINT('',(-165.000000000001,-14.5273321852908,357.00809240649));
#10013=CARTESIAN_POINT('',(-165.,-17.3273319557726,357.006958694958));
#10014=CARTESIAN_POINT('',(-165.,-14.5192342457723,337.008094045906));
#10015=CARTESIAN_POINT('',(-165.,-14.5231718799611,346.733120658043));
#10016=CARTESIAN_POINT('',(-165.,-17.5192339998599,337.006879354978));
#10017=CARTESIAN_POINT('',(-165.,5.48076411481209,337.016191985425));
#10018=CARTESIAN_POINT('',(-165.,-17.5192339998599,337.006879354978));
#10019=CARTESIAN_POINT('Origin',(-1.85004818175198,-14.6075625015616,555.158027982231));
#10020=CARTESIAN_POINT('',(180.999999999999,-14.6245074595128,597.008072733502));
#10021=CARTESIAN_POINT('',(180.999999999999,-14.6245074595128,597.008072733502));
#10022=CARTESIAN_POINT('',(165.000000000001,-14.6083115804758,557.008076012333));
#10023=CARTESIAN_POINT('',(165.,-14.612471887149,567.283051079209));
#10024=CARTESIAN_POINT('',(181.000000000006,-14.6083115804758,557.008076012334));
#10025=CARTESIAN_POINT('',(165.000000000001,-14.6083115804758,557.008076012333));
#10026=CARTESIAN_POINT('',(185.000000000005,-14.6099311683795,561.008075684452));
#10027=CARTESIAN_POINT('Origin',(181.000000000005,-14.6099311683795,561.008075684451));
#10028=CARTESIAN_POINT('',(184.999999999999,-14.6228878716091,593.008073061387));
#10029=CARTESIAN_POINT('',(185.000000000005,-14.6099311683795,561.008075684452));
#10030=CARTESIAN_POINT('Origin',(180.999999999999,-14.6228878716091,593.008073061386));
#10031=CARTESIAN_POINT('',(11.5999999999999,-14.6204584897535,587.00807355321));
#10032=CARTESIAN_POINT('Origin',(9.99999999999985,-14.6204584897535,587.00807355321));
#10033=CARTESIAN_POINT('',(153.4,-14.6204584897535,587.00807355321));
#10034=CARTESIAN_POINT('Origin',(155.,-14.6204584897535,587.00807355321));
#10035=CARTESIAN_POINT('',(173.4,-14.612360550235,567.008075192625));
#10036=CARTESIAN_POINT('Origin',(175.,-14.612360550235,567.008075192626));
#10037=CARTESIAN_POINT('Origin',(182.809999999999,7.18549075270439,597.016903536547));
#10038=CARTESIAN_POINT('',(180.999999999999,5.37549090107152,597.016170673021));
#10039=CARTESIAN_POINT('',(180.999999999999,5.37549090107152,597.016170673021));
#10040=CARTESIAN_POINT('',(180.999999999999,5.37549090107152,597.016170673021));
#10041=CARTESIAN_POINT('Origin',(180.999999999999,5.37711048897524,593.016171000904));
#10042=CARTESIAN_POINT('',(184.999999999999,5.37711048897524,593.016171000905));
#10043=CARTESIAN_POINT('',(184.999999999999,5.37711048897524,593.016171000905));
#10044=CARTESIAN_POINT('Origin',(180.999999999999,5.37711048897524,593.016171000904));
#10045=CARTESIAN_POINT('Origin',(185.000000000005,5.71019673300647,560.696303217233));
#10046=CARTESIAN_POINT('',(185.000000000005,5.39006719220483,561.01617362397));
#10047=CARTESIAN_POINT('',(185.000000000005,5.39006719220483,561.01617362397));
#10048=CARTESIAN_POINT('',(185.000000000005,5.39006719220483,561.01617362397));
#10049=CARTESIAN_POINT('Origin',(181.000000000005,5.39006719220483,561.01617362397));
#10050=CARTESIAN_POINT('',(181.000000000006,5.39168678010853,557.016173951853));
#10051=CARTESIAN_POINT('',(181.000000000006,5.39168678010853,557.016173951853));
#10052=CARTESIAN_POINT('Origin',(181.000000000005,5.39006719220483,561.01617362397));
#10053=CARTESIAN_POINT('Origin',(164.800000000001,5.59168676371438,557.016254931247));
#10054=CARTESIAN_POINT('',(165.000000000001,5.39168678010854,557.016173951852));
#10055=CARTESIAN_POINT('',(165.,-7.2083121870596,557.011072249955));
#10056=CARTESIAN_POINT('',(165.000000000001,5.39168678010854,557.016173951852));
#10057=CARTESIAN_POINT('Origin',(175.,5.38763781034928,567.016173132144));
#10058=CARTESIAN_POINT('',(173.4,1.38763813823244,567.01455354424));
#10059=CARTESIAN_POINT('Origin',(175.,1.38763813823244,567.01455354424));
#10060=CARTESIAN_POINT('',(173.4,5.38763781034928,567.016173132144));
#10061=CARTESIAN_POINT('Origin',(155.,5.37953987083081,587.016171492729));
#10062=CARTESIAN_POINT('',(153.4,1.37954019871395,587.014551904825));
#10063=CARTESIAN_POINT('Origin',(155.,1.37954019871395,587.014551904825));
#10064=CARTESIAN_POINT('',(153.4,5.37953987083081,587.016171492729));
#10065=CARTESIAN_POINT('Origin',(9.99999999999986,5.37953987083082,587.016171492729));
#10066=CARTESIAN_POINT('',(11.5999999999999,1.37954019871396,587.014551904825));
#10067=CARTESIAN_POINT('Origin',(9.99999999999986,1.37954019871396,587.014551904825));
#10068=CARTESIAN_POINT('',(11.5999999999999,5.37953987083082,587.016171492729));
#10069=CARTESIAN_POINT('Origin',(6.70217526238873,1.38070009219289,584.149888909495));
#10070=CARTESIAN_POINT('',(8.38341924626886,1.38067391024655,584.214552134343));
#10071=CARTESIAN_POINT('',(11.6165807537309,1.38067391024655,584.214552134343));
#10072=CARTESIAN_POINT('',(8.38341924626886,1.38067391024655,584.214552134343));
#10073=CARTESIAN_POINT('',(6.76683849253797,1.37954019871396,587.014551904825));
#10074=CARTESIAN_POINT('',(6.76683849253797,1.37954019871396,587.014551904825));
#10075=CARTESIAN_POINT('',(8.38341924626886,1.37840648718138,589.814551675307));
#10076=CARTESIAN_POINT('',(8.38341924626886,1.37840648718138,589.814551675307));
#10077=CARTESIAN_POINT('',(11.6165807537309,1.37840648718138,589.814551675307));
#10078=CARTESIAN_POINT('',(11.6165807537309,1.37840648718138,589.814551675307));
#10079=CARTESIAN_POINT('',(13.2331615074617,1.37954019871396,587.014551904825));
#10080=CARTESIAN_POINT('',(13.2331615074617,1.37954019871396,587.014551904825));
#10081=CARTESIAN_POINT('',(11.6165807537309,1.38067391024655,584.214552134343));
#10082=CARTESIAN_POINT('Origin',(8.34341924626886,5.42067357908456,584.216187918126));
#10083=CARTESIAN_POINT('',(11.6165807537309,5.38067358236341,584.216171722247));
#10084=CARTESIAN_POINT('',(11.6165807537309,5.38067358236339,584.216171722247));
#10085=CARTESIAN_POINT('',(8.38341924626886,5.38067358236341,584.216171722247));
#10086=CARTESIAN_POINT('',(11.6165807537309,5.38067358236342,584.216171722247));
#10087=CARTESIAN_POINT('',(8.38341924626886,5.3806735823634,584.216171722247));
#10088=CARTESIAN_POINT('Origin',(6.74683849253797,5.41952584150931,587.05082870192));
#10089=CARTESIAN_POINT('',(6.76683849253797,5.37953987083084,587.016171492729));
#10090=CARTESIAN_POINT('',(8.38341924626886,5.38067358236342,584.216171722247));
#10091=CARTESIAN_POINT('',(6.76683849253797,5.37953987083082,587.016171492729));
#10092=CARTESIAN_POINT('Origin',(8.40341924626886,5.4183921299767,589.850828472401));
#10093=CARTESIAN_POINT('',(8.38341924626887,5.37840615929824,589.81617126321));
#10094=CARTESIAN_POINT('',(6.76683849253803,5.37953987083085,587.016171492729));
#10095=CARTESIAN_POINT('',(8.38341924626886,5.37840615929822,589.81617126321));
#10096=CARTESIAN_POINT('Origin',(11.6565807537309,5.41840615601939,589.81618745909));
#10097=CARTESIAN_POINT('',(11.6165807537308,5.37840615929824,589.81617126321));
#10098=CARTESIAN_POINT('',(8.38341924626886,5.37840615929825,589.81617126321));
#10099=CARTESIAN_POINT('',(11.6165807537309,5.37840615929822,589.81617126321));
#10100=CARTESIAN_POINT('Origin',(13.2531615074617,5.41955389359467,586.981546675296));
#10101=CARTESIAN_POINT('',(13.2331615074617,5.37953987083084,587.016171492729));
#10102=CARTESIAN_POINT('',(11.6165807537308,5.37840615929825,589.816171263211));
#10103=CARTESIAN_POINT('',(13.2331615074617,5.37953987083082,587.016171492729));
#10104=CARTESIAN_POINT('Origin',(11.5965807537309,5.42068760512725,584.181546904814));
#10105=CARTESIAN_POINT('',(13.2331615074617,5.37953987083085,587.016171492729));
#10106=CARTESIAN_POINT('Origin',(151.702175262389,1.38070009219288,584.149888909494));
#10107=CARTESIAN_POINT('',(153.383419246269,1.38067391024654,584.214552134343));
#10108=CARTESIAN_POINT('',(156.616580753731,1.38067391024654,584.214552134343));
#10109=CARTESIAN_POINT('',(153.383419246269,1.38067391024654,584.214552134343));
#10110=CARTESIAN_POINT('',(151.766838492538,1.37954019871395,587.014551904825));
#10111=CARTESIAN_POINT('',(151.766838492538,1.37954019871395,587.014551904825));
#10112=CARTESIAN_POINT('',(153.383419246269,1.37840648718138,589.814551675307));
#10113=CARTESIAN_POINT('',(153.383419246269,1.37840648718138,589.814551675307));
#10114=CARTESIAN_POINT('',(156.616580753731,1.37840648718138,589.814551675307));
#10115=CARTESIAN_POINT('',(156.616580753731,1.37840648718138,589.814551675307));
#10116=CARTESIAN_POINT('',(158.233161507462,1.37954019871395,587.014551904825));
#10117=CARTESIAN_POINT('',(158.233161507462,1.37954019871395,587.014551904825));
#10118=CARTESIAN_POINT('',(156.616580753731,1.38067391024654,584.214552134343));
#10119=CARTESIAN_POINT('Origin',(153.343419246269,5.42067357908455,584.216187918126));
#10120=CARTESIAN_POINT('',(156.616580753731,5.38067358236339,584.216171722247));
#10121=CARTESIAN_POINT('',(156.616580753731,5.38067358236338,584.216171722247));
#10122=CARTESIAN_POINT('',(153.383419246269,5.38067358236339,584.216171722247));
#10123=CARTESIAN_POINT('',(156.616580753731,5.3806735823634,584.216171722247));
#10124=CARTESIAN_POINT('',(153.383419246269,5.38067358236338,584.216171722247));
#10125=CARTESIAN_POINT('Origin',(151.746838492538,5.4195258415093,587.05082870192));
#10126=CARTESIAN_POINT('',(151.766838492538,5.37953987083082,587.016171492729));
#10127=CARTESIAN_POINT('',(153.383419246269,5.3806735823634,584.216171722247));
#10128=CARTESIAN_POINT('',(151.766838492538,5.37953987083081,587.016171492729));
#10129=CARTESIAN_POINT('Origin',(153.403419246269,5.41839212997671,589.850828472401));
#10130=CARTESIAN_POINT('',(153.383419246269,5.37840615929823,589.81617126321));
#10131=CARTESIAN_POINT('',(151.766838492538,5.37953987083082,587.016171492729));
#10132=CARTESIAN_POINT('',(153.383419246269,5.37840615929822,589.81617126321));
#10133=CARTESIAN_POINT('Origin',(156.656580753731,5.41840615601939,589.81618745909));
#10134=CARTESIAN_POINT('',(156.616580753731,5.37840615929823,589.81617126321));
#10135=CARTESIAN_POINT('',(153.383419246269,5.37840615929823,589.81617126321));
#10136=CARTESIAN_POINT('',(156.616580753731,5.37840615929822,589.81617126321));
#10137=CARTESIAN_POINT('Origin',(158.253161507462,5.41955389359466,586.981546675296));
#10138=CARTESIAN_POINT('',(158.233161507462,5.37953987083082,587.016171492729));
#10139=CARTESIAN_POINT('',(156.616580753731,5.37840615929823,589.81617126321));
#10140=CARTESIAN_POINT('',(158.233161507462,5.37953987083081,587.016171492729));
#10141=CARTESIAN_POINT('Origin',(156.596580753731,5.42068760512723,584.181546904814));
#10142=CARTESIAN_POINT('',(158.233161507462,5.37953987083082,587.016171492729));
#10143=CARTESIAN_POINT('Origin',(171.702175262389,1.38879803171135,564.14989054891));
#10144=CARTESIAN_POINT('',(173.383419246269,1.38877184976501,564.214553773759));
#10145=CARTESIAN_POINT('',(176.616580753731,1.38877184976501,564.214553773759));
#10146=CARTESIAN_POINT('',(173.383419246269,1.38877184976501,564.214553773759));
#10147=CARTESIAN_POINT('',(171.766838492538,1.38763813823244,567.01455354424));
#10148=CARTESIAN_POINT('',(171.766838492538,1.38763813823244,567.01455354424));
#10149=CARTESIAN_POINT('',(173.383419246269,1.38650442669984,569.814553314722));
#10150=CARTESIAN_POINT('',(173.383419246269,1.38650442669984,569.814553314722));
#10151=CARTESIAN_POINT('',(176.616580753731,1.38650442669984,569.814553314722));
#10152=CARTESIAN_POINT('',(176.616580753731,1.38650442669984,569.814553314722));
#10153=CARTESIAN_POINT('',(178.233161507462,1.38763813823244,567.01455354424));
#10154=CARTESIAN_POINT('',(178.233161507462,1.38763813823244,567.01455354424));
#10155=CARTESIAN_POINT('',(176.616580753731,1.38877184976501,564.214553773759));
#10156=CARTESIAN_POINT('Origin',(173.343419246269,5.42877151860304,564.216189557541));
#10157=CARTESIAN_POINT('',(176.616580753731,5.38877152188188,564.216173361662));
#10158=CARTESIAN_POINT('',(176.616580753731,5.38877152188187,564.216173361662));
#10159=CARTESIAN_POINT('',(173.383419246269,5.38877152188188,564.216173361662));
#10160=CARTESIAN_POINT('',(176.616580753731,5.38877152188188,564.216173361662));
#10161=CARTESIAN_POINT('',(173.383419246269,5.38877152188187,564.216173361662));
#10162=CARTESIAN_POINT('Origin',(171.746838492538,5.42762378102777,567.050830341335));
#10163=CARTESIAN_POINT('',(171.766838492538,5.38763781034929,567.016173132144));
#10164=CARTESIAN_POINT('',(173.383419246269,5.38877152188189,564.216173361662));
#10165=CARTESIAN_POINT('',(171.766838492538,5.38763781034928,567.016173132144));
#10166=CARTESIAN_POINT('Origin',(173.403419246269,5.42649006949519,569.850830111817));
#10167=CARTESIAN_POINT('',(173.383419246269,5.38650409881672,569.816172902626));
#10168=CARTESIAN_POINT('',(171.766838492538,5.3876378103493,567.016173132144));
#10169=CARTESIAN_POINT('',(173.383419246269,5.38650409881671,569.816172902626));
#10170=CARTESIAN_POINT('Origin',(176.656580753731,5.42650409553788,569.816189098505));
#10171=CARTESIAN_POINT('',(176.616580753731,5.38650409881672,569.816172902626));
#10172=CARTESIAN_POINT('',(173.383419246269,5.38650409881672,569.816172902626));
#10173=CARTESIAN_POINT('',(176.616580753731,5.38650409881671,569.816172902626));
#10174=CARTESIAN_POINT('Origin',(178.253161507462,5.42765183311313,566.981548314712));
#10175=CARTESIAN_POINT('',(178.233161507462,5.38763781034929,567.016173132144));
#10176=CARTESIAN_POINT('',(176.616580753731,5.38650409881672,569.816172902626));
#10177=CARTESIAN_POINT('',(178.233161507462,5.38763781034928,567.016173132144));
#10178=CARTESIAN_POINT('Origin',(176.596580753731,5.42878554464572,564.18154854423));
#10179=CARTESIAN_POINT('',(178.233161507462,5.3876378103493,567.016173132144));
#10180=CARTESIAN_POINT('Origin',(165.,-20.0173808300943,579.405887732518));
#10181=CARTESIAN_POINT('',(165.,-17.5192339998599,337.006879354978));
#10182=CARTESIAN_POINT('',(165.,-17.6164092740819,577.00685968199));
#10183=CARTESIAN_POINT('',(165.,-14.5192342457723,337.008094045906));
#10184=CARTESIAN_POINT('',(165.,5.48076411481207,337.016191985425));
#10185=CARTESIAN_POINT('',(165.000000000001,-14.5273321852908,357.008092406491));
#10186=CARTESIAN_POINT('',(165.,-14.5727312684707,469.13310730639));
#10187=CARTESIAN_POINT('',(165.000000000001,5.47266617529351,357.016190346009));
#10188=CARTESIAN_POINT('',(165.,-7.12733279187465,357.011088644111));
#10189=CARTESIAN_POINT('',(165.,5.38358884059003,577.016172312436));
#10190=CARTESIAN_POINT('Origin',(-161.000000000001,-17.5249025575229,351.006878207387));
#10191=CARTESIAN_POINT('',(-165.000000000001,-27.5249017378151,351.002829237628));
#10192=CARTESIAN_POINT('',(-161.000000000001,-27.5232821499114,347.002829565511));
#10193=CARTESIAN_POINT('Origin',(-161.000000000001,-27.5249017378151,351.002829237628));
#10194=CARTESIAN_POINT('',(-161.000000000001,-17.5232829696192,347.00687853527));
#10195=CARTESIAN_POINT('',(-165.000000000001,-17.5249025575229,351.006878207387));
#10196=CARTESIAN_POINT('Origin',(-165.000000000001,-17.4248620760224,350.906918705282));
#10197=CARTESIAN_POINT('',(-165.000000000001,-27.5273311196706,357.002828745803));
#10198=CARTESIAN_POINT('',(-165.000000000001,-27.5273311196706,357.002828745803));
#10199=CARTESIAN_POINT('',(-165.,-17.5192339998599,337.006879354978));
#10200=CARTESIAN_POINT('',(-165.000000000001,-17.5273319393784,357.006877715563));
#10201=CARTESIAN_POINT('Origin',(-164.840000000001,-17.3673319524937,357.006942499079));
#10202=CARTESIAN_POINT('',(-181.000000000004,-27.5273311196706,357.002828745803));
#10203=CARTESIAN_POINT('',(-181.000000000004,-27.5273311196706,357.002828745803));
#10204=CARTESIAN_POINT('',(-181.000000000004,-17.5273319393784,357.006877715563));
#10205=CARTESIAN_POINT('',(-181.000000000004,-17.5273319393784,357.006877715563));
#10206=CARTESIAN_POINT('',(-181.000000000004,-17.5273319393784,357.006877715563));
#10207=CARTESIAN_POINT('Origin',(-181.000000000005,-17.5257123514747,353.006878043446));
#10208=CARTESIAN_POINT('',(-185.000000000005,-27.5257115317669,353.002829073686));
#10209=CARTESIAN_POINT('Origin',(-181.000000000005,-27.5257115317669,353.002829073686));
#10210=CARTESIAN_POINT('',(-185.000000000005,-17.5257123514748,353.006878043445));
#10211=CARTESIAN_POINT('Origin',(-181.000000000005,-17.5257123514748,353.006878043446));
#10212=CARTESIAN_POINT('',(-185.000000000005,-17.5257123514748,353.006878043445));
#10213=CARTESIAN_POINT('Origin',(-185.000000000005,-17.2058419447377,353.327007584246));
#10214=CARTESIAN_POINT('',(-184.999999999999,-27.5127548285373,321.002831696751));
#10215=CARTESIAN_POINT('',(-184.999999999999,-27.5127548285373,321.002831696751));
#10216=CARTESIAN_POINT('',(-184.999999999999,-17.5127556482451,321.00688066651));
#10217=CARTESIAN_POINT('',(-184.999999999999,-17.5127556482451,321.00688066651));
#10218=CARTESIAN_POINT('',(-184.999999999999,-17.5127556482451,321.00688066651));
#10219=CARTESIAN_POINT('Origin',(-180.999999999999,-17.5127556482451,321.006880666511));
#10220=CARTESIAN_POINT('',(-180.999999999999,-27.5111352406336,317.002832024634));
#10221=CARTESIAN_POINT('Origin',(-180.999999999999,-27.5127548285373,321.002831696751));
#10222=CARTESIAN_POINT('',(-180.999999999999,-17.5111360603415,317.006880994394));
#10223=CARTESIAN_POINT('Origin',(-180.999999999999,-17.5127556482451,321.006880666511));
#10224=CARTESIAN_POINT('',(-180.999999999999,-17.5111360603415,317.006880994394));
#10225=CARTESIAN_POINT('Origin',(-155.,-17.5151850301007,327.006880174686));
#10226=CARTESIAN_POINT('',(-156.6,-17.5151850301007,327.006880174686));
#10227=CARTESIAN_POINT('Origin',(-155.,-17.5151850301007,327.006880174686));
#10228=CARTESIAN_POINT('',(-156.6,-27.5151842103929,327.002831204927));
#10229=CARTESIAN_POINT('',(-156.6,-17.5151850301007,327.006880174686));
#10230=CARTESIAN_POINT('Origin',(-155.,-27.5151842103929,327.002831204927));
#10231=CARTESIAN_POINT('Origin',(-175.,-17.5232829696192,347.00687853527));
#10232=CARTESIAN_POINT('',(-176.6,-17.5232829696192,347.00687853527));
#10233=CARTESIAN_POINT('Origin',(-175.,-17.5232829696192,347.00687853527));
#10234=CARTESIAN_POINT('',(-176.6,-27.5232821499114,347.002829565511));
#10235=CARTESIAN_POINT('',(-176.6,-17.5232829696192,347.00687853527));
#10236=CARTESIAN_POINT('Origin',(-175.,-27.5232821499114,347.002829565511));
#10237=CARTESIAN_POINT('Origin',(-10.,-17.5151850301007,327.006880174686));
#10238=CARTESIAN_POINT('',(-11.6,-17.5151850301007,327.006880174686));
#10239=CARTESIAN_POINT('Origin',(-10.,-17.5151850301007,327.006880174686));
#10240=CARTESIAN_POINT('',(-11.6,-27.5151842103929,327.002831204927));
#10241=CARTESIAN_POINT('',(-11.6,-17.5151850301007,327.006880174686));
#10242=CARTESIAN_POINT('Origin',(-10.,-27.5151842103929,327.002831204927));
#10243=CARTESIAN_POINT('Origin',(180.999999999999,5.48724246642679,321.016193296957));
#10244=CARTESIAN_POINT('',(180.999999999999,-14.5111363062538,317.008095685322));
#10245=CARTESIAN_POINT('',(184.999999999999,-14.5127558941575,321.008095357438));
#10246=CARTESIAN_POINT('Origin',(180.999999999999,-14.5127558941575,321.008095357438));
#10247=CARTESIAN_POINT('',(180.999999999999,5.48886205433049,317.01619362484));
#10248=CARTESIAN_POINT('',(180.999999999999,5.48886205433049,317.01619362484));
#10249=CARTESIAN_POINT('',(184.999999999999,5.48724246642681,321.016193296956));
#10250=CARTESIAN_POINT('Origin',(180.999999999999,5.48724246642681,321.016193296957));
#10251=CARTESIAN_POINT('',(184.999999999999,5.48724246642681,321.016193296956));
#10252=CARTESIAN_POINT('Origin',(184.999999999999,5.80737200722845,320.696322890219));
#10253=CARTESIAN_POINT('',(185.000000000005,-14.5257125973871,353.008092734372));
#10254=CARTESIAN_POINT('',(185.000000000005,-14.5257125973871,353.008092734372));
#10255=CARTESIAN_POINT('',(185.000000000005,5.47428576319719,353.016190673891));
#10256=CARTESIAN_POINT('',(185.000000000005,5.47428576319719,353.016190673891));
#10257=CARTESIAN_POINT('',(185.000000000005,5.47428576319719,353.016190673891));
#10258=CARTESIAN_POINT('Origin',(181.000000000005,5.47428576319719,353.016190673892));
#10259=CARTESIAN_POINT('',(181.000000000006,-14.5273321852908,357.00809240649));
#10260=CARTESIAN_POINT('Origin',(181.000000000005,-14.5257125973871,353.008092734373));
#10261=CARTESIAN_POINT('',(181.000000000006,5.4726661752935,357.016190346008));
#10262=CARTESIAN_POINT('Origin',(181.000000000005,5.47428576319719,353.016190673892));
#10263=CARTESIAN_POINT('',(181.000000000006,5.4726661752935,357.016190346008));
#10264=CARTESIAN_POINT('Origin',(181.200000000006,5.67266615889935,357.016271325403));
#10265=CARTESIAN_POINT('',(165.000000000001,-14.5273321852908,357.008092406491));
#10266=CARTESIAN_POINT('',(165.000000000001,5.47266617529351,357.016190346009));
#10267=CARTESIAN_POINT('Origin',(175.,5.47671514505274,347.016191165717));
#10268=CARTESIAN_POINT('',(176.6,1.47671547293592,347.014571577813));
#10269=CARTESIAN_POINT('Origin',(175.,1.47671547293592,347.014571577813));
#10270=CARTESIAN_POINT('',(176.6,-14.5232832155316,347.008093226198));
#10271=CARTESIAN_POINT('',(176.6,5.47671514505274,347.016191165717));
#10272=CARTESIAN_POINT('Origin',(175.,-14.5232832155316,347.008093226198));
#10273=CARTESIAN_POINT('Origin',(155.,5.48481308457127,327.016192805133));
#10274=CARTESIAN_POINT('',(156.6,1.48481341245442,327.014573217229));
#10275=CARTESIAN_POINT('Origin',(155.,1.48481341245442,327.014573217229));
#10276=CARTESIAN_POINT('',(156.6,-14.515185276013,327.008094865615));
#10277=CARTESIAN_POINT('',(156.6,5.48481308457127,327.016192805133));
#10278=CARTESIAN_POINT('Origin',(155.,-14.515185276013,327.008094865614));
#10279=CARTESIAN_POINT('Origin',(9.99999999999994,5.48481308457129,327.016192805132));
#10280=CARTESIAN_POINT('',(8.39999999999992,1.48481341245441,327.014573217228));
#10281=CARTESIAN_POINT('Origin',(9.99999999999994,1.48481341245441,327.014573217229));
#10282=CARTESIAN_POINT('',(8.39999999999992,-14.515185276013,327.008094865613));
#10283=CARTESIAN_POINT('',(8.39999999999992,5.48481308457129,327.016192805132));
#10284=CARTESIAN_POINT('Origin',(9.99999999999993,-14.515185276013,327.008094865614));
#10285=CARTESIAN_POINT('Origin',(13.297824737611,1.48365351897549,329.879236212559));
#10286=CARTESIAN_POINT('',(8.38341924626892,1.48367970092183,329.814572987711));
#10287=CARTESIAN_POINT('',(11.6165807537309,1.48367970092183,329.814572987711));
#10288=CARTESIAN_POINT('',(8.38341924626892,1.48367970092183,329.814572987711));
#10289=CARTESIAN_POINT('',(13.2331615074618,1.48481341245441,327.014573217229));
#10290=CARTESIAN_POINT('',(11.6165807537309,1.48367970092183,329.814572987711));
#10291=CARTESIAN_POINT('',(11.6165807537309,1.48594712398701,324.214573446747));
#10292=CARTESIAN_POINT('',(13.2331615074618,1.48481341245441,327.014573217229));
#10293=CARTESIAN_POINT('',(8.38341924626892,1.48594712398701,324.214573446747));
#10294=CARTESIAN_POINT('',(11.6165807537309,1.48594712398701,324.214573446747));
#10295=CARTESIAN_POINT('',(6.76683849253803,1.48481341245441,327.014573217229));
#10296=CARTESIAN_POINT('',(8.38341924626892,1.48594712398701,324.214573446747));
#10297=CARTESIAN_POINT('',(6.76683849253803,1.48481341245441,327.014573217229));
#10298=CARTESIAN_POINT('Origin',(11.6565807537309,5.52367936975985,329.816208771493));
#10299=CARTESIAN_POINT('',(8.38341924626892,5.48367937303869,329.816192575614));
#10300=CARTESIAN_POINT('',(8.38341924626892,5.48367937303868,329.816192575614));
#10301=CARTESIAN_POINT('',(11.6165807537309,5.48367937303869,329.816192575614));
#10302=CARTESIAN_POINT('',(8.38341924626891,5.48367937303869,329.816192575614));
#10303=CARTESIAN_POINT('',(11.6165807537309,5.48367937303868,329.816192575614));
#10304=CARTESIAN_POINT('Origin',(8.40341924626892,5.52366534371715,329.850849784805));
#10305=CARTESIAN_POINT('',(6.76683849253804,5.48481308457129,327.016192805132));
#10306=CARTESIAN_POINT('',(6.76683849253804,5.48481308457128,327.016192805132));
#10307=CARTESIAN_POINT('',(6.76683849253805,5.48481308457129,327.016192805132));
#10308=CARTESIAN_POINT('Origin',(6.74683849253803,5.52479905524977,327.050850014323));
#10309=CARTESIAN_POINT('',(8.38341924626893,5.48594679610386,324.216193034651));
#10310=CARTESIAN_POINT('',(8.38341924626892,5.48594679610385,324.216193034651));
#10311=CARTESIAN_POINT('',(8.38341924626893,5.48594679610387,324.216193034651));
#10312=CARTESIAN_POINT('Origin',(8.34341924626892,5.52594679282502,324.21620923053));
#10313=CARTESIAN_POINT('',(11.6165807537309,5.48594679610386,324.216193034651));
#10314=CARTESIAN_POINT('',(11.6165807537309,5.48594679610385,324.216193034651));
#10315=CARTESIAN_POINT('',(11.6165807537309,5.48594679610387,324.216193034651));
#10316=CARTESIAN_POINT('Origin',(11.5965807537309,5.5259608188677,324.181568217218));
#10317=CARTESIAN_POINT('',(13.2331615074618,5.48481308457127,327.016192805132));
#10318=CARTESIAN_POINT('',(13.2331615074618,5.48481308457126,327.016192805132));
#10319=CARTESIAN_POINT('',(13.2331615074618,5.48481308457128,327.016192805132));
#10320=CARTESIAN_POINT('Origin',(13.2531615074618,5.52482710733512,326.9815679877));
#10321=CARTESIAN_POINT('',(11.6165807537309,5.48367937303869,329.816192575614));
#10322=CARTESIAN_POINT('Origin',(158.297824737611,1.48365351897549,329.879236212559));
#10323=CARTESIAN_POINT('',(153.383419246269,1.48367970092182,329.814572987711));
#10324=CARTESIAN_POINT('',(156.616580753731,1.48367970092182,329.814572987711));
#10325=CARTESIAN_POINT('',(153.383419246269,1.48367970092182,329.814572987711));
#10326=CARTESIAN_POINT('',(158.233161507462,1.48481341245441,327.014573217229));
#10327=CARTESIAN_POINT('',(156.616580753731,1.48367970092182,329.814572987711));
#10328=CARTESIAN_POINT('',(156.616580753731,1.485947123987,324.214573446747));
#10329=CARTESIAN_POINT('',(158.233161507462,1.48481341245441,327.014573217229));
#10330=CARTESIAN_POINT('',(153.383419246269,1.485947123987,324.214573446747));
#10331=CARTESIAN_POINT('',(156.616580753731,1.485947123987,324.214573446747));
#10332=CARTESIAN_POINT('',(151.766838492538,1.48481341245441,327.014573217229));
#10333=CARTESIAN_POINT('',(153.383419246269,1.485947123987,324.214573446747));
#10334=CARTESIAN_POINT('',(151.766838492538,1.48481341245441,327.014573217229));
#10335=CARTESIAN_POINT('Origin',(156.656580753731,5.52367936975985,329.816208771493));
#10336=CARTESIAN_POINT('',(153.383419246269,5.48367937303868,329.816192575614));
#10337=CARTESIAN_POINT('',(153.383419246269,5.48367937303868,329.816192575614));
#10338=CARTESIAN_POINT('',(156.616580753731,5.48367937303868,329.816192575614));
#10339=CARTESIAN_POINT('',(153.383419246269,5.48367937303868,329.816192575614));
#10340=CARTESIAN_POINT('',(156.616580753731,5.48367937303868,329.816192575614));
#10341=CARTESIAN_POINT('Origin',(153.403419246269,5.52366534371717,329.850849784805));
#10342=CARTESIAN_POINT('',(151.766838492538,5.48481308457127,327.016192805133));
#10343=CARTESIAN_POINT('',(151.766838492538,5.48481308457127,327.016192805133));
#10344=CARTESIAN_POINT('',(151.766838492538,5.48481308457127,327.016192805133));
#10345=CARTESIAN_POINT('Origin',(151.746838492538,5.52479905524974,327.050850014323));
#10346=CARTESIAN_POINT('',(153.383419246269,5.48594679610384,324.216193034651));
#10347=CARTESIAN_POINT('',(153.383419246269,5.48594679610384,324.216193034651));
#10348=CARTESIAN_POINT('',(153.383419246269,5.48594679610384,324.216193034651));
#10349=CARTESIAN_POINT('Origin',(153.343419246269,5.52594679282501,324.21620923053));
#10350=CARTESIAN_POINT('',(156.616580753731,5.48594679610384,324.216193034651));
#10351=CARTESIAN_POINT('',(156.616580753731,5.48594679610384,324.216193034651));
#10352=CARTESIAN_POINT('',(156.616580753731,5.48594679610384,324.216193034651));
#10353=CARTESIAN_POINT('Origin',(156.596580753731,5.52596081886771,324.181568217218));
#10354=CARTESIAN_POINT('',(158.233161507462,5.48481308457127,327.016192805133));
#10355=CARTESIAN_POINT('',(158.233161507462,5.48481308457127,327.016192805133));
#10356=CARTESIAN_POINT('',(158.233161507462,5.48481308457127,327.016192805133));
#10357=CARTESIAN_POINT('Origin',(158.253161507462,5.52482710733512,326.9815679877));
#10358=CARTESIAN_POINT('',(156.616580753731,5.48367937303868,329.816192575614));
#10359=CARTESIAN_POINT('Origin',(178.297824737611,1.47555557945697,349.879234573144));
#10360=CARTESIAN_POINT('',(173.383419246269,1.4755817614033,349.814571348295));
#10361=CARTESIAN_POINT('',(176.616580753731,1.4755817614033,349.814571348295));
#10362=CARTESIAN_POINT('',(173.383419246269,1.4755817614033,349.814571348295));
#10363=CARTESIAN_POINT('',(178.233161507462,1.4767154729359,347.014571577813));
#10364=CARTESIAN_POINT('',(176.616580753731,1.4755817614033,349.814571348295));
#10365=CARTESIAN_POINT('',(176.616580753731,1.47784918446847,344.214571807331));
#10366=CARTESIAN_POINT('',(178.233161507462,1.4767154729359,347.014571577813));
#10367=CARTESIAN_POINT('',(173.383419246269,1.47784918446848,344.214571807331));
#10368=CARTESIAN_POINT('',(176.616580753731,1.47784918446847,344.214571807331));
#10369=CARTESIAN_POINT('',(171.766838492538,1.4767154729359,347.014571577813));
#10370=CARTESIAN_POINT('',(173.383419246269,1.47784918446848,344.214571807331));
#10371=CARTESIAN_POINT('',(171.766838492538,1.4767154729359,347.014571577813));
#10372=CARTESIAN_POINT('Origin',(176.656580753731,5.51558143024132,349.816207132078));
#10373=CARTESIAN_POINT('',(173.383419246269,5.47558143352016,349.816190936199));
#10374=CARTESIAN_POINT('',(173.383419246269,5.47558143352016,349.816190936199));
#10375=CARTESIAN_POINT('',(176.616580753731,5.47558143352015,349.816190936199));
#10376=CARTESIAN_POINT('',(173.383419246269,5.47558143352016,349.816190936199));
#10377=CARTESIAN_POINT('',(176.616580753731,5.47558143352015,349.816190936199));
#10378=CARTESIAN_POINT('Origin',(173.403419246269,5.51556740419864,349.85084814539));
#10379=CARTESIAN_POINT('',(171.766838492538,5.47671514505274,347.016191165717));
#10380=CARTESIAN_POINT('',(171.766838492538,5.47671514505274,347.016191165717));
#10381=CARTESIAN_POINT('',(171.766838492538,5.47671514505274,347.016191165717));
#10382=CARTESIAN_POINT('Origin',(171.746838492538,5.51670111573122,347.050848374908));
#10383=CARTESIAN_POINT('',(173.383419246269,5.47784885658533,344.216191395235));
#10384=CARTESIAN_POINT('',(173.383419246269,5.47784885658533,344.216191395235));
#10385=CARTESIAN_POINT('',(173.383419246269,5.47784885658533,344.216191395235));
#10386=CARTESIAN_POINT('Origin',(173.343419246269,5.5178488533065,344.216207591114));
#10387=CARTESIAN_POINT('',(176.616580753731,5.47784885658533,344.216191395235));
#10388=CARTESIAN_POINT('',(176.616580753731,5.47784885658533,344.216191395235));
#10389=CARTESIAN_POINT('',(176.616580753731,5.47784885658533,344.216191395235));
#10390=CARTESIAN_POINT('Origin',(176.596580753731,5.51786287934918,344.181566577802));
#10391=CARTESIAN_POINT('',(178.233161507462,5.47671514505274,347.016191165717));
#10392=CARTESIAN_POINT('',(178.233161507462,5.47671514505274,347.016191165717));
#10393=CARTESIAN_POINT('',(178.233161507462,5.47671514505274,347.016191165717));
#10394=CARTESIAN_POINT('Origin',(178.253161507462,5.5167291678166,346.981566348284));
#10395=CARTESIAN_POINT('',(176.616580753731,5.47558143352015,349.816190936199));
#10396=CARTESIAN_POINT('Origin',(168.3,-20.8192337293563,337.005543194958));
#10397=CARTESIAN_POINT('',(85.0750274093049,-14.5192342457723,337.008094045906));
#10398=CARTESIAN_POINT('',(165.,-17.5192339998599,337.006879354978));
#10399=CARTESIAN_POINT('Origin',(1.85005481860985,-14.5280812668921,358.85814707345));
#10400=CARTESIAN_POINT('',(-181.,-14.5111363062538,317.008095685321));
#10401=CARTESIAN_POINT('',(-181.,-14.5111363062538,317.008095685321));
#10402=CARTESIAN_POINT('',(-181.000000000004,-14.5273321852908,357.00809240649));
#10403=CARTESIAN_POINT('',(-165.000000000001,-14.5273321852908,357.00809240649));
#10404=CARTESIAN_POINT('',(-185.000000000005,-14.5257125973871,353.008092734373));
#10405=CARTESIAN_POINT('Origin',(-181.000000000005,-14.5257125973871,353.008092734373));
#10406=CARTESIAN_POINT('',(-184.999999999999,-14.5127558941575,321.008095357438));
#10407=CARTESIAN_POINT('',(-185.000000000005,-14.5257125973871,353.008092734373));
#10408=CARTESIAN_POINT('Origin',(-180.999999999999,-14.5127558941575,321.008095357438));
#10409=CARTESIAN_POINT('',(-11.6,-14.5151852760131,327.008094865613));
#10410=CARTESIAN_POINT('Origin',(-10.,-14.5151852760131,327.008094865614));
#10411=CARTESIAN_POINT('',(-176.6,-14.5232832155315,347.008093226198));
#10412=CARTESIAN_POINT('Origin',(-175.,-14.5232832155315,347.008093226198));
#10413=CARTESIAN_POINT('',(-156.6,-14.515185276013,327.008094865613));
#10414=CARTESIAN_POINT('Origin',(-155.,-14.515185276013,327.008094865614));
#10415=CARTESIAN_POINT('Origin',(1.80999999999999,-16.3211361578867,317.007362821795));
#10416=CARTESIAN_POINT('',(-181.,5.48886205433051,317.01619362484));
#10417=CARTESIAN_POINT('',(-181.,5.48886205433051,317.01619362484));
#10418=CARTESIAN_POINT('',(-181.,5.48886205433051,317.01619362484));
#10419=CARTESIAN_POINT('Origin',(-180.999999999999,5.48724246642682,321.016193296957));
#10420=CARTESIAN_POINT('',(-184.999999999999,5.48724246642682,321.016193296956));
#10421=CARTESIAN_POINT('',(-184.999999999999,5.48724246642682,321.016193296956));
#10422=CARTESIAN_POINT('Origin',(-180.999999999999,5.48724246642682,321.016193296957));
#10423=CARTESIAN_POINT('Origin',(-184.999999999999,-14.8326263008945,320.687965816636));
#10424=CARTESIAN_POINT('',(-185.000000000005,5.4742857631972,353.016190673891));
#10425=CARTESIAN_POINT('',(-185.000000000005,5.4742857631972,353.016190673891));
#10426=CARTESIAN_POINT('',(-185.000000000005,5.4742857631972,353.016190673891));
#10427=CARTESIAN_POINT('Origin',(-181.000000000005,5.47428576319723,353.016190673892));
#10428=CARTESIAN_POINT('',(-181.000000000004,5.47266617529353,357.016190346009));
#10429=CARTESIAN_POINT('',(-181.000000000004,5.47266617529353,357.016190346009));
#10430=CARTESIAN_POINT('Origin',(-181.000000000005,5.4742857631972,353.016190673892));
#10431=CARTESIAN_POINT('Origin',(-181.200000000004,-14.7273321688966,357.008011427095));
#10432=CARTESIAN_POINT('',(-165.000000000001,5.47266617529352,357.016190346009));
#10433=CARTESIAN_POINT('Origin',(-155.,5.48481308457127,327.016192805132));
#10434=CARTESIAN_POINT('',(-156.6,1.48481341245441,327.014573217228));
#10435=CARTESIAN_POINT('Origin',(-155.,1.48481341245441,327.014573217229));
#10436=CARTESIAN_POINT('',(-156.6,5.48481308457127,327.016192805132));
#10437=CARTESIAN_POINT('Origin',(-175.,5.47671514505275,347.016191165717));
#10438=CARTESIAN_POINT('',(-176.6,1.47671547293591,347.014571577813));
#10439=CARTESIAN_POINT('Origin',(-175.,1.47671547293591,347.014571577813));
#10440=CARTESIAN_POINT('',(-176.6,5.47671514505275,347.016191165717));
#10441=CARTESIAN_POINT('Origin',(-10.,5.48481308457125,327.016192805132));
#10442=CARTESIAN_POINT('',(-11.6,1.48481341245438,327.014573217228));
#10443=CARTESIAN_POINT('Origin',(-10.,1.48481341245438,327.014573217229));
#10444=CARTESIAN_POINT('',(-11.6,5.48481308457125,327.016192805132));
#10445=CARTESIAN_POINT('Origin',(-151.702175262389,1.48365351897549,329.879236212559));
#10446=CARTESIAN_POINT('',(-156.616580753731,1.48367970092184,329.81457298771));
#10447=CARTESIAN_POINT('',(-153.383419246269,1.48367970092184,329.81457298771));
#10448=CARTESIAN_POINT('',(-156.616580753731,1.48367970092184,329.81457298771));
#10449=CARTESIAN_POINT('',(-151.766838492538,1.48481341245441,327.014573217229));
#10450=CARTESIAN_POINT('',(-153.383419246269,1.48367970092184,329.81457298771));
#10451=CARTESIAN_POINT('',(-153.383419246269,1.485947123987,324.214573446747));
#10452=CARTESIAN_POINT('',(-151.766838492538,1.48481341245441,327.014573217229));
#10453=CARTESIAN_POINT('',(-156.616580753731,1.48594712398701,324.214573446747));
#10454=CARTESIAN_POINT('',(-153.383419246269,1.485947123987,324.214573446747));
#10455=CARTESIAN_POINT('',(-158.233161507462,1.48481341245441,327.014573217229));
#10456=CARTESIAN_POINT('',(-156.616580753731,1.48594712398701,324.214573446747));
#10457=CARTESIAN_POINT('',(-158.233161507462,1.48481341245441,327.014573217229));
#10458=CARTESIAN_POINT('Origin',(-153.343419246269,5.52367936975985,329.816208771493));
#10459=CARTESIAN_POINT('',(-156.616580753731,5.48367937303868,329.816192575614));
#10460=CARTESIAN_POINT('',(-156.616580753731,5.48367937303868,329.816192575614));
#10461=CARTESIAN_POINT('',(-153.383419246269,5.48367937303868,329.816192575614));
#10462=CARTESIAN_POINT('',(-156.616580753731,5.48367937303868,329.816192575614));
#10463=CARTESIAN_POINT('',(-153.383419246269,5.48367937303868,329.816192575614));
#10464=CARTESIAN_POINT('Origin',(-156.596580753731,5.52366534371717,329.850849784805));
#10465=CARTESIAN_POINT('',(-158.233161507462,5.48481308457126,327.016192805132));
#10466=CARTESIAN_POINT('',(-158.233161507462,5.48481308457127,327.016192805132));
#10467=CARTESIAN_POINT('',(-158.233161507462,5.48481308457125,327.016192805132));
#10468=CARTESIAN_POINT('Origin',(-158.253161507462,5.52479905524977,327.050850014323));
#10469=CARTESIAN_POINT('',(-156.616580753731,5.48594679610385,324.216193034651));
#10470=CARTESIAN_POINT('',(-156.616580753731,5.48594679610386,324.216193034651));
#10471=CARTESIAN_POINT('',(-156.616580753731,5.48594679610384,324.216193034651));
#10472=CARTESIAN_POINT('Origin',(-156.656580753731,5.52594679282502,324.21620923053));
#10473=CARTESIAN_POINT('',(-153.383419246269,5.48594679610385,324.216193034651));
#10474=CARTESIAN_POINT('',(-153.383419246269,5.48594679610386,324.216193034651));
#10475=CARTESIAN_POINT('',(-153.383419246269,5.48594679610384,324.216193034651));
#10476=CARTESIAN_POINT('Origin',(-153.403419246269,5.52596081886772,324.181568217218));
#10477=CARTESIAN_POINT('',(-151.766838492538,5.48481308457126,327.016192805132));
#10478=CARTESIAN_POINT('',(-151.766838492538,5.48481308457127,327.016192805132));
#10479=CARTESIAN_POINT('',(-151.766838492538,5.48481308457125,327.016192805132));
#10480=CARTESIAN_POINT('Origin',(-151.746838492538,5.52482710733512,326.9815679877));
#10481=CARTESIAN_POINT('',(-153.383419246269,5.48367937303868,329.816192575614));
#10482=CARTESIAN_POINT('Origin',(-171.702175262389,1.47555557945698,349.879234573143));
#10483=CARTESIAN_POINT('',(-176.616580753731,1.47558176140332,349.814571348295));
#10484=CARTESIAN_POINT('',(-173.383419246269,1.47558176140332,349.814571348295));
#10485=CARTESIAN_POINT('',(-176.616580753731,1.47558176140332,349.814571348295));
#10486=CARTESIAN_POINT('',(-171.766838492538,1.47671547293591,347.014571577813));
#10487=CARTESIAN_POINT('',(-173.383419246269,1.47558176140332,349.814571348295));
#10488=CARTESIAN_POINT('',(-173.383419246269,1.4778491844685,344.214571807331));
#10489=CARTESIAN_POINT('',(-171.766838492538,1.47671547293591,347.014571577813));
#10490=CARTESIAN_POINT('',(-176.616580753731,1.4778491844685,344.214571807331));
#10491=CARTESIAN_POINT('',(-173.383419246269,1.4778491844685,344.214571807331));
#10492=CARTESIAN_POINT('',(-178.233161507462,1.47671547293591,347.014571577813));
#10493=CARTESIAN_POINT('',(-176.616580753731,1.4778491844685,344.214571807331));
#10494=CARTESIAN_POINT('',(-178.233161507462,1.47671547293591,347.014571577813));
#10495=CARTESIAN_POINT('Origin',(-173.343419246269,5.51558143024134,349.816207132077));
#10496=CARTESIAN_POINT('',(-176.616580753731,5.47558143352018,349.816190936198));
#10497=CARTESIAN_POINT('',(-176.616580753731,5.47558143352018,349.816190936198));
#10498=CARTESIAN_POINT('',(-173.383419246269,5.47558143352018,349.816190936198));
#10499=CARTESIAN_POINT('',(-176.616580753731,5.47558143352018,349.816190936198));
#10500=CARTESIAN_POINT('',(-173.383419246269,5.47558143352018,349.816190936198));
#10501=CARTESIAN_POINT('Origin',(-176.596580753731,5.51556740419866,349.850848145389));
#10502=CARTESIAN_POINT('',(-178.233161507462,5.47671514505275,347.016191165717));
#10503=CARTESIAN_POINT('',(-178.233161507462,5.47671514505275,347.016191165717));
#10504=CARTESIAN_POINT('',(-178.233161507462,5.47671514505275,347.016191165717));
#10505=CARTESIAN_POINT('Origin',(-178.253161507462,5.51670111573124,347.050848374908));
#10506=CARTESIAN_POINT('',(-176.616580753731,5.47784885658535,344.216191395235));
#10507=CARTESIAN_POINT('',(-176.616580753731,5.47784885658535,344.216191395235));
#10508=CARTESIAN_POINT('',(-176.616580753731,5.47784885658535,344.216191395235));
#10509=CARTESIAN_POINT('Origin',(-176.656580753731,5.51784885330652,344.216207591114));
#10510=CARTESIAN_POINT('',(-173.383419246269,5.47784885658535,344.216191395235));
#10511=CARTESIAN_POINT('',(-173.383419246269,5.47784885658535,344.216191395235));
#10512=CARTESIAN_POINT('',(-173.383419246269,5.47784885658535,344.216191395235));
#10513=CARTESIAN_POINT('Origin',(-173.403419246269,5.51786287934921,344.181566577802));
#10514=CARTESIAN_POINT('',(-171.766838492538,5.47671514505275,347.016191165717));
#10515=CARTESIAN_POINT('',(-171.766838492538,5.47671514505275,347.016191165717));
#10516=CARTESIAN_POINT('',(-171.766838492538,5.47671514505275,347.016191165717));
#10517=CARTESIAN_POINT('Origin',(-171.746838492538,5.5167291678166,346.981566348284));
#10518=CARTESIAN_POINT('',(-173.383419246269,5.47558143352018,349.816190936198));
#10519=CARTESIAN_POINT('Origin',(-6.7021752623889,1.48365351897547,329.879236212559));
#10520=CARTESIAN_POINT('',(-11.616580753731,1.48367970092181,329.81457298771));
#10521=CARTESIAN_POINT('',(-8.38341924626902,1.48367970092181,329.81457298771));
#10522=CARTESIAN_POINT('',(-11.616580753731,1.48367970092181,329.81457298771));
#10523=CARTESIAN_POINT('',(-6.76683849253814,1.48481341245438,327.014573217229));
#10524=CARTESIAN_POINT('',(-8.38341924626902,1.48367970092181,329.81457298771));
#10525=CARTESIAN_POINT('',(-8.38341924626902,1.48594712398699,324.214573446747));
#10526=CARTESIAN_POINT('',(-6.76683849253814,1.48481341245438,327.014573217229));
#10527=CARTESIAN_POINT('',(-11.616580753731,1.48594712398699,324.214573446747));
#10528=CARTESIAN_POINT('',(-8.38341924626902,1.48594712398699,324.214573446747));
#10529=CARTESIAN_POINT('',(-13.2331615074619,1.4848134124544,327.014573217229));
#10530=CARTESIAN_POINT('',(-11.616580753731,1.48594712398699,324.214573446747));
#10531=CARTESIAN_POINT('',(-13.2331615074619,1.4848134124544,327.014573217229));
#10532=CARTESIAN_POINT('Origin',(-8.34341924626902,5.52367936975982,329.816208771493));
#10533=CARTESIAN_POINT('',(-11.616580753731,5.48367937303865,329.816192575614));
#10534=CARTESIAN_POINT('',(-11.616580753731,5.48367937303865,329.816192575614));
#10535=CARTESIAN_POINT('',(-8.38341924626902,5.48367937303865,329.816192575614));
#10536=CARTESIAN_POINT('',(-11.616580753731,5.48367937303865,329.816192575614));
#10537=CARTESIAN_POINT('',(-8.38341924626902,5.48367937303865,329.816192575614));
#10538=CARTESIAN_POINT('Origin',(-11.596580753731,5.52366534371712,329.850849784805));
#10539=CARTESIAN_POINT('',(-13.2331615074619,5.48481308457125,327.016192805132));
#10540=CARTESIAN_POINT('',(-13.2331615074619,5.48481308457126,327.016192805132));
#10541=CARTESIAN_POINT('',(-13.2331615074619,5.48481308457126,327.016192805132));
#10542=CARTESIAN_POINT('Origin',(-13.2531615074619,5.52479905524974,327.050850014323));
#10543=CARTESIAN_POINT('',(-11.616580753731,5.48594679610383,324.21619303465));
#10544=CARTESIAN_POINT('',(-11.616580753731,5.48594679610383,324.21619303465));
#10545=CARTESIAN_POINT('',(-11.616580753731,5.48594679610383,324.21619303465));
#10546=CARTESIAN_POINT('Origin',(-11.656580753731,5.525946792825,324.21620923053));
#10547=CARTESIAN_POINT('',(-8.38341924626903,5.48594679610383,324.21619303465));
#10548=CARTESIAN_POINT('',(-8.38341924626902,5.48594679610383,324.21619303465));
#10549=CARTESIAN_POINT('',(-8.38341924626903,5.48594679610383,324.21619303465));
#10550=CARTESIAN_POINT('Origin',(-8.40341924626903,5.52596081886768,324.181568217218));
#10551=CARTESIAN_POINT('',(-6.76683849253812,5.48481308457125,327.016192805132));
#10552=CARTESIAN_POINT('',(-6.76683849253813,5.48481308457125,327.016192805132));
#10553=CARTESIAN_POINT('',(-6.76683849253812,5.48481308457125,327.016192805132));
#10554=CARTESIAN_POINT('Origin',(-6.74683849253813,5.52482710733511,326.981567987699));
#10555=CARTESIAN_POINT('',(-8.383419246269,5.48367937303865,329.816192575614));
#10556=CARTESIAN_POINT('Origin',(186.855536679591,-27.5280824208609,358.858365273295));
#10557=CARTESIAN_POINT('',(161.,-27.5232821499114,347.002829565511));
#10558=CARTESIAN_POINT('',(161.,-27.5232821499114,347.002829565511));
#10559=CARTESIAN_POINT('',(180.999999999999,-27.5111352406336,317.002832024635));
#10560=CARTESIAN_POINT('',(0.,-27.5111352406336,317.002832024635));
#10561=CARTESIAN_POINT('',(184.999999999999,-27.5127548285373,321.002831696751));
#10562=CARTESIAN_POINT('Origin',(180.999999999999,-27.5127548285373,321.002831696751));
#10563=CARTESIAN_POINT('',(185.000000000005,-27.5257115317669,353.002829073685));
#10564=CARTESIAN_POINT('',(184.999999999999,-27.5127548285373,321.002831696751));
#10565=CARTESIAN_POINT('',(181.000000000006,-27.5273311196706,357.002828745803));
#10566=CARTESIAN_POINT('Origin',(181.000000000005,-27.5257115317669,353.002829073686));
#10567=CARTESIAN_POINT('',(165.000000000001,-27.5273311196706,357.002828745804));
#10568=CARTESIAN_POINT('',(181.000000000006,-27.5273311196706,357.002828745803));
#10569=CARTESIAN_POINT('',(165.,-27.5249017378151,351.002829237628));
#10570=CARTESIAN_POINT('',(165.000000000001,-27.5273311196706,357.002828745804));
#10571=CARTESIAN_POINT('Origin',(161.,-27.5249017378151,351.002829237628));
#10572=CARTESIAN_POINT('',(8.39999999999991,-27.5151842103929,327.002831204927));
#10573=CARTESIAN_POINT('Origin',(9.99999999999993,-27.5151842103929,327.002831204927));
#10574=CARTESIAN_POINT('',(156.6,-27.5151842103929,327.002831204927));
#10575=CARTESIAN_POINT('Origin',(155.,-27.5151842103929,327.002831204927));
#10576=CARTESIAN_POINT('',(176.6,-27.5232821499114,347.002829565512));
#10577=CARTESIAN_POINT('Origin',(175.,-27.5232821499114,347.002829565511));
#10578=CARTESIAN_POINT('Origin',(-1.85005481860989,-17.5280832405687,358.862414243054));
#10579=CARTESIAN_POINT('',(165.,-17.6164092740819,577.00685968199));
#10580=CARTESIAN_POINT('',(181.000000000006,-17.5273319393785,357.006877715562));
#10581=CARTESIAN_POINT('',(181.000000000006,-17.5273319393785,357.006877715562));
#10582=CARTESIAN_POINT('',(185.000000000005,-17.5257123514748,353.006878043445));
#10583=CARTESIAN_POINT('Origin',(181.000000000005,-17.5257123514748,353.006878043445));
#10584=CARTESIAN_POINT('',(184.999999999999,-17.5127556482452,321.00688066651));
#10585=CARTESIAN_POINT('',(184.999999999999,-17.5127556482452,321.00688066651));
#10586=CARTESIAN_POINT('',(180.999999999999,-17.5111360603415,317.006880994394));
#10587=CARTESIAN_POINT('Origin',(180.999999999999,-17.5127556482452,321.006880666511));
#10588=CARTESIAN_POINT('',(0.,-17.5111360603415,317.006880994394));
#10589=CARTESIAN_POINT('',(8.39999999999991,-17.5151850301007,327.006880174686));
#10590=CARTESIAN_POINT('Origin',(9.99999999999993,-17.5151850301007,327.006880174686));
#10591=CARTESIAN_POINT('',(156.6,-17.5151850301007,327.006880174686));
#10592=CARTESIAN_POINT('Origin',(155.,-17.5151850301007,327.006880174686));
#10593=CARTESIAN_POINT('',(176.6,-17.5232829696192,347.006878535271));
#10594=CARTESIAN_POINT('Origin',(175.,-17.5232829696192,347.006878535271));
#10595=CARTESIAN_POINT('Origin',(-1.61000000000002,-29.1332820179384,347.00217768138));
#10596=CARTESIAN_POINT('',(161.,-17.5232829696192,347.006878535271));
#10597=CARTESIAN_POINT('Origin',(161.,-17.5249025575229,351.006878207388));
#10598=CARTESIAN_POINT('',(165.,-17.5249025575229,351.006878207387));
#10599=CARTESIAN_POINT('Origin',(165.000000000001,-27.6248612399204,350.902788756128));
#10600=CARTESIAN_POINT('',(165.000000000001,-17.5273319393784,357.006877715563));
#10601=CARTESIAN_POINT('Origin',(164.840000000001,-27.6873311065553,357.002763962288));
#10602=CARTESIAN_POINT('',(181.000000000006,-17.5273319393785,357.006877715562));
#10603=CARTESIAN_POINT('Origin',(181.000000000005,-17.5257123514748,353.006878043445));
#10604=CARTESIAN_POINT('',(185.000000000005,-17.5257123514748,353.006878043445));
#10605=CARTESIAN_POINT('Origin',(185.000000000005,-27.8458410725686,353.322699480422));
#10606=CARTESIAN_POINT('',(184.999999999999,-17.5127556482452,321.00688066651));
#10607=CARTESIAN_POINT('Origin',(180.999999999999,-17.5127556482452,321.006880666511));
#10608=CARTESIAN_POINT('',(180.999999999999,-17.5111360603415,317.006880994394));
#10609=CARTESIAN_POINT('Origin',(182.809999999999,-29.3211350922665,317.002099161109));
#10610=CARTESIAN_POINT('Origin',(175.,-17.5232829696192,347.006878535271));
#10611=CARTESIAN_POINT('',(176.6,-17.5232829696192,347.006878535271));
#10612=CARTESIAN_POINT('Origin',(155.,-17.5151850301007,327.006880174686));
#10613=CARTESIAN_POINT('',(156.6,-17.5151850301007,327.006880174686));
#10614=CARTESIAN_POINT('Origin',(9.99999999999993,-17.5151850301007,327.006880174686));
#10615=CARTESIAN_POINT('',(8.39999999999991,-17.5151850301007,327.006880174686));
#10616=CARTESIAN_POINT('Origin',(-168.3,5.48210027483267,333.716192255928));
#10617=CARTESIAN_POINT('',(0.,0.,0.));
#10618=CARTESIAN_POINT('',(0.,0.,0.));
#10619=CARTESIAN_POINT('Origin',(-229.5,-43.8681278734568,285.126308514839));
#10620=CARTESIAN_POINT('',(-229.5,10.3643558243798,624.518192903704));
#10621=CARTESIAN_POINT('',(-229.5,-34.6356404869349,624.499972539787));
#10622=CARTESIAN_POINT('',(-229.5,10.3643558243798,624.518192903704));
#10623=CARTESIAN_POINT('',(-229.5,10.4999963113147,289.518220363916));
#10624=CARTESIAN_POINT('',(-229.5,10.4999963113148,289.518220363916));
#10625=CARTESIAN_POINT('',(-229.5,-34.5,289.5));
#10626=CARTESIAN_POINT('',(-229.5,10.4999963113147,289.518220363916));
#10627=CARTESIAN_POINT('',(-229.5,-34.5,289.5));
#10628=CARTESIAN_POINT('Origin',(-224.5,-40.4994946516973,288.497670740596));
#10629=CARTESIAN_POINT('',(-224.5,5.49797223628899,294.516195469183));
#10630=CARTESIAN_POINT('',(-224.5,-34.5020244848796,294.499999590146));
#10631=CARTESIAN_POINT('',(-224.5,5.49797223628899,294.516195469183));
#10632=CARTESIAN_POINT('',(-224.5,5.36638071911324,619.516168828678));
#10633=CARTESIAN_POINT('',(-224.5,5.49797223628899,294.516195469183));
#10634=CARTESIAN_POINT('',(-224.5,-34.6336160020553,619.499972949641));
#10635=CARTESIAN_POINT('',(-224.5,5.36638071911324,619.516168828678));
#10636=CARTESIAN_POINT('',(-224.5,-34.5020244848796,294.499999590146));
#10637=CARTESIAN_POINT('Origin',(-235.109898,-45.2455376172334,624.495676624172));
#10638=CARTESIAN_POINT('',(229.5,10.3643558243798,624.518192903704));
#10639=CARTESIAN_POINT('',(229.5,-34.635640486935,624.499972539787));
#10640=CARTESIAN_POINT('',(229.5,10.3643558243797,624.518192903704));
#10641=CARTESIAN_POINT('',(-229.5,10.3643558243798,624.518192903704));
#10642=CARTESIAN_POINT('',(-229.5,-34.6356404869349,624.499972539787));
#10643=CARTESIAN_POINT('Origin',(-230.4999,-40.633515510239,619.497543608275));
#10644=CARTESIAN_POINT('',(224.5,5.36638071911322,619.516168828678));
#10645=CARTESIAN_POINT('',(-224.5,5.36638071911324,619.516168828678));
#10646=CARTESIAN_POINT('',(224.5,-34.6336160020553,619.499972949641));
#10647=CARTESIAN_POINT('',(224.5,5.36638071911322,619.516168828678));
#10648=CARTESIAN_POINT('',(-224.5,-34.6336160020553,619.499972949641));
#10649=CARTESIAN_POINT('Origin',(229.5,-44.0073070773625,628.866076338218));
#10650=CARTESIAN_POINT('',(229.5,10.4999963113147,289.518220363917));
#10651=CARTESIAN_POINT('',(229.5,-34.5,289.5));
#10652=CARTESIAN_POINT('',(229.5,10.4999963113148,289.518220363917));
#10653=CARTESIAN_POINT('',(229.5,10.3643558243798,624.518192903704));
#10654=CARTESIAN_POINT('',(229.5,-34.635640486935,624.499972539787));
#10655=CARTESIAN_POINT('Origin',(224.5,-40.6359448516048,625.497443116459));
#10656=CARTESIAN_POINT('',(224.5,5.49797223628894,294.516195469183));
#10657=CARTESIAN_POINT('',(224.5,5.36638071911322,619.516168828678));
#10658=CARTESIAN_POINT('',(224.5,-34.5020244848797,294.499999590146));
#10659=CARTESIAN_POINT('',(224.5,5.49797223628894,294.516195469183));
#10660=CARTESIAN_POINT('',(224.5,-34.6336160020553,619.499972949641));
#10661=CARTESIAN_POINT('Origin',(235.109898,-45.1098971302985,289.495704084385));
#10662=CARTESIAN_POINT('',(229.5,10.4999963113147,289.518220363916));
#10663=CARTESIAN_POINT('',(226.5,-34.5000000000001,289.5));
#10664=CARTESIAN_POINT('',(229.5,-34.5,289.5));
#10665=CARTESIAN_POINT('',(-226.5,-34.5,289.5));
#10666=CARTESIAN_POINT('',(-226.5,-34.5,289.5));
#10667=CARTESIAN_POINT('',(229.5,-34.5,289.5));
#10668=CARTESIAN_POINT('Origin',(230.4999,-40.5019239930632,294.49757024878));
#10669=CARTESIAN_POINT('',(224.5,5.49797223628894,294.516195469183));
#10670=CARTESIAN_POINT('',(224.5,-34.5020244848797,294.499999590146));
#10671=CARTESIAN_POINT('Origin',(235.109898,10.3620843936444,630.128090443856));
#10672=CARTESIAN_POINT('Origin',(230.4999,5.36395137774743,625.516068336862));
#10673=CARTESIAN_POINT('Origin',(-206.075,-34.4925397732186,271.075001510311));
#10674=CARTESIAN_POINT('',(-224.5,-34.6336160020553,619.499972949641));
#10675=CARTESIAN_POINT('',(-224.5,-34.5020244848796,294.499999590146));
#10676=CARTESIAN_POINT('Origin',(-254.745,-34.623394377898,594.254975018993));
#10677=CARTESIAN_POINT('',(224.5,-34.6336160020553,619.499972949641));
#10678=CARTESIAN_POINT('Origin',(206.075,-34.6431007137164,642.924971029475));
#10679=CARTESIAN_POINT('',(224.5,-34.5020244848797,294.499999590146));
#10680=CARTESIAN_POINT('Origin',(254.745,-34.5122461090369,319.744997520794));
#10681=CARTESIAN_POINT('Origin',(251.415,-334.585,289.5));
#10682=CARTESIAN_POINT('',(-221.5,-359.5,289.5));
#10683=CARTESIAN_POINT('',(-226.5,-364.5,289.5));
#10684=CARTESIAN_POINT('',(-221.5,-359.5,289.5));
#10685=CARTESIAN_POINT('',(226.5,-364.5,289.5));
#10686=CARTESIAN_POINT('',(226.5,-364.5,289.5));
#10687=CARTESIAN_POINT('',(221.5,-359.5,289.5));
#10688=CARTESIAN_POINT('',(221.5,-359.5,289.5));
#10689=CARTESIAN_POINT('',(221.5,-359.5,289.5));
#10690=CARTESIAN_POINT('Origin',(203.35,-16.3499999999999,289.5));
#10691=CARTESIAN_POINT('',(226.5,-34.5000000000001,289.5));
#10692=CARTESIAN_POINT('',(226.5,-34.5000000000001,289.5));
#10693=CARTESIAN_POINT('',(221.5,-39.5000000000001,289.5));
#10694=CARTESIAN_POINT('',(221.5,-39.5000000000001,289.5));
#10695=CARTESIAN_POINT('',(221.5,-39.5000000000001,289.5));
#10696=CARTESIAN_POINT('Origin',(-251.415,-64.415,289.5));
#10697=CARTESIAN_POINT('',(-226.5,-34.5,289.5));
#10698=CARTESIAN_POINT('',(-226.5,-34.5,289.5));
#10699=CARTESIAN_POINT('',(-221.5,-39.5,289.5));
#10700=CARTESIAN_POINT('',(-221.5,-39.5,289.5));
#10701=CARTESIAN_POINT('',(-221.5,-39.5,289.5));
#10702=CARTESIAN_POINT('Origin',(-203.35,-382.65,289.5));
#10703=CARTESIAN_POINT('',(-226.5,-364.5,289.5));
#10704=CARTESIAN_POINT('',(-221.5,-359.5,289.5));
#10705=CARTESIAN_POINT('Origin',(227.4999,-33.5001,199.5));
#10706=CARTESIAN_POINT('',(221.5,-39.5000000000001,199.5));
#10707=CARTESIAN_POINT('',(221.5,-359.5,199.5));
#10708=CARTESIAN_POINT('',(221.5,-39.5000000000001,199.5));
#10709=CARTESIAN_POINT('',(-221.5,-39.5,199.5));
#10710=CARTESIAN_POINT('',(-221.5,-39.5,199.5));
#10711=CARTESIAN_POINT('',(-221.5,-359.5,199.5));
#10712=CARTESIAN_POINT('',(-221.5,-359.5,199.5));
#10713=CARTESIAN_POINT('',(221.5,-359.5,199.5));
#10714=CARTESIAN_POINT('Origin',(232.049898,-28.9501020000001,194.5));
#10715=CARTESIAN_POINT('',(-226.5,-364.5,194.5));
#10716=CARTESIAN_POINT('',(-226.5,-34.5,194.5));
#10717=CARTESIAN_POINT('',(-226.5,-364.5,194.5));
#10718=CARTESIAN_POINT('',(226.5,-34.5000000000001,194.5));
#10719=CARTESIAN_POINT('',(-226.5,-34.5,194.5));
#10720=CARTESIAN_POINT('',(226.5,-364.5,194.5));
#10721=CARTESIAN_POINT('',(226.5,-34.5000000000001,194.5));
#10722=CARTESIAN_POINT('',(226.5,-364.5,194.5));
#10723=CARTESIAN_POINT('Origin',(227.4999,-359.5,295.4999));
#10724=CARTESIAN_POINT('',(221.5,-359.5,199.5));
#10725=CARTESIAN_POINT('',(-221.5,-359.5,199.5));
#10726=CARTESIAN_POINT('Origin',(232.049898,-364.5,300.049898));
#10727=CARTESIAN_POINT('',(-226.5,-364.5,194.5));
#10728=CARTESIAN_POINT('',(226.5,-364.5,194.5));
#10729=CARTESIAN_POINT('Origin',(221.5,-33.5001,295.4999));
#10730=CARTESIAN_POINT('',(221.5,-39.5000000000001,199.5));
#10731=CARTESIAN_POINT('Origin',(226.5,-30.180102,298.819898));
#10732=CARTESIAN_POINT('',(226.5,-34.5000000000001,194.5));
#10733=CARTESIAN_POINT('Origin',(-227.4999,-39.5,295.4999));
#10734=CARTESIAN_POINT('',(-221.5,-39.5,199.5));
#10735=CARTESIAN_POINT('Origin',(-232.049898,-34.5,300.049898));
#10736=CARTESIAN_POINT('',(-226.5,-34.5,194.5));
#10737=CARTESIAN_POINT('Origin',(-221.5,-365.4999,295.4999));
#10738=CARTESIAN_POINT('Origin',(-226.5,-368.819898,298.819898));
#10739=CARTESIAN_POINT('',(0.,0.,0.));
#10740=CARTESIAN_POINT('',(0.,0.,0.));
#10741=CARTESIAN_POINT('Origin',(-1.48999999999994,-659.506168828678,44.8663807191131));
#10742=CARTESIAN_POINT('',(452.,-655.016168828678,44.8663807191131));
#10743=CARTESIAN_POINT('',(3.00000000000006,-655.016168828678,44.8663807191131));
#10744=CARTESIAN_POINT('',(452.,-655.016168828678,44.8663807191131));
#10745=CARTESIAN_POINT('',(452.,-330.016168828678,44.8663807191132));
#10746=CARTESIAN_POINT('',(452.,-330.016168828678,44.8663807191132));
#10747=CARTESIAN_POINT('',(3.00000000000006,-330.016168828678,44.8663807191132));
#10748=CARTESIAN_POINT('',(3.00000000000006,-330.016168828678,44.8663807191132));
#10749=CARTESIAN_POINT('',(3.00000000000006,-655.016168828678,44.8663807191131));
#10750=CARTESIAN_POINT('',(46.4999999999958,-392.516168828678,44.8663807191132));
#10751=CARTESIAN_POINT('',(62.4999999999992,-392.516168828678,44.8663807191132));
#10752=CARTESIAN_POINT('',(46.4999999999958,-392.516168828678,44.8663807191132));
#10753=CARTESIAN_POINT('',(42.4999999999952,-388.516168828677,44.8663807191132));
#10754=CARTESIAN_POINT('Origin',(46.4999999999951,-388.516168828678,44.8663807191132));
#10755=CARTESIAN_POINT('',(42.5000000000009,-356.516168828677,44.8663807191132));
#10756=CARTESIAN_POINT('',(42.5000000000011,-356.516168828677,44.8663807191132));
#10757=CARTESIAN_POINT('',(46.5000000000009,-352.516168828678,44.8663807191132));
#10758=CARTESIAN_POINT('Origin',(46.5000000000006,-356.516168828678,44.8663807191132));
#10759=CARTESIAN_POINT('',(227.5,-352.516168828678,44.8663807191132));
#10760=CARTESIAN_POINT('',(227.5,-352.516168828678,44.8663807191132));
#10761=CARTESIAN_POINT('',(408.499999999999,-352.516168828678,44.8663807191132));
#10762=CARTESIAN_POINT('',(408.499999999999,-352.516168828678,44.8663807191132));
#10763=CARTESIAN_POINT('',(412.499999999999,-356.516168828677,44.8663807191132));
#10764=CARTESIAN_POINT('Origin',(408.499999999999,-356.516168828678,44.8663807191132));
#10765=CARTESIAN_POINT('',(412.500000000005,-388.516168828677,44.8663807191132));
#10766=CARTESIAN_POINT('',(412.500000000005,-388.516168828677,44.8663807191132));
#10767=CARTESIAN_POINT('',(408.500000000006,-392.516168828678,44.8663807191132));
#10768=CARTESIAN_POINT('Origin',(408.500000000005,-388.516168828678,44.8663807191132));
#10769=CARTESIAN_POINT('',(392.500000000001,-392.516168828678,44.8663807191132));
#10770=CARTESIAN_POINT('',(392.500000000001,-392.516168828678,44.8663807191132));
#10771=CARTESIAN_POINT('',(392.500000000001,-592.516168828678,44.8663807191131));
#10772=CARTESIAN_POINT('',(392.500000000001,-592.516168828678,44.8663807191131));
#10773=CARTESIAN_POINT('',(408.500000000006,-592.516168828679,44.8663807191131));
#10774=CARTESIAN_POINT('',(408.500000000006,-592.516168828679,44.8663807191131));
#10775=CARTESIAN_POINT('',(412.500000000005,-596.516168828679,44.8663807191131));
#10776=CARTESIAN_POINT('Origin',(408.500000000005,-596.516168828679,44.8663807191131));
#10777=CARTESIAN_POINT('',(412.499999999999,-628.516168828679,44.8663807191131));
#10778=CARTESIAN_POINT('',(412.499999999999,-628.516168828679,44.8663807191131));
#10779=CARTESIAN_POINT('',(408.499999999999,-632.516168828678,44.8663807191131));
#10780=CARTESIAN_POINT('Origin',(408.499999999999,-628.516168828679,44.8663807191131));
#10781=CARTESIAN_POINT('',(227.5,-632.516168828678,44.8663807191131));
#10782=CARTESIAN_POINT('',(227.5,-632.516168828678,44.8663807191131));
#10783=CARTESIAN_POINT('',(46.5000000000006,-632.516168828679,44.8663807191131));
#10784=CARTESIAN_POINT('',(46.5000000000002,-632.516168828679,44.8663807191131));
#10785=CARTESIAN_POINT('',(42.5000000000008,-628.516168828679,44.8663807191131));
#10786=CARTESIAN_POINT('Origin',(46.5000000000006,-628.516168828678,44.8663807191131));
#10787=CARTESIAN_POINT('',(42.4999999999875,-553.516168828679,44.8663807191131));
#10788=CARTESIAN_POINT('',(42.4999999999875,-553.516168828679,44.8663807191131));
#10789=CARTESIAN_POINT('',(62.4999999999985,-553.516168828679,44.8663807191131));
#10790=CARTESIAN_POINT('',(62.4999999999982,-553.516168828679,44.8663807191131));
#10791=CARTESIAN_POINT('',(62.4999999999992,-392.516168828678,44.8663807191132));
#10792=CARTESIAN_POINT('Origin',(456.49,-659.506168828678,11.8663807191131));
#10793=CARTESIAN_POINT('',(452.,-655.016168828678,11.8663807191131));
#10794=CARTESIAN_POINT('',(3.00000000000006,-655.016168828678,11.8663807191131));
#10795=CARTESIAN_POINT('',(452.,-655.016168828678,11.8663807191131));
#10796=CARTESIAN_POINT('',(3.00000000000006,-330.016168828678,11.8663807191132));
#10797=CARTESIAN_POINT('',(3.00000000000006,-655.016168828678,11.8663807191131));
#10798=CARTESIAN_POINT('',(452.,-330.016168828678,11.8663807191132));
#10799=CARTESIAN_POINT('',(3.00000000000006,-330.016168828678,11.8663807191132));
#10800=CARTESIAN_POINT('',(452.,-330.016168828678,11.8663807191132));
#10801=CARTESIAN_POINT('',(46.4999999999958,-392.516168828678,11.8663807191132));
#10802=CARTESIAN_POINT('',(62.4999999999992,-392.516168828678,11.8663807191132));
#10803=CARTESIAN_POINT('',(46.4999999999958,-392.516168828678,11.8663807191132));
#10804=CARTESIAN_POINT('',(62.4999999999985,-553.516168828679,11.8663807191131));
#10805=CARTESIAN_POINT('',(62.4999999999992,-392.516168828678,11.8663807191132));
#10806=CARTESIAN_POINT('',(42.4999999999875,-553.516168828679,11.8663807191131));
#10807=CARTESIAN_POINT('',(62.4999999999982,-553.516168828679,11.8663807191131));
#10808=CARTESIAN_POINT('',(42.5000000000008,-628.516168828679,11.8663807191131));
#10809=CARTESIAN_POINT('',(42.4999999999875,-553.516168828679,11.8663807191131));
#10810=CARTESIAN_POINT('',(46.5000000000006,-632.516168828679,11.8663807191131));
#10811=CARTESIAN_POINT('Origin',(46.5000000000006,-628.516168828678,11.8663807191131));
#10812=CARTESIAN_POINT('',(227.5,-632.516168828678,11.8663807191131));
#10813=CARTESIAN_POINT('',(46.5000000000002,-632.516168828679,11.8663807191131));
#10814=CARTESIAN_POINT('',(408.499999999999,-632.516168828678,11.8663807191131));
#10815=CARTESIAN_POINT('',(227.5,-632.516168828678,11.8663807191131));
#10816=CARTESIAN_POINT('',(412.499999999999,-628.516168828679,11.8663807191131));
#10817=CARTESIAN_POINT('Origin',(408.499999999999,-628.516168828679,11.8663807191131));
#10818=CARTESIAN_POINT('',(412.500000000005,-596.516168828679,11.8663807191131));
#10819=CARTESIAN_POINT('',(412.499999999999,-628.516168828679,11.8663807191131));
#10820=CARTESIAN_POINT('',(408.500000000006,-592.516168828679,11.8663807191131));
#10821=CARTESIAN_POINT('Origin',(408.500000000005,-596.516168828679,11.8663807191131));
#10822=CARTESIAN_POINT('',(392.500000000001,-592.516168828678,11.8663807191131));
#10823=CARTESIAN_POINT('',(408.500000000006,-592.516168828679,11.8663807191131));
#10824=CARTESIAN_POINT('',(392.500000000001,-392.516168828678,11.8663807191132));
#10825=CARTESIAN_POINT('',(392.500000000001,-592.516168828678,11.8663807191131));
#10826=CARTESIAN_POINT('',(408.500000000006,-392.516168828678,11.8663807191132));
#10827=CARTESIAN_POINT('',(392.500000000001,-392.516168828678,11.8663807191132));
#10828=CARTESIAN_POINT('',(412.500000000005,-388.516168828677,11.8663807191132));
#10829=CARTESIAN_POINT('Origin',(408.500000000005,-388.516168828678,11.8663807191132));
#10830=CARTESIAN_POINT('',(412.499999999999,-356.516168828677,11.8663807191132));
#10831=CARTESIAN_POINT('',(412.500000000005,-388.516168828677,11.8663807191132));
#10832=CARTESIAN_POINT('',(408.499999999999,-352.516168828678,11.8663807191132));
#10833=CARTESIAN_POINT('Origin',(408.499999999999,-356.516168828678,11.8663807191132));
#10834=CARTESIAN_POINT('',(227.5,-352.516168828678,11.8663807191132));
#10835=CARTESIAN_POINT('',(408.499999999999,-352.516168828678,11.8663807191132));
#10836=CARTESIAN_POINT('',(46.5000000000009,-352.516168828678,11.8663807191132));
#10837=CARTESIAN_POINT('',(227.5,-352.516168828678,11.8663807191132));
#10838=CARTESIAN_POINT('',(42.5000000000009,-356.516168828677,11.8663807191132));
#10839=CARTESIAN_POINT('Origin',(46.5000000000006,-356.516168828678,11.8663807191132));
#10840=CARTESIAN_POINT('',(42.4999999999952,-388.516168828677,11.8663807191132));
#10841=CARTESIAN_POINT('',(42.5000000000011,-356.516168828677,11.8663807191132));
#10842=CARTESIAN_POINT('Origin',(46.4999999999951,-388.516168828678,11.8663807191132));
#10843=CARTESIAN_POINT('Origin',(456.49,-655.016168828678,49.3563807191131));
#10844=CARTESIAN_POINT('',(3.00000000000006,-655.016168828678,11.8663807191131));
#10845=CARTESIAN_POINT('',(452.,-655.016168828678,11.8663807191131));
#10846=CARTESIAN_POINT('Origin',(452.,-326.766168828678,48.1163807191132));
#10847=CARTESIAN_POINT('',(452.,-330.016168828678,11.8663807191132));
#10848=CARTESIAN_POINT('Origin',(-1.48999999999994,-330.016168828678,49.3563807191132));
#10849=CARTESIAN_POINT('',(3.00000000000006,-330.016168828678,11.8663807191132));
#10850=CARTESIAN_POINT('Origin',(3.00000000000006,-658.266168828678,48.1163807191131));
#10851=CARTESIAN_POINT('Origin',(46.1699999999958,-392.516168828678,45.1963807191132));
#10852=CARTESIAN_POINT('',(62.4999999999992,-392.516168828678,11.8663807191132));
#10853=CARTESIAN_POINT('',(46.4999999999958,-392.516168828678,11.8663807191132));
#10854=CARTESIAN_POINT('Origin',(46.4999999999951,-388.516168828678,11.8663807191132));
#10855=CARTESIAN_POINT('',(42.4999999999951,-388.516168828677,11.8663807191132));
#10856=CARTESIAN_POINT('Origin',(42.5000000000012,-356.186168828677,45.1963807191132));
#10857=CARTESIAN_POINT('',(42.5000000000011,-356.516168828677,11.8663807191132));
#10858=CARTESIAN_POINT('Origin',(46.5000000000006,-356.516168828678,11.8663807191132));
#10859=CARTESIAN_POINT('',(46.5000000000013,-352.516168828678,11.8663807191132));
#10860=CARTESIAN_POINT('Origin',(229.31,-352.516168828678,46.6763807191132));
#10861=CARTESIAN_POINT('',(227.5,-352.516168828678,11.8663807191132));
#10862=CARTESIAN_POINT('Origin',(410.309999999999,-352.516168828678,46.6763807191132));
#10863=CARTESIAN_POINT('',(408.499999999999,-352.516168828678,11.8663807191132));
#10864=CARTESIAN_POINT('Origin',(408.499999999999,-356.516168828678,11.8663807191132));
#10865=CARTESIAN_POINT('',(412.499999999999,-356.516168828677,11.8663807191132));
#10866=CARTESIAN_POINT('Origin',(412.500000000005,-388.846168828677,45.1963807191132));
#10867=CARTESIAN_POINT('',(412.500000000005,-388.516168828677,11.8663807191132));
#10868=CARTESIAN_POINT('Origin',(408.500000000005,-388.516168828678,11.8663807191132));
#10869=CARTESIAN_POINT('',(408.500000000006,-392.516168828678,11.8663807191132));
#10870=CARTESIAN_POINT('Origin',(392.170000000001,-392.516168828678,45.1963807191132));
#10871=CARTESIAN_POINT('',(392.500000000001,-392.516168828678,11.8663807191132));
#10872=CARTESIAN_POINT('Origin',(392.500000000001,-594.516168828678,46.8663807191131));
#10873=CARTESIAN_POINT('',(392.500000000001,-592.516168828678,11.8663807191131));
#10874=CARTESIAN_POINT('Origin',(408.830000000006,-592.516168828679,45.1963807191131));
#10875=CARTESIAN_POINT('',(408.500000000006,-592.516168828679,11.8663807191131));
#10876=CARTESIAN_POINT('Origin',(408.500000000005,-596.516168828679,11.8663807191131));
#10877=CARTESIAN_POINT('',(412.500000000005,-596.516168828679,11.8663807191131));
#10878=CARTESIAN_POINT('Origin',(412.499999999999,-628.846168828679,45.1963807191131));
#10879=CARTESIAN_POINT('',(412.499999999999,-628.516168828679,11.8663807191131));
#10880=CARTESIAN_POINT('Origin',(408.499999999999,-628.516168828679,11.8663807191131));
#10881=CARTESIAN_POINT('',(408.499999999999,-632.516168828679,11.8663807191131));
#10882=CARTESIAN_POINT('Origin',(225.69,-632.516168828678,46.6763807191131));
#10883=CARTESIAN_POINT('',(227.5,-632.516168828678,11.8663807191131));
#10884=CARTESIAN_POINT('Origin',(44.6900000000002,-632.516168828679,46.6763807191131));
#10885=CARTESIAN_POINT('',(46.5000000000002,-632.516168828679,11.8663807191131));
#10886=CARTESIAN_POINT('Origin',(46.5000000000006,-628.516168828678,11.8663807191131));
#10887=CARTESIAN_POINT('',(42.5000000000005,-628.516168828679,11.8663807191131));
#10888=CARTESIAN_POINT('Origin',(42.4999999999874,-552.766168828679,45.6163807191131));
#10889=CARTESIAN_POINT('',(42.4999999999875,-553.516168828679,11.8663807191131));
#10890=CARTESIAN_POINT('Origin',(62.8299999999982,-553.516168828679,45.1963807191131));
#10891=CARTESIAN_POINT('',(62.4999999999982,-553.516168828679,11.8663807191131));
#10892=CARTESIAN_POINT('Origin',(62.4999999999992,-390.906168828678,46.4763807191132));
#10893=CARTESIAN_POINT('',(-3.0000000000005,655.016168828675,-11.8663807191131));
#10894=CARTESIAN_POINT('',(0.,0.,0.));
#10895=CARTESIAN_POINT('',(0.,0.,0.));
#10896=CARTESIAN_POINT('Origin',(-1.48999999999994,-626.506168828678,18.8663807191131));
#10897=CARTESIAN_POINT('',(452.,-297.016168828678,18.8663807191132));
#10898=CARTESIAN_POINT('',(452.,-622.016168828678,18.8663807191131));
#10899=CARTESIAN_POINT('',(452.,-297.016168828678,18.8663807191132));
#10900=CARTESIAN_POINT('',(3.00000000000006,-297.016168828678,18.8663807191132));
#10901=CARTESIAN_POINT('',(3.00000000000006,-297.016168828678,18.8663807191132));
#10902=CARTESIAN_POINT('',(3.00000000000006,-622.016168828678,18.8663807191131));
#10903=CARTESIAN_POINT('',(3.00000000000006,-622.016168828678,18.8663807191131));
#10904=CARTESIAN_POINT('',(452.,-622.016168828678,18.8663807191131));
#10905=CARTESIAN_POINT('',(57.5,-569.516168828678,18.8663807191131));
#10906=CARTESIAN_POINT('Origin',(52.5,-569.516168828678,18.8663807191131));
#10907=CARTESIAN_POINT('',(77.5,-589.516168828678,18.8663807191131));
#10908=CARTESIAN_POINT('Origin',(72.5,-589.516168828678,18.8663807191131));
#10909=CARTESIAN_POINT('',(222.5,-589.516168828678,18.8663807191131));
#10910=CARTESIAN_POINT('Origin',(217.5,-589.516168828678,18.8663807191131));
#10911=CARTESIAN_POINT('',(242.5,-589.516168828678,18.8663807191131));
#10912=CARTESIAN_POINT('Origin',(237.5,-589.516168828678,18.8663807191131));
#10913=CARTESIAN_POINT('',(387.5,-589.516168828678,18.8663807191131));
#10914=CARTESIAN_POINT('Origin',(382.5,-589.516168828678,18.8663807191131));
#10915=CARTESIAN_POINT('',(407.5,-569.516168828678,18.8663807191131));
#10916=CARTESIAN_POINT('Origin',(402.5,-569.516168828678,18.8663807191131));
#10917=CARTESIAN_POINT('',(407.5,-349.516168828678,18.8663807191132));
#10918=CARTESIAN_POINT('Origin',(402.5,-349.516168828678,18.8663807191132));
#10919=CARTESIAN_POINT('',(387.5,-329.516168828678,18.8663807191132));
#10920=CARTESIAN_POINT('Origin',(382.5,-329.516168828678,18.8663807191132));
#10921=CARTESIAN_POINT('',(242.5,-329.516168828678,18.8663807191132));
#10922=CARTESIAN_POINT('Origin',(237.5,-329.516168828678,18.8663807191132));
#10923=CARTESIAN_POINT('',(222.5,-329.516168828678,18.8663807191132));
#10924=CARTESIAN_POINT('Origin',(217.5,-329.516168828678,18.8663807191132));
#10925=CARTESIAN_POINT('',(77.5,-329.516168828678,18.8663807191132));
#10926=CARTESIAN_POINT('Origin',(72.5,-329.516168828678,18.8663807191132));
#10927=CARTESIAN_POINT('',(57.5,-349.516168828678,18.8663807191132));
#10928=CARTESIAN_POINT('Origin',(52.5,-349.516168828678,18.8663807191132));
#10929=CARTESIAN_POINT('Origin',(456.49,-626.506168828678,11.8663807191131));
#10930=CARTESIAN_POINT('',(452.,-297.016168828678,11.8663807191132));
#10931=CARTESIAN_POINT('',(452.,-622.016168828678,11.8663807191131));
#10932=CARTESIAN_POINT('',(452.,-297.016168828678,11.8663807191132));
#10933=CARTESIAN_POINT('',(3.00000000000006,-622.016168828678,11.8663807191131));
#10934=CARTESIAN_POINT('',(452.,-622.016168828678,11.8663807191131));
#10935=CARTESIAN_POINT('',(3.00000000000006,-297.016168828678,11.8663807191132));
#10936=CARTESIAN_POINT('',(3.00000000000006,-622.016168828678,11.8663807191131));
#10937=CARTESIAN_POINT('',(3.00000000000006,-297.016168828678,11.8663807191132));
#10938=CARTESIAN_POINT('',(57.5,-569.516168828678,11.8663807191131));
#10939=CARTESIAN_POINT('Origin',(52.5,-569.516168828678,11.8663807191131));
#10940=CARTESIAN_POINT('',(77.5,-589.516168828678,11.8663807191131));
#10941=CARTESIAN_POINT('Origin',(72.5,-589.516168828678,11.8663807191131));
#10942=CARTESIAN_POINT('',(222.5,-589.516168828678,11.8663807191131));
#10943=CARTESIAN_POINT('Origin',(217.5,-589.516168828678,11.8663807191131));
#10944=CARTESIAN_POINT('',(242.5,-589.516168828678,11.8663807191131));
#10945=CARTESIAN_POINT('Origin',(237.5,-589.516168828678,11.8663807191131));
#10946=CARTESIAN_POINT('',(387.5,-589.516168828678,11.8663807191131));
#10947=CARTESIAN_POINT('Origin',(382.5,-589.516168828678,11.8663807191131));
#10948=CARTESIAN_POINT('',(407.5,-569.516168828678,11.8663807191131));
#10949=CARTESIAN_POINT('Origin',(402.5,-569.516168828678,11.8663807191131));
#10950=CARTESIAN_POINT('',(407.5,-349.516168828678,11.8663807191132));
#10951=CARTESIAN_POINT('Origin',(402.5,-349.516168828678,11.8663807191132));
#10952=CARTESIAN_POINT('',(387.5,-329.516168828678,11.8663807191132));
#10953=CARTESIAN_POINT('Origin',(382.5,-329.516168828678,11.8663807191132));
#10954=CARTESIAN_POINT('',(242.5,-329.516168828678,11.8663807191132));
#10955=CARTESIAN_POINT('Origin',(237.5,-329.516168828678,11.8663807191132));
#10956=CARTESIAN_POINT('',(222.5,-329.516168828678,11.8663807191132));
#10957=CARTESIAN_POINT('Origin',(217.5,-329.516168828678,11.8663807191132));
#10958=CARTESIAN_POINT('',(77.5,-329.516168828678,11.8663807191132));
#10959=CARTESIAN_POINT('Origin',(72.5,-329.516168828678,11.8663807191132));
#10960=CARTESIAN_POINT('',(57.5,-349.516168828678,11.8663807191132));
#10961=CARTESIAN_POINT('Origin',(52.5,-349.516168828678,11.8663807191132));
#10962=CARTESIAN_POINT('Origin',(452.,-293.766168828678,22.1163807191132));
#10963=CARTESIAN_POINT('',(452.,-622.016168828678,11.8663807191131));
#10964=CARTESIAN_POINT('',(452.,-297.016168828678,11.8663807191132));
#10965=CARTESIAN_POINT('Origin',(-1.48999999999994,-297.016168828678,23.3563807191132));
#10966=CARTESIAN_POINT('',(3.00000000000006,-297.016168828678,11.8663807191132));
#10967=CARTESIAN_POINT('Origin',(3.00000000000006,-625.266168828678,22.1163807191131));
#10968=CARTESIAN_POINT('',(3.00000000000006,-622.016168828678,11.8663807191131));
#10969=CARTESIAN_POINT('Origin',(456.49,-622.016168828678,23.3563807191132));
#10970=CARTESIAN_POINT('Origin',(52.5,-349.516168828678,11.8663807191132));
#10971=CARTESIAN_POINT('',(57.5,-349.516168828678,11.8663807191132));
#10972=CARTESIAN_POINT('Origin',(72.5,-329.516168828678,11.8663807191132));
#10973=CARTESIAN_POINT('',(77.5,-329.516168828678,11.8663807191132));
#10974=CARTESIAN_POINT('Origin',(217.5,-329.516168828678,11.8663807191132));
#10975=CARTESIAN_POINT('',(222.5,-329.516168828678,11.8663807191132));
#10976=CARTESIAN_POINT('Origin',(237.5,-329.516168828678,11.8663807191132));
#10977=CARTESIAN_POINT('',(242.5,-329.516168828678,11.8663807191132));
#10978=CARTESIAN_POINT('Origin',(382.5,-329.516168828678,11.8663807191132));
#10979=CARTESIAN_POINT('',(387.5,-329.516168828678,11.8663807191132));
#10980=CARTESIAN_POINT('Origin',(402.5,-349.516168828678,11.8663807191132));
#10981=CARTESIAN_POINT('',(407.5,-349.516168828678,11.8663807191132));
#10982=CARTESIAN_POINT('Origin',(402.5,-569.516168828678,11.8663807191131));
#10983=CARTESIAN_POINT('',(407.5,-569.516168828678,11.8663807191131));
#10984=CARTESIAN_POINT('Origin',(382.5,-589.516168828678,11.8663807191131));
#10985=CARTESIAN_POINT('',(387.5,-589.516168828678,11.8663807191131));
#10986=CARTESIAN_POINT('Origin',(237.5,-589.516168828678,11.8663807191131));
#10987=CARTESIAN_POINT('',(242.5,-589.516168828678,11.8663807191131));
#10988=CARTESIAN_POINT('Origin',(217.5,-589.516168828678,11.8663807191131));
#10989=CARTESIAN_POINT('',(222.5,-589.516168828678,11.8663807191131));
#10990=CARTESIAN_POINT('Origin',(72.5,-589.516168828678,11.8663807191131));
#10991=CARTESIAN_POINT('',(77.5,-589.516168828678,11.8663807191131));
#10992=CARTESIAN_POINT('Origin',(52.5,-569.516168828678,11.8663807191131));
#10993=CARTESIAN_POINT('',(57.5,-569.516168828678,11.8663807191131));
#10994=CARTESIAN_POINT('',(-3.00000000000137,622.01616882868,-11.866380719112));
#10995=CARTESIAN_POINT('',(0.,0.,0.));
#10996=CARTESIAN_POINT('',(0.,0.,0.));
#10997=CARTESIAN_POINT('Origin',(320.774342896011,122.568765103683,-105.017276990179));
#10998=CARTESIAN_POINT('',(337.574342896011,122.568765103683,-23.2172769901791));
#10999=CARTESIAN_POINT('',(673.574342896011,122.568765103683,-23.217276990179));
#11000=CARTESIAN_POINT('',(337.574342896011,122.568765103683,-23.2172769901791));
#11001=CARTESIAN_POINT('',(337.574342896011,122.568765103683,-88.217276990179));
#11002=CARTESIAN_POINT('',(337.574342896011,122.568765103683,-88.217276990179));
#11003=CARTESIAN_POINT('',(673.574342896011,122.568765103683,-88.217276990179));
#11004=CARTESIAN_POINT('',(337.574342896011,122.568765103683,-88.217276990179));
#11005=CARTESIAN_POINT('',(673.574342896011,122.568765103683,-88.217276990179));
#11006=CARTESIAN_POINT('Origin',(673.574342896011,127.118765103683,-92.767276990179));
#11007=CARTESIAN_POINT('',(673.574342896011,31.5687651036828,-23.2172769901791));
#11008=CARTESIAN_POINT('',(673.574342896011,122.568765103683,-23.217276990179));
#11009=CARTESIAN_POINT('',(673.574342896011,31.5687651036828,-88.2172769901791));
#11010=CARTESIAN_POINT('',(673.574342896011,122.568765103683,-88.217276990179));
#11011=CARTESIAN_POINT('',(673.574342896011,31.5687651036828,-88.2172769901791));
#11012=CARTESIAN_POINT('Origin',(690.374342896011,31.5687651036828,-105.017276990179));
#11013=CARTESIAN_POINT('',(337.574342896011,31.5687651036828,-23.2172769901792));
#11014=CARTESIAN_POINT('',(673.574342896011,31.5687651036828,-23.2172769901791));
#11015=CARTESIAN_POINT('',(337.574342896011,31.5687651036828,-88.2172769901791));
#11016=CARTESIAN_POINT('',(673.574342896011,31.5687651036828,-88.2172769901791));
#11017=CARTESIAN_POINT('',(337.574342896011,31.5687651036828,-88.2172769901791));
#11018=CARTESIAN_POINT('Origin',(337.574342896011,27.0187651036828,-92.7672769901791));
#11019=CARTESIAN_POINT('',(337.574342896011,31.5687651036828,-23.2172769901792));
#11020=CARTESIAN_POINT('',(337.574342896011,31.5687651036828,-88.2172769901791));
#11021=CARTESIAN_POINT('Origin',(706.874342896011,16.5687651036827,-4.91727699017897));
#11022=CARTESIAN_POINT('',(688.574342896011,16.5687651036828,-23.2172769901791));
#11023=CARTESIAN_POINT('',(322.57434289601,16.5687651036828,-23.2172769901792));
#11024=CARTESIAN_POINT('',(688.574342896011,16.5687651036828,-23.2172769901791));
#11025=CARTESIAN_POINT('',(322.57434289601,16.5687651036828,-88.2172769901791));
#11026=CARTESIAN_POINT('',(322.57434289601,16.5687651036828,-88.2172769901791));
#11027=CARTESIAN_POINT('',(688.574342896011,16.5687651036828,-88.2172769901791));
#11028=CARTESIAN_POINT('',(688.574342896011,16.5687651036828,-88.2172769901791));
#11029=CARTESIAN_POINT('',(688.574342896011,16.5687651036828,-88.2172769901791));
#11030=CARTESIAN_POINT('Origin',(706.874342896011,-1.73123489631722,-88.2172769901791));
#11031=CARTESIAN_POINT('',(322.574342896011,137.568765103683,-88.217276990179));
#11032=CARTESIAN_POINT('',(322.574342896011,31.5687651036828,-88.2172769901791));
#11033=CARTESIAN_POINT('',(688.574342896011,137.568765103683,-88.217276990179));
#11034=CARTESIAN_POINT('',(337.574342896011,137.568765103683,-88.217276990179));
#11035=CARTESIAN_POINT('',(688.574342896011,122.568765103683,-88.217276990179));
#11036=CARTESIAN_POINT('Origin',(304.27434289601,-1.73123489631726,-23.2172769901792));
#11037=CARTESIAN_POINT('',(688.574342896011,137.568765103683,-23.217276990179));
#11038=CARTESIAN_POINT('',(688.574342896011,16.5687651036828,-23.2172769901791));
#11039=CARTESIAN_POINT('',(322.574342896011,137.568765103683,-23.2172769901791));
#11040=CARTESIAN_POINT('',(688.574342896011,137.568765103683,-23.217276990179));
#11041=CARTESIAN_POINT('',(322.574342896011,137.568765103683,-23.2172769901791));
#11042=CARTESIAN_POINT('Origin',(628.096842989312,158.246265010221,-88.217276990179));
#11043=CARTESIAN_POINT('',(572.074342896157,206.268765103377,-88.2172769901789));
#11044=CARTESIAN_POINT('',(572.074342896156,246.718766966486,-88.2172769901789));
#11045=CARTESIAN_POINT('',(572.074342896157,206.268765103377,-88.2172769901789));
#11046=CARTESIAN_POINT('',(540.074342896156,246.718766966486,-88.2172769901789));
#11047=CARTESIAN_POINT('',(572.074342896156,246.718766966486,-88.2172769901789));
#11048=CARTESIAN_POINT('',(540.074342896156,326.718766966486,-88.2172769901788));
#11049=CARTESIAN_POINT('',(540.074342896156,246.718766966486,-88.2172769901789));
#11050=CARTESIAN_POINT('',(620.074342896156,326.718766966486,-88.2172769901788));
#11051=CARTESIAN_POINT('',(540.074342896156,326.718766966486,-88.2172769901788));
#11052=CARTESIAN_POINT('',(620.074342896156,246.718766966486,-88.2172769901789));
#11053=CARTESIAN_POINT('',(620.074342896156,326.718766966486,-88.2172769901788));
#11054=CARTESIAN_POINT('',(588.074342896156,246.718766966486,-88.2172769901789));
#11055=CARTESIAN_POINT('',(620.074342896156,246.718766966486,-88.2172769901789));
#11056=CARTESIAN_POINT('',(588.074342896156,206.268765103377,-88.2172769901789));
#11057=CARTESIAN_POINT('',(588.074342896156,246.718766966486,-88.2172769901789));
#11058=CARTESIAN_POINT('',(610.074342896156,206.268765103377,-88.2172769901789));
#11059=CARTESIAN_POINT('',(588.074342896156,206.268765103377,-88.2172769901789));
#11060=CARTESIAN_POINT('',(610.074342896156,166.268765103377,-88.217276990179));
#11061=CARTESIAN_POINT('',(610.074342896156,206.268765103377,-88.2172769901789));
#11062=CARTESIAN_POINT('',(550.074342896156,166.268765103377,-88.217276990179));
#11063=CARTESIAN_POINT('',(610.074342896156,166.268765103377,-88.217276990179));
#11064=CARTESIAN_POINT('',(550.074342896156,206.268765103377,-88.2172769901789));
#11065=CARTESIAN_POINT('',(550.074342896156,166.268765103377,-88.217276990179));
#11066=CARTESIAN_POINT('',(550.074342896156,206.268765103377,-88.2172769901789));
#11067=CARTESIAN_POINT('Origin',(532.051842803001,158.246265010221,-73.2172769901791));
#11068=CARTESIAN_POINT('',(572.074342896156,246.718766966486,-73.2172769901789));
#11069=CARTESIAN_POINT('',(572.074342896156,206.268765103377,-73.2172769901789));
#11070=CARTESIAN_POINT('',(572.074342896156,246.718766966486,-73.2172769901789));
#11071=CARTESIAN_POINT('',(550.074342896156,206.268765103377,-73.2172769901789));
#11072=CARTESIAN_POINT('',(572.074342896156,206.268765103377,-73.2172769901789));
#11073=CARTESIAN_POINT('',(550.074342896156,166.268765103377,-73.2172769901791));
#11074=CARTESIAN_POINT('',(550.074342896156,206.268765103377,-73.2172769901789));
#11075=CARTESIAN_POINT('',(610.074342896156,166.268765103377,-73.217276990179));
#11076=CARTESIAN_POINT('',(550.074342896156,166.268765103377,-73.2172769901791));
#11077=CARTESIAN_POINT('',(610.074342896156,206.268765103377,-73.2172769901789));
#11078=CARTESIAN_POINT('',(610.074342896156,166.268765103377,-73.217276990179));
#11079=CARTESIAN_POINT('',(588.074342896156,206.268765103377,-73.2172769901789));
#11080=CARTESIAN_POINT('',(610.074342896156,206.268765103377,-73.2172769901789));
#11081=CARTESIAN_POINT('',(588.074342896156,246.718766966486,-73.2172769901789));
#11082=CARTESIAN_POINT('',(588.074342896156,206.268765103377,-73.2172769901789));
#11083=CARTESIAN_POINT('',(620.074342896156,246.718766966486,-73.2172769901789));
#11084=CARTESIAN_POINT('',(588.074342896156,246.718766966486,-73.2172769901789));
#11085=CARTESIAN_POINT('',(620.074342896156,326.718766966486,-73.2172769901788));
#11086=CARTESIAN_POINT('',(620.074342896156,246.718766966486,-73.2172769901789));
#11087=CARTESIAN_POINT('',(540.074342896156,326.718766966486,-73.2172769901788));
#11088=CARTESIAN_POINT('',(620.074342896156,326.718766966486,-73.2172769901788));
#11089=CARTESIAN_POINT('',(540.074342896156,246.718766966486,-73.2172769901789));
#11090=CARTESIAN_POINT('',(540.074342896156,326.718766966486,-73.2172769901788));
#11091=CARTESIAN_POINT('',(540.074342896156,246.718766966486,-73.2172769901789));
#11092=CARTESIAN_POINT('Origin',(706.982504947053,283.068765103694,6.28272300982115));
#11093=CARTESIAN_POINT('',(706.982504947054,287.568765103694,1.78272300982115));
#11094=CARTESIAN_POINT('',(706.982504947054,289.739034989673,1.78272300982115));
#11095=CARTESIAN_POINT('',(706.982504947054,287.568765103694,1.78272300982115));
#11096=CARTESIAN_POINT('',(706.982504947054,289.739034989673,-73.2172769901789));
#11097=CARTESIAN_POINT('',(706.982504947053,289.739034989673,-73.2172769901789));
#11098=CARTESIAN_POINT('',(706.982504947053,287.568765103694,-73.2172769901789));
#11099=CARTESIAN_POINT('',(706.982504947053,287.568765103694,-73.2172769901789));
#11100=CARTESIAN_POINT('',(706.982504947053,287.568765103694,-73.2172769901789));
#11101=CARTESIAN_POINT('Origin',(711.482504947055,289.739034989673,6.28272300982117));
#11102=CARTESIAN_POINT('',(700.69344991329,289.739034989673,1.78272300982115));
#11103=CARTESIAN_POINT('',(706.982504947055,289.739034989673,1.78272300982115));
#11104=CARTESIAN_POINT('',(700.69344991329,289.739034989673,-73.2172769901789));
#11105=CARTESIAN_POINT('',(700.69344991329,289.739034989673,-73.2172769901789));
#11106=CARTESIAN_POINT('',(706.982504947055,289.739034989673,-73.2172769901789));
#11107=CARTESIAN_POINT('Origin',(700.69344991329,294.239034989673,6.28272300982117));
#11108=CARTESIAN_POINT('',(700.693449913291,287.568765103694,1.78272300982115));
#11109=CARTESIAN_POINT('',(700.69344991329,289.739034989673,1.78272300982115));
#11110=CARTESIAN_POINT('',(700.69344991329,287.568765103694,-73.2172769901789));
#11111=CARTESIAN_POINT('',(700.69344991329,287.568765103694,-73.2172769901789));
#11112=CARTESIAN_POINT('',(700.69344991329,289.739034989673,-73.2172769901789));
#11113=CARTESIAN_POINT('Origin',(705.193449913291,287.568765103694,6.28272300982117));
#11114=CARTESIAN_POINT('',(689.174342895982,287.568765103693,1.78272300982115));
#11115=CARTESIAN_POINT('',(700.693449913291,287.568765103694,1.78272300982115));
#11116=CARTESIAN_POINT('',(689.174342895982,287.568765103693,-73.2172769901789));
#11117=CARTESIAN_POINT('',(689.174342895982,287.568765103694,-73.2172769901789));
#11118=CARTESIAN_POINT('',(700.693449913291,287.568765103694,-73.2172769901789));
#11119=CARTESIAN_POINT('Origin',(689.174342895982,283.068765103692,6.28272300982115));
#11120=CARTESIAN_POINT('',(689.174342895982,288.068765103691,1.78272300982115));
#11121=CARTESIAN_POINT('',(689.174342895982,287.568765103692,1.78272300982115));
#11122=CARTESIAN_POINT('',(689.174342895982,288.068765103691,-73.2172769901789));
#11123=CARTESIAN_POINT('',(689.174342895982,288.068765103691,-73.2172769901789));
#11124=CARTESIAN_POINT('',(689.174342895982,287.568765103692,-73.2172769901789));
#11125=CARTESIAN_POINT('Origin',(693.508188753063,286.857245360947,6.28272300982115));
#11126=CARTESIAN_POINT('',(688.458903319692,288.268765103691,1.78272300982115));
#11127=CARTESIAN_POINT('',(689.174342895982,288.068765103691,1.78272300982115));
#11128=CARTESIAN_POINT('',(688.458903319692,288.268765103691,-73.2172769901789));
#11129=CARTESIAN_POINT('',(688.458903319692,288.268765103691,-73.2172769901789));
#11130=CARTESIAN_POINT('',(689.174342895982,288.068765103691,-73.2172769901789));
#11131=CARTESIAN_POINT('Origin',(688.458903319692,283.768765103691,6.28272300982115));
#11132=CARTESIAN_POINT('',(688.458903319692,289.368765103691,1.78272300982115));
#11133=CARTESIAN_POINT('',(688.458903319692,288.268765103691,1.78272300982115));
#11134=CARTESIAN_POINT('',(688.458903319692,289.368765103691,-73.2172769901789));
#11135=CARTESIAN_POINT('',(688.458903319692,289.368765103691,-73.2172769901789));
#11136=CARTESIAN_POINT('',(688.458903319692,288.268765103691,-73.2172769901789));
#11137=CARTESIAN_POINT('Origin',(691.504520466218,286.056029648393,6.28272300982115));
#11138=CARTESIAN_POINT('',(688.442548197297,289.38655466529,1.78272300982115));
#11139=CARTESIAN_POINT('',(688.458903319692,289.368765103691,1.78272300982115));
#11140=CARTESIAN_POINT('',(688.442548197296,289.38655466529,-73.2172769901789));
#11141=CARTESIAN_POINT('',(688.442548197296,289.38655466529,-73.2172769901789));
#11142=CARTESIAN_POINT('',(688.458903319692,289.368765103691,-73.2172769901789));
#11143=CARTESIAN_POINT('Origin',(691.520047210274,286.103415949804,6.28272300982115));
#11144=CARTESIAN_POINT('',(688.42598702344,289.40422246334,1.78272300982115));
#11145=CARTESIAN_POINT('',(688.442548197297,289.38655466529,1.78272300982115));
#11146=CARTESIAN_POINT('',(688.42598702344,289.40422246334,-73.2172769901789));
#11147=CARTESIAN_POINT('',(688.42598702344,289.40422246334,-73.2172769901789));
#11148=CARTESIAN_POINT('',(688.442548197297,289.38655466529,-73.2172769901789));
#11149=CARTESIAN_POINT('Origin',(691.540915329957,286.156573830057,6.28272300982115));
#11150=CARTESIAN_POINT('',(688.409199040437,289.42172574582,1.78272300982115));
#11151=CARTESIAN_POINT('',(688.42598702344,289.40422246334,1.78272300982115));
#11152=CARTESIAN_POINT('',(688.409199040438,289.42172574582,-73.2172769901789));
#11153=CARTESIAN_POINT('',(688.409199040438,289.42172574582,-73.2172769901789));
#11154=CARTESIAN_POINT('',(688.42598702344,289.40422246334,-73.2172769901789));
#11155=CARTESIAN_POINT('Origin',(691.566947782768,286.215696600551,6.28272300982115));
#11156=CARTESIAN_POINT('',(688.392163490603,289.439021760713,1.78272300982115));
#11157=CARTESIAN_POINT('',(688.409199040437,289.42172574582,1.78272300982115));
#11158=CARTESIAN_POINT('',(688.392163490603,289.439021760713,-73.2172769901789));
#11159=CARTESIAN_POINT('',(688.392163490603,289.439021760713,-73.2172769901789));
#11160=CARTESIAN_POINT('',(688.409199040438,289.42172574582,-73.2172769901789));
#11161=CARTESIAN_POINT('Origin',(691.597942145424,286.281018718236,6.28272300982115));
#11162=CARTESIAN_POINT('',(688.374859616249,289.456067756004,1.78272300982115));
#11163=CARTESIAN_POINT('',(688.392163490603,289.439021760713,1.78272300982115));
#11164=CARTESIAN_POINT('',(688.374859616249,289.456067756004,-73.2172769901789));
#11165=CARTESIAN_POINT('',(688.37485961625,289.456067756004,-73.2172769901789));
#11166=CARTESIAN_POINT('',(688.392163490603,289.439021760713,-73.2172769901789));
#11167=CARTESIAN_POINT('Origin',(691.633662820591,286.352811131847,6.28272300982115));
#11168=CARTESIAN_POINT('',(688.357266659683,289.472820979682,1.78272300982115));
#11169=CARTESIAN_POINT('',(688.374859616249,289.456067756004,1.78272300982115));
#11170=CARTESIAN_POINT('',(688.357266659683,289.472820979682,-73.2172769901789));
#11171=CARTESIAN_POINT('',(688.357266659683,289.472820979682,-73.2172769901789));
#11172=CARTESIAN_POINT('',(688.374859616249,289.456067756004,-73.2172769901789));
#11173=CARTESIAN_POINT('Origin',(691.673832430568,286.431375355083,6.28272300982115));
#11174=CARTESIAN_POINT('',(688.339363863207,289.489238679728,1.78272300982115));
#11175=CARTESIAN_POINT('',(688.357266659683,289.472820979682,1.78272300982115));
#11176=CARTESIAN_POINT('',(688.339363863207,289.489238679728,-73.2172769901789));
#11177=CARTESIAN_POINT('',(688.339363863207,289.489238679728,-73.2172769901789));
#11178=CARTESIAN_POINT('',(688.357266659683,289.472820979682,-73.2172769901789));
#11179=CARTESIAN_POINT('Origin',(691.71812258388,286.517035875834,6.28272300982115));
#11180=CARTESIAN_POINT('',(688.321130469115,289.505278104122,1.78272300982115));
#11181=CARTESIAN_POINT('',(688.339363863207,289.489238679728,1.78272300982115));
#11182=CARTESIAN_POINT('',(688.321130469115,289.505278104122,-73.2172769901789));
#11183=CARTESIAN_POINT('',(688.321130469115,289.505278104122,-73.2172769901789));
#11184=CARTESIAN_POINT('',(688.339363863207,289.489238679728,-73.2172769901789));
#11185=CARTESIAN_POINT('Origin',(691.766144306843,286.610130498582,6.28272300982115));
#11186=CARTESIAN_POINT('',(688.302545719694,289.520896500831,1.78272300982115));
#11187=CARTESIAN_POINT('',(688.321130469115,289.505278104122,1.78272300982115));
#11188=CARTESIAN_POINT('',(688.302545719694,289.520896500831,-73.2172769901789));
#11189=CARTESIAN_POINT('',(688.302545719694,289.520896500831,-73.2172769901789));
#11190=CARTESIAN_POINT('',(688.321130469115,289.505278104122,-73.2172769901789));
#11191=CARTESIAN_POINT('Origin',(691.817438571781,286.710998239621,6.28272300982115));
#11192=CARTESIAN_POINT('',(688.283588857221,289.536051117812,1.78272300982115));
#11193=CARTESIAN_POINT('',(688.302545719694,289.520896500831,1.78272300982115));
#11194=CARTESIAN_POINT('',(688.28358885722,289.536051117812,-73.2172769901789));
#11195=CARTESIAN_POINT('',(688.283588857221,289.536051117812,-73.2172769901789));
#11196=CARTESIAN_POINT('',(688.302545719694,289.520896500831,-73.2172769901789));
#11197=CARTESIAN_POINT('Origin',(691.871467517801,286.819964462907,6.28272300982115));
#11198=CARTESIAN_POINT('',(688.264239123959,289.550699203006,1.78272300982115));
#11199=CARTESIAN_POINT('',(688.283588857221,289.536051117812,1.78272300982115));
#11200=CARTESIAN_POINT('',(688.264239123959,289.550699203006,-73.2172769901789));
#11201=CARTESIAN_POINT('',(688.264239123959,289.550699203006,-73.2172769901789));
#11202=CARTESIAN_POINT('',(688.28358885722,289.536051117812,-73.2172769901789));
#11203=CARTESIAN_POINT('Origin',(691.927607141009,286.937323077827,6.28272300982115));
#11204=CARTESIAN_POINT('',(688.244475762162,289.564798004337,1.78272300982115));
#11205=CARTESIAN_POINT('',(688.264239123959,289.550699203006,1.78272300982115));
#11206=CARTESIAN_POINT('',(688.244475762162,289.564798004337,-73.2172769901789));
#11207=CARTESIAN_POINT('',(688.244475762162,289.564798004337,-73.2172769901789));
#11208=CARTESIAN_POINT('',(688.264239123959,289.550699203006,-73.2172769901789));
#11209=CARTESIAN_POINT('Origin',(691.985142408334,287.063315835259,6.28272300982115));
#11210=CARTESIAN_POINT('',(688.224278014065,289.578304769707,1.78272300982115));
#11211=CARTESIAN_POINT('',(688.244475762161,289.564798004337,1.78272300982115));
#11212=CARTESIAN_POINT('',(688.224278014065,289.578304769707,-73.2172769901789));
#11213=CARTESIAN_POINT('',(688.224278014065,289.578304769707,-73.2172769901789));
#11214=CARTESIAN_POINT('',(688.244475762161,289.564798004337,-73.2172769901789));
#11215=CARTESIAN_POINT('Origin',(692.04327885816,287.198129870082,6.28272300982115));
#11216=CARTESIAN_POINT('',(688.203625631374,289.591176273251,1.78272300982115));
#11217=CARTESIAN_POINT('',(688.224278014065,289.578304769707,1.78272300982115));
#11218=CARTESIAN_POINT('',(688.203625631374,289.591176273251,-73.2172769901789));
#11219=CARTESIAN_POINT('',(688.203625631374,289.591176273251,-73.2172769901789));
#11220=CARTESIAN_POINT('',(688.224278014065,289.578304769707,-73.2172769901789));
#11221=CARTESIAN_POINT('Origin',(692.10163747749,287.342731555776,6.28272300982115));
#11222=CARTESIAN_POINT('',(688.182516555518,289.603352375319,1.78272300982115));
#11223=CARTESIAN_POINT('',(688.203625631374,289.591176273251,1.78272300982115));
#11224=CARTESIAN_POINT('',(688.182516555518,289.603352375319,-73.2172769901789));
#11225=CARTESIAN_POINT('',(688.182516555518,289.603352375319,-73.2172769901789));
#11226=CARTESIAN_POINT('',(688.203625631374,289.591176273251,-73.2172769901789));
#11227=CARTESIAN_POINT('Origin',(692.160081518491,287.498838900587,6.28272300982117));
#11228=CARTESIAN_POINT('',(688.160971462283,289.614751796686,1.78272300982115));
#11229=CARTESIAN_POINT('',(688.182516555518,289.603352375319,1.78272300982115));
#11230=CARTESIAN_POINT('',(688.160971462283,289.614751796686,-73.2172769901789));
#11231=CARTESIAN_POINT('',(688.160971462284,289.614751796686,-73.2172769901789));
#11232=CARTESIAN_POINT('',(688.182516555518,289.603352375319,-73.2172769901789));
#11233=CARTESIAN_POINT('Origin',(692.216106311889,287.663884976137,6.28272300982117));
#11234=CARTESIAN_POINT('',(688.139975506289,289.624852647936,1.78272300982115));
#11235=CARTESIAN_POINT('',(688.160971462283,289.614751796686,1.78272300982115));
#11236=CARTESIAN_POINT('',(688.139975506289,289.624852647936,-73.2172769901789));
#11237=CARTESIAN_POINT('',(688.139975506289,289.624852647936,-73.2172769901789));
#11238=CARTESIAN_POINT('',(688.160971462283,289.614751796685,-73.2172769901789));
#11239=CARTESIAN_POINT('Origin',(692.273179054463,287.845350349717,6.28272300982117));
#11240=CARTESIAN_POINT('',(688.116661657329,289.634890152095,1.78272300982115));
#11241=CARTESIAN_POINT('',(688.139975506289,289.624852647936,1.78272300982115));
#11242=CARTESIAN_POINT('',(688.116661657329,289.634890152095,-73.2172769901789));
#11243=CARTESIAN_POINT('',(688.116661657329,289.634890152095,-73.2172769901789));
#11244=CARTESIAN_POINT('',(688.139975506289,289.624852647936,-73.2172769901789));
#11245=CARTESIAN_POINT('Origin',(692.326873073423,288.046142270336,6.28272300982117));
#11246=CARTESIAN_POINT('',(688.093941162479,289.643463863602,1.78272300982115));
#11247=CARTESIAN_POINT('',(688.11666165733,289.634890152095,1.78272300982115));
#11248=CARTESIAN_POINT('',(688.093941162479,289.643463863602,-73.2172769901789));
#11249=CARTESIAN_POINT('',(688.093941162479,289.643463863602,-73.2172769901789));
#11250=CARTESIAN_POINT('',(688.116661657329,289.634890152095,-73.2172769901789));
#11251=CARTESIAN_POINT('Origin',(692.375257524038,288.257704067586,6.28272300982117));
#11252=CARTESIAN_POINT('',(688.070873083985,289.650930449355,1.78272300982115));
#11253=CARTESIAN_POINT('',(688.093941162479,289.643463863602,1.78272300982115));
#11254=CARTESIAN_POINT('',(688.070873083985,289.650930449355,-73.2172769901789));
#11255=CARTESIAN_POINT('',(688.070873083985,289.650930449355,-73.2172769901789));
#11256=CARTESIAN_POINT('',(688.093941162479,289.643463863602,-73.2172769901789));
#11257=CARTESIAN_POINT('Origin',(692.417141226313,288.484760120895,6.28272300982117));
#11258=CARTESIAN_POINT('',(688.047479530315,289.657207298199,1.78272300982115));
#11259=CARTESIAN_POINT('',(688.070873083985,289.650930449355,1.78272300982115));
#11260=CARTESIAN_POINT('',(688.047479530316,289.657207298199,-73.2172769901789));
#11261=CARTESIAN_POINT('',(688.047479530316,289.657207298199,-73.2172769901789));
#11262=CARTESIAN_POINT('',(688.070873083985,289.650930449355,-73.2172769901789));
#11263=CARTESIAN_POINT('Origin',(692.450365542894,288.727371420077,6.28272300982117));
#11264=CARTESIAN_POINT('',(688.02378260995,289.662211799041,1.78272300982115));
#11265=CARTESIAN_POINT('',(688.047479530315,289.657207298199,1.78272300982115));
#11266=CARTESIAN_POINT('',(688.023782609951,289.662211799041,-73.2172769901789));
#11267=CARTESIAN_POINT('',(688.023782609951,289.662211799041,-73.2172769901789));
#11268=CARTESIAN_POINT('',(688.047479530315,289.657207298199,-73.2172769901789));
#11269=CARTESIAN_POINT('Origin',(692.472548376012,288.985097954317,6.28272300982117));
#11270=CARTESIAN_POINT('',(687.999804431377,289.665861340855,1.78272300982115));
#11271=CARTESIAN_POINT('',(688.02378260995,289.662211799041,1.78272300982115));
#11272=CARTESIAN_POINT('',(687.999804431377,289.665861340855,-73.2172769901789));
#11273=CARTESIAN_POINT('',(687.999804431377,289.665861340855,-73.2172769901789));
#11274=CARTESIAN_POINT('',(688.023782609951,289.662211799041,-73.2172769901789));
#11275=CARTESIAN_POINT('Origin',(692.48118057531,289.256877408908,6.28272300982117));
#11276=CARTESIAN_POINT('',(687.975567103087,289.668073312693,1.78272300982115));
#11277=CARTESIAN_POINT('',(687.999804431377,289.665861340855,1.78272300982115));
#11278=CARTESIAN_POINT('',(687.975567103087,289.668073312693,-73.2172769901789));
#11279=CARTESIAN_POINT('',(687.975567103087,289.668073312693,-73.2172769901789));
#11280=CARTESIAN_POINT('',(687.999804431377,289.665861340855,-73.2172769901789));
#11281=CARTESIAN_POINT('Origin',(692.473770512324,289.540927376375,6.28272300982117));
#11282=CARTESIAN_POINT('',(687.951092733575,289.668765103691,1.78272300982115));
#11283=CARTESIAN_POINT('',(687.975567103087,289.668073312693,1.78272300982115));
#11284=CARTESIAN_POINT('',(687.951092733575,289.668765103691,-73.2172769901789));
#11285=CARTESIAN_POINT('',(687.951092733575,289.668765103691,-73.2172769901789));
#11286=CARTESIAN_POINT('',(687.975567103087,289.668073312693,-73.2172769901789));
#11287=CARTESIAN_POINT('Origin',(692.451092733575,289.668765103691,6.28272300982117));
#11288=CARTESIAN_POINT('',(687.174342896009,289.66876510369,1.78272300982115));
#11289=CARTESIAN_POINT('',(687.951092733575,289.668765103691,1.78272300982115));
#11290=CARTESIAN_POINT('',(687.174342896009,289.668765103691,-73.2172769901789));
#11291=CARTESIAN_POINT('',(687.174342896009,289.668765103691,-73.2172769901789));
#11292=CARTESIAN_POINT('',(687.951092733575,289.668765103691,-73.2172769901789));
#11293=CARTESIAN_POINT('Origin',(687.174342896009,285.16876510369,6.28272300982115));
#11294=CARTESIAN_POINT('',(687.174342896009,291.168765103691,1.78272300982115));
#11295=CARTESIAN_POINT('',(687.174342896009,289.66876510369,1.78272300982115));
#11296=CARTESIAN_POINT('',(687.174342896009,291.168765103691,-73.2172769901789));
#11297=CARTESIAN_POINT('',(687.174342896009,291.168765103691,-73.2172769901789));
#11298=CARTESIAN_POINT('',(687.174342896009,289.66876510369,-73.2172769901789));
#11299=CARTESIAN_POINT('Origin',(689.174342896009,291.168765103691,6.28272300982117));
#11300=CARTESIAN_POINT('',(689.174342896009,293.168765103691,1.78272300982115));
#11301=CARTESIAN_POINT('Origin',(689.174342896009,291.168765103691,1.78272300982115));
#11302=CARTESIAN_POINT('',(689.174342896009,293.168765103691,-73.2172769901789));
#11303=CARTESIAN_POINT('',(689.174342896009,293.168765103691,-73.2172769901789));
#11304=CARTESIAN_POINT('Origin',(689.174342896009,291.168765103691,-73.2172769901789));
#11305=CARTESIAN_POINT('Origin',(684.674342896009,293.168765103691,6.28272300982117));
#11306=CARTESIAN_POINT('',(690.674342895997,293.168765103691,1.78272300982115));
#11307=CARTESIAN_POINT('',(689.174342896009,293.168765103691,1.78272300982115));
#11308=CARTESIAN_POINT('',(690.674342895997,293.168765103691,-73.2172769901789));
#11309=CARTESIAN_POINT('',(690.674342895997,293.168765103691,-73.2172769901789));
#11310=CARTESIAN_POINT('',(689.174342896009,293.168765103691,-73.2172769901789));
#11311=CARTESIAN_POINT('Origin',(690.674342896009,295.168765103691,-92.7172769901789));
#11312=CARTESIAN_POINT('',(692.674342895998,295.168765103691,1.78272300982115));
#11313=CARTESIAN_POINT('Origin',(690.674342896009,295.168765103691,1.78272300982115));
#11314=CARTESIAN_POINT('',(692.674342895988,295.168765103691,-73.2172769901789));
#11315=CARTESIAN_POINT('',(692.674342896009,295.168765103691,-73.2172769901789));
#11316=CARTESIAN_POINT('Origin',(690.674342896009,295.168765103691,-73.2172769901789));
#11317=CARTESIAN_POINT('Origin',(692.674342895945,290.668765103691,6.28272300982117));
#11318=CARTESIAN_POINT('',(692.674342896278,305.46876510367,1.78272300982115));
#11319=CARTESIAN_POINT('',(692.674342895993,295.168765103691,1.78272300982115));
#11320=CARTESIAN_POINT('',(692.674342896112,305.46876510367,-73.2172769901788));
#11321=CARTESIAN_POINT('',(692.674342895945,305.46876510367,-73.2172769901788));
#11322=CARTESIAN_POINT('',(692.674342895945,295.168765103691,-73.2172769901789));
#11323=CARTESIAN_POINT('Origin',(692.674342896445,300.96876510367,6.28272300982117));
#11324=CARTESIAN_POINT('',(692.674342896445,313.768765103683,1.78272300982117));
#11325=CARTESIAN_POINT('',(692.674342896445,305.46876510367,1.78272300982115));
#11326=CARTESIAN_POINT('',(692.674342896445,313.768765103683,-73.2172769901788));
#11327=CARTESIAN_POINT('',(692.674342896445,313.768765103683,-73.2172769901788));
#11328=CARTESIAN_POINT('',(692.674342896445,305.46876510367,-73.2172769901788));
#11329=CARTESIAN_POINT('Origin',(690.674342896445,313.768765103683,-92.7172769901788));
#11330=CARTESIAN_POINT('',(690.674342896445,315.768765103683,1.78272300982087));
#11331=CARTESIAN_POINT('Origin',(690.674342896445,313.768765103683,1.78272300982117));
#11332=CARTESIAN_POINT('',(690.674342896445,315.768765103683,-73.2172769901788));
#11333=CARTESIAN_POINT('',(690.674342896445,315.768765103683,-73.2172769901788));
#11334=CARTESIAN_POINT('Origin',(690.674342896445,313.768765103683,-73.2172769901788));
#11335=CARTESIAN_POINT('Origin',(695.174342896445,315.768765103683,6.28272300982118));
#11336=CARTESIAN_POINT('',(677.474342896009,315.768765103683,1.78272300982117));
#11337=CARTESIAN_POINT('',(690.674342896445,315.768765103683,1.78272300982117));
#11338=CARTESIAN_POINT('',(677.474342896009,315.768765103683,-73.2172769901788));
#11339=CARTESIAN_POINT('',(677.474342896009,315.768765103683,-73.2172769901788));
#11340=CARTESIAN_POINT('',(690.674342896445,315.768765103683,-73.2172769901788));
#11341=CARTESIAN_POINT('Origin',(677.474342896009,313.768765103683,-92.7172769901788));
#11342=CARTESIAN_POINT('',(675.474342896009,313.768765103683,1.78272300982087));
#11343=CARTESIAN_POINT('Origin',(677.474342896009,313.768765103683,1.78272300982117));
#11344=CARTESIAN_POINT('',(675.474342896009,313.768765103683,-73.2172769901788));
#11345=CARTESIAN_POINT('',(675.474342896009,313.768765103683,-73.2172769901788));
#11346=CARTESIAN_POINT('Origin',(677.474342896009,313.768765103683,-73.2172769901788));
#11347=CARTESIAN_POINT('Origin',(675.474342896009,318.268765103683,6.28272300982118));
#11348=CARTESIAN_POINT('',(675.474342896009,305.768765103683,1.78272300982115));
#11349=CARTESIAN_POINT('',(675.474342896009,313.768765103683,1.78272300982117));
#11350=CARTESIAN_POINT('',(675.474342896009,305.768765103683,-73.2172769901788));
#11351=CARTESIAN_POINT('',(675.474342896009,305.768765103683,-73.2172769901788));
#11352=CARTESIAN_POINT('',(675.474342896009,313.768765103683,-73.2172769901788));
#11353=CARTESIAN_POINT('Origin',(675.474342896009,310.268765103683,6.28272300982118));
#11354=CARTESIAN_POINT('',(675.474342896009,295.168765103691,1.78272300982115));
#11355=CARTESIAN_POINT('',(675.474342896009,305.768765103683,1.78272300982115));
#11356=CARTESIAN_POINT('',(675.474342896009,295.168765103691,-73.2172769901789));
#11357=CARTESIAN_POINT('',(675.474342896009,295.168765103691,-73.2172769901789));
#11358=CARTESIAN_POINT('',(675.474342896009,305.768765103683,-73.2172769901788));
#11359=CARTESIAN_POINT('Origin',(677.474342896009,295.168765103691,-92.7172769901789));
#11360=CARTESIAN_POINT('',(677.474342896055,293.168765103691,1.78272300982085));
#11361=CARTESIAN_POINT('Origin',(677.474342896009,295.168765103691,1.78272300982115));
#11362=CARTESIAN_POINT('',(677.474342896055,293.168765103691,-73.2172769901789));
#11363=CARTESIAN_POINT('',(677.474342896055,293.168765103691,-73.2172769901789));
#11364=CARTESIAN_POINT('Origin',(677.474342896009,295.168765103691,-73.2172769901789));
#11365=CARTESIAN_POINT('Origin',(672.974342896055,293.168765103691,6.28272300982117));
#11366=CARTESIAN_POINT('',(678.974342896009,293.168765103691,1.78272300982115));
#11367=CARTESIAN_POINT('',(677.474342896055,293.168765103691,1.78272300982115));
#11368=CARTESIAN_POINT('',(678.974342896009,293.168765103691,-73.2172769901789));
#11369=CARTESIAN_POINT('',(678.974342896009,293.168765103691,-73.2172769901789));
#11370=CARTESIAN_POINT('',(677.474342896055,293.168765103691,-73.2172769901789));
#11371=CARTESIAN_POINT('Origin',(678.974342896009,291.168765103691,6.28272300982117));
#11372=CARTESIAN_POINT('',(680.974342896009,291.168765103691,1.78272300982115));
#11373=CARTESIAN_POINT('Origin',(678.974342896009,291.168765103691,1.78272300982115));
#11374=CARTESIAN_POINT('',(680.974342896009,291.168765103691,-73.2172769901789));
#11375=CARTESIAN_POINT('',(680.974342896009,291.168765103691,-73.2172769901789));
#11376=CARTESIAN_POINT('Origin',(678.974342896009,291.168765103691,-73.2172769901789));
#11377=CARTESIAN_POINT('Origin',(680.974342896009,295.668765103691,6.28272300982117));
#11378=CARTESIAN_POINT('',(680.974342896008,289.668765103691,1.78272300982115));
#11379=CARTESIAN_POINT('',(680.974342896009,291.168765103691,1.78272300982115));
#11380=CARTESIAN_POINT('',(680.974342896008,289.668765103691,-73.2172769901789));
#11381=CARTESIAN_POINT('',(680.974342896009,289.668765103691,-73.2172769901789));
#11382=CARTESIAN_POINT('',(680.974342896009,291.168765103691,-73.2172769901789));
#11383=CARTESIAN_POINT('Origin',(685.474342896007,289.668765103692,6.28272300982117));
#11384=CARTESIAN_POINT('',(680.07434289624,289.668765103691,1.78272300982115));
#11385=CARTESIAN_POINT('',(680.974342896007,289.668765103691,1.78272300982115));
#11386=CARTESIAN_POINT('',(680.07434289624,289.668765103692,-73.2172769901789));
#11387=CARTESIAN_POINT('',(680.07434289624,289.668765103692,-73.2172769901789));
#11388=CARTESIAN_POINT('',(680.974342896007,289.668765103692,-73.2172769901789));
#11389=CARTESIAN_POINT('Origin',(683.932771150462,291.984479120365,6.28272300982117));
#11390=CARTESIAN_POINT('',(679.94712824882,289.592414651448,1.78272300982115));
#11391=CARTESIAN_POINT('',(680.07434289624,289.668765103691,1.78272300982115));
#11392=CARTESIAN_POINT('',(679.94712824882,289.592414651448,-73.2172769901789));
#11393=CARTESIAN_POINT('',(679.94712824882,289.592414651448,-73.2172769901789));
#11394=CARTESIAN_POINT('',(680.07434289624,289.668765103691,-73.2172769901789));
#11395=CARTESIAN_POINT('Origin',(683.529232494855,292.316112353201,6.28272300982117));
#11396=CARTESIAN_POINT('',(679.798751489369,289.479594529265,1.78272300982115));
#11397=CARTESIAN_POINT('',(679.94712824882,289.592414651448,1.78272300982115));
#11398=CARTESIAN_POINT('',(679.798751489369,289.479594529265,-73.2172769901789));
#11399=CARTESIAN_POINT('',(679.798751489369,289.479594529265,-73.2172769901789));
#11400=CARTESIAN_POINT('',(679.94712824882,289.592414651448,-73.2172769901789));
#11401=CARTESIAN_POINT('Origin',(682.953686211184,292.688392887076,6.28272300982117));
#11402=CARTESIAN_POINT('',(679.689782472326,289.368765103691,1.78272300982115));
#11403=CARTESIAN_POINT('',(679.798751489369,289.479594529265,1.78272300982115));
#11404=CARTESIAN_POINT('',(679.689782472326,289.368765103691,-73.2172769901789));
#11405=CARTESIAN_POINT('',(679.689782472326,289.368765103691,-73.2172769901789));
#11406=CARTESIAN_POINT('',(679.798751489369,289.479594529265,-73.2172769901789));
#11407=CARTESIAN_POINT('Origin',(679.689782472325,293.868765103691,6.28272300982117));
#11408=CARTESIAN_POINT('',(679.689782472325,288.268765103691,1.78272300982115));
#11409=CARTESIAN_POINT('',(679.689782472325,289.368765103691,1.78272300982115));
#11410=CARTESIAN_POINT('',(679.689782472325,288.268765103691,-73.2172769901789));
#11411=CARTESIAN_POINT('',(679.689782472325,288.268765103691,-73.2172769901789));
#11412=CARTESIAN_POINT('',(679.689782472325,289.368765103691,-73.2172769901789));
#11413=CARTESIAN_POINT('Origin',(684.023628329407,289.480284846435,6.28272300982117));
#11414=CARTESIAN_POINT('',(678.974342896035,288.068765103691,1.78272300982115));
#11415=CARTESIAN_POINT('',(679.689782472325,288.268765103691,1.78272300982115));
#11416=CARTESIAN_POINT('',(678.974342896035,288.068765103691,-73.2172769901789));
#11417=CARTESIAN_POINT('',(678.974342896035,288.068765103691,-73.2172769901789));
#11418=CARTESIAN_POINT('',(679.689782472325,288.268765103691,-73.2172769901789));
#11419=CARTESIAN_POINT('Origin',(678.974342896036,292.568765103691,6.28272300982117));
#11420=CARTESIAN_POINT('',(678.974342896035,287.568765103693,1.78272300982115));
#11421=CARTESIAN_POINT('',(678.974342896035,288.068765103691,1.78272300982115));
#11422=CARTESIAN_POINT('',(678.974342896035,287.568765103693,-73.2172769901789));
#11423=CARTESIAN_POINT('',(678.974342896036,287.568765103693,-73.2172769901789));
#11424=CARTESIAN_POINT('',(678.974342896036,288.068765103691,-73.2172769901789));
#11425=CARTESIAN_POINT('Origin',(683.474342896035,287.568765103693,6.28272300982117));
#11426=CARTESIAN_POINT('',(669.688217205407,287.568765103694,1.78272300982115));
#11427=CARTESIAN_POINT('',(678.974342896035,287.568765103693,1.78272300982115));
#11428=CARTESIAN_POINT('',(669.688217205407,287.568765103694,-73.2172769901789));
#11429=CARTESIAN_POINT('',(669.688217205407,287.568765103693,-73.2172769901789));
#11430=CARTESIAN_POINT('',(678.974342896035,287.568765103693,-73.2172769901789));
#11431=CARTESIAN_POINT('Origin',(669.688217205407,283.068765103695,6.28272300982115));
#11432=CARTESIAN_POINT('',(669.688217205407,294.768765103694,1.78272300982115));
#11433=CARTESIAN_POINT('',(669.688217205407,287.568765103695,1.78272300982115));
#11434=CARTESIAN_POINT('',(669.688217205407,294.768765103694,-73.2172769901789));
#11435=CARTESIAN_POINT('',(669.688217205407,294.768765103694,-73.2172769901789));
#11436=CARTESIAN_POINT('',(669.688217205407,287.568765103695,-73.2172769901789));
#11437=CARTESIAN_POINT('Origin',(674.188217205407,294.768765103694,6.28272300982117));
#11438=CARTESIAN_POINT('',(654.688217205407,294.768765103694,1.78272300982115));
#11439=CARTESIAN_POINT('',(669.688217205407,294.768765103694,1.78272300982115));
#11440=CARTESIAN_POINT('',(654.688217205407,294.768765103694,-73.2172769901789));
#11441=CARTESIAN_POINT('',(654.688217205407,294.768765103694,-73.2172769901789));
#11442=CARTESIAN_POINT('',(669.688217205407,294.768765103694,-73.2172769901789));
#11443=CARTESIAN_POINT('Origin',(654.688217205407,299.268765103694,6.28272300982117));
#11444=CARTESIAN_POINT('',(654.688217205407,287.568765103694,1.78272300982115));
#11445=CARTESIAN_POINT('',(654.688217205407,294.768765103694,1.78272300982115));
#11446=CARTESIAN_POINT('',(654.688217205407,287.568765103694,-73.2172769901789));
#11447=CARTESIAN_POINT('',(654.688217205407,287.568765103694,-73.2172769901789));
#11448=CARTESIAN_POINT('',(654.688217205407,294.768765103694,-73.2172769901789));
#11449=CARTESIAN_POINT('Origin',(659.188217205407,287.568765103694,6.28272300982117));
#11450=CARTESIAN_POINT('',(652.141997656756,287.568765103694,1.78272300982115));
#11451=CARTESIAN_POINT('',(654.688217205407,287.568765103694,1.78272300982115));
#11452=CARTESIAN_POINT('',(652.141997656756,287.568765103694,-73.2172769901789));
#11453=CARTESIAN_POINT('',(652.141997656756,287.568765103694,-73.2172769901789));
#11454=CARTESIAN_POINT('',(654.688217205407,287.568765103694,-73.2172769901789));
#11455=CARTESIAN_POINT('Origin',(652.141997194794,293.118765103695,7.33272300982176));
#11456=CARTESIAN_POINT('',(652.142006896006,176.568765103683,1.78272300982105));
#11457=CARTESIAN_POINT('',(652.141997656756,287.568765103694,1.78272300982115));
#11458=CARTESIAN_POINT('',(652.142006896006,176.568765103683,-73.217276990179));
#11459=CARTESIAN_POINT('',(652.142006896006,176.568765103683,-73.217276990179));
#11460=CARTESIAN_POINT('',(652.141997656756,287.568765103694,-73.2172769901789));
#11461=CARTESIAN_POINT('Origin',(647.642006896006,176.568765103683,6.28272300982106));
#11462=CARTESIAN_POINT('',(716.074342896006,176.568765103683,1.78272300982105));
#11463=CARTESIAN_POINT('',(652.142006896006,176.568765103683,1.78272300982105));
#11464=CARTESIAN_POINT('',(716.074342896007,176.568765103683,-73.217276990179));
#11465=CARTESIAN_POINT('',(716.074342896006,176.568765103683,-73.217276990179));
#11466=CARTESIAN_POINT('',(652.142006896006,176.568765103683,-73.217276990179));
#11467=CARTESIAN_POINT('Origin',(716.074342896009,171.018765103682,7.33272300982154));
#11468=CARTESIAN_POINT('',(716.074342895813,287.568765103693,1.78272300982115));
#11469=CARTESIAN_POINT('',(716.074342896006,176.568765103683,1.78272300982105));
#11470=CARTESIAN_POINT('',(716.074342895911,287.568765103693,-73.2172769901789));
#11471=CARTESIAN_POINT('',(716.074342896009,287.568765103693,-73.2172769901789));
#11472=CARTESIAN_POINT('',(716.074342896009,176.568765103683,-73.217276990179));
#11473=CARTESIAN_POINT('Origin',(720.574342895716,287.568765103694,6.28272300982117));
#11474=CARTESIAN_POINT('',(716.074342895716,287.568765103693,1.78272300982115));
#11475=CARTESIAN_POINT('',(716.074342895716,287.568765103694,-73.2172769901789));
#11476=CARTESIAN_POINT('Origin',(575.824342896156,246.718766966486,-76.9672769901789));
#11477=CARTESIAN_POINT('',(572.074342896156,246.718766966486,1.78272300982112));
#11478=CARTESIAN_POINT('',(540.074342896156,246.718766966486,1.78272300982112));
#11479=CARTESIAN_POINT('',(572.074342896156,246.718766966486,1.78272300982112));
#11480=CARTESIAN_POINT('',(572.074342896156,246.718766966486,-73.2172769901789));
#11481=CARTESIAN_POINT('',(540.074342896156,246.718766966486,-73.2172769901789));
#11482=CARTESIAN_POINT('Origin',(540.074342896156,242.718766966486,-77.2172769901789));
#11483=CARTESIAN_POINT('',(540.074342896156,326.718766966486,1.78272300982117));
#11484=CARTESIAN_POINT('',(540.074342896156,246.718766966486,1.78272300982112));
#11485=CARTESIAN_POINT('',(540.074342896156,326.718766966486,-73.2172769901788));
#11486=CARTESIAN_POINT('Origin',(536.074342896156,326.718766966486,-77.2172769901788));
#11487=CARTESIAN_POINT('',(620.074342896156,326.718766966486,1.78272300982117));
#11488=CARTESIAN_POINT('',(540.074342896156,326.718766966486,1.78272300982117));
#11489=CARTESIAN_POINT('',(620.074342896156,326.718766966486,-73.2172769901788));
#11490=CARTESIAN_POINT('Origin',(620.074342896156,330.718766966486,-77.2172769901788));
#11491=CARTESIAN_POINT('',(620.074342896156,246.718766966486,1.78272300982112));
#11492=CARTESIAN_POINT('',(620.074342896156,326.718766966486,1.78272300982117));
#11493=CARTESIAN_POINT('',(620.074342896156,246.718766966486,-73.2172769901789));
#11494=CARTESIAN_POINT('Origin',(623.824342896156,246.718766966486,-76.9672769901789));
#11495=CARTESIAN_POINT('',(588.074342896156,246.718766966486,1.78272300982112));
#11496=CARTESIAN_POINT('',(620.074342896156,246.718766966486,1.78272300982112));
#11497=CARTESIAN_POINT('',(588.074342896156,246.718766966486,-73.2172769901789));
#11498=CARTESIAN_POINT('Origin',(588.074342896156,250.468766966486,-76.9672769901789));
#11499=CARTESIAN_POINT('',(588.074342896156,206.268765103377,1.78272300982108));
#11500=CARTESIAN_POINT('',(588.074342896156,246.718766966486,1.78272300982112));
#11501=CARTESIAN_POINT('',(588.074342896156,206.268765103377,-73.2172769901789));
#11502=CARTESIAN_POINT('Origin',(584.324342896156,206.268765103377,-76.9672769901789));
#11503=CARTESIAN_POINT('',(610.074342896156,206.268765103377,1.78272300982108));
#11504=CARTESIAN_POINT('',(588.074342896156,206.268765103377,1.78272300982108));
#11505=CARTESIAN_POINT('',(610.074342896156,206.268765103377,-73.2172769901789));
#11506=CARTESIAN_POINT('Origin',(610.074342896156,210.018765103377,-76.9672769901789));
#11507=CARTESIAN_POINT('',(610.074342896156,166.268765103377,1.78272300982105));
#11508=CARTESIAN_POINT('',(610.074342896156,206.268765103377,1.78272300982108));
#11509=CARTESIAN_POINT('',(610.074342896156,166.268765103377,-73.217276990179));
#11510=CARTESIAN_POINT('Origin',(613.824342896156,166.268765103377,-76.9672769901791));
#11511=CARTESIAN_POINT('',(550.074342896156,166.268765103377,1.78272300982105));
#11512=CARTESIAN_POINT('',(610.074342896156,166.268765103377,1.78272300982105));
#11513=CARTESIAN_POINT('',(550.074342896156,166.268765103377,-73.2172769901791));
#11514=CARTESIAN_POINT('Origin',(550.074342896156,162.518765103377,-76.9672769901791));
#11515=CARTESIAN_POINT('',(550.074342896156,206.268765103377,1.78272300982108));
#11516=CARTESIAN_POINT('',(550.074342896156,166.268765103377,1.78272300982105));
#11517=CARTESIAN_POINT('',(550.074342896156,206.268765103377,-73.2172769901789));
#11518=CARTESIAN_POINT('Origin',(546.324342896156,206.268765103377,-76.9672769901789));
#11519=CARTESIAN_POINT('',(572.074342896156,206.268765103377,1.78272300982108));
#11520=CARTESIAN_POINT('',(550.074342896156,206.268765103377,1.78272300982108));
#11521=CARTESIAN_POINT('',(572.074342896156,206.268765103377,-73.2172769901789));
#11522=CARTESIAN_POINT('Origin',(572.074342896156,202.518765103377,-76.9672769901789));
#11523=CARTESIAN_POINT('',(572.074342896156,206.268765103377,1.78272300982108));
#11524=CARTESIAN_POINT('Origin',(509.074342896011,137.56876501055,10.7827231029533));
#11525=CARTESIAN_POINT('',(509.074342896011,146.568765103683,1.78272300982103));
#11526=CARTESIAN_POINT('',(509.074342896012,326.568766966328,1.78272300982117));
#11527=CARTESIAN_POINT('',(509.074342896011,146.568765103683,1.78272300982103));
#11528=CARTESIAN_POINT('',(509.074342896012,326.568766966328,-88.2172769901788));
#11529=CARTESIAN_POINT('',(509.074342896012,326.568766966328,-88.2172769901788));
#11530=CARTESIAN_POINT('',(509.074342896011,146.568765103683,-88.217276990179));
#11531=CARTESIAN_POINT('',(509.074342896011,146.568765103683,-88.217276990179));
#11532=CARTESIAN_POINT('',(509.074342896011,146.568765103683,-88.217276990179));
#11533=CARTESIAN_POINT('Origin',(519.824342896012,326.568766966328,12.5327230098212));
#11534=CARTESIAN_POINT('',(294.074342896011,326.568766966328,1.78272300982108));
#11535=CARTESIAN_POINT('',(509.074342896012,326.568766966328,1.78272300982117));
#11536=CARTESIAN_POINT('',(294.074342896011,326.568766966328,-88.2172769901788));
#11537=CARTESIAN_POINT('',(294.074342896011,326.568766966328,-88.2172769901788));
#11538=CARTESIAN_POINT('',(509.074342896012,326.568766966328,-88.2172769901788));
#11539=CARTESIAN_POINT('Origin',(294.074342896011,335.56876705946,10.7827231029534));
#11540=CARTESIAN_POINT('',(294.074342896011,146.568765103683,1.78272300982094));
#11541=CARTESIAN_POINT('',(294.074342896011,326.568766966328,1.78272300982108));
#11542=CARTESIAN_POINT('',(294.074342896011,146.568765103683,-88.217276990179));
#11543=CARTESIAN_POINT('',(294.074342896011,146.568765103683,-88.217276990179));
#11544=CARTESIAN_POINT('',(294.074342896011,326.568766966328,-88.2172769901788));
#11545=CARTESIAN_POINT('Origin',(283.324342896011,146.568765103683,12.532723009821));
#11546=CARTESIAN_POINT('',(294.074342896011,146.568765103683,1.78272300982094));
#11547=CARTESIAN_POINT('',(294.074342896011,146.568765103683,-88.217276990179));
#11548=CARTESIAN_POINT('Origin',(688.574342896011,10.5187651036827,7.83272300982093));
#11549=CARTESIAN_POINT('',(688.574342896011,16.5687651036827,1.78272300982092));
#11550=CARTESIAN_POINT('',(688.574342896011,137.568765103683,1.78272300982103));
#11551=CARTESIAN_POINT('',(688.574342896011,16.5687651036827,1.78272300982092));
#11552=CARTESIAN_POINT('',(688.574342896011,137.568765103683,-23.217276990179));
#11553=CARTESIAN_POINT('',(688.574342896011,16.5687651036828,-23.2172769901791));
#11554=CARTESIAN_POINT('Origin',(706.874342896011,137.568765103682,20.082723009821));
#11555=CARTESIAN_POINT('',(322.574342896011,137.568765103683,1.78272300982094));
#11556=CARTESIAN_POINT('',(688.574342896011,137.568765103683,1.78272300982103));
#11557=CARTESIAN_POINT('',(322.574342896011,137.568765103683,-23.2172769901791));
#11558=CARTESIAN_POINT('Origin',(322.574342896011,143.618765103683,7.83272300982093));
#11559=CARTESIAN_POINT('',(322.57434289601,16.5687651036827,1.78272300982083));
#11560=CARTESIAN_POINT('',(322.574342896011,137.568765103683,1.78272300982094));
#11561=CARTESIAN_POINT('',(322.57434289601,16.5687651036828,-23.2172769901792));
#11562=CARTESIAN_POINT('Origin',(327.07434289601,16.5687651036827,6.28272300982083));
#11563=CARTESIAN_POINT('',(284.074342896011,16.5687651036827,1.78272300982083));
#11564=CARTESIAN_POINT('',(322.57434289601,16.5687651036827,1.78272300982083));
#11565=CARTESIAN_POINT('',(284.074342896011,16.5687651036828,-88.2172769901791));
#11566=CARTESIAN_POINT('',(284.074342896011,16.5687651036828,-88.2172769901791));
#11567=CARTESIAN_POINT('',(322.57434289601,16.5687651036828,-88.2172769901791));
#11568=CARTESIAN_POINT('Origin',(284.074342896011,0.568765103682709,17.7827230098209));
#11569=CARTESIAN_POINT('',(284.074342896011,336.568765103683,1.7827230098211));
#11570=CARTESIAN_POINT('',(284.074342896011,16.5687651036827,1.78272300982083));
#11571=CARTESIAN_POINT('',(284.074342896011,336.568765103683,-88.2172769901788));
#11572=CARTESIAN_POINT('',(284.074342896011,336.568765103683,-88.2172769901788));
#11573=CARTESIAN_POINT('',(284.074342896011,16.5687651036828,-88.2172769901791));
#11574=CARTESIAN_POINT('Origin',(261.924342896011,336.568765103683,23.9327230098212));
#11575=CARTESIAN_POINT('',(727.074342896011,336.568765103683,1.78272300982119));
#11576=CARTESIAN_POINT('',(284.074342896011,336.568765103683,1.7827230098211));
#11577=CARTESIAN_POINT('',(727.074342896011,336.568765103683,-88.2172769901788));
#11578=CARTESIAN_POINT('',(727.074342896011,336.568765103683,-88.2172769901788));
#11579=CARTESIAN_POINT('',(284.074342896011,336.568765103683,-88.2172769901788));
#11580=CARTESIAN_POINT('Origin',(727.074342896011,352.568765103683,17.7827230098212));
#11581=CARTESIAN_POINT('',(727.074342896011,16.5687651036827,1.78272300982092));
#11582=CARTESIAN_POINT('',(727.074342896011,336.568765103683,1.78272300982119));
#11583=CARTESIAN_POINT('',(727.074342896011,16.5687651036828,-88.2172769901791));
#11584=CARTESIAN_POINT('',(727.074342896011,16.5687651036828,-88.2172769901791));
#11585=CARTESIAN_POINT('',(727.074342896011,336.568765103683,-88.2172769901788));
#11586=CARTESIAN_POINT('Origin',(731.574342896011,16.5687651036827,6.28272300982093));
#11587=CARTESIAN_POINT('',(727.074342896011,16.5687651036827,1.78272300982092));
#11588=CARTESIAN_POINT('',(727.074342896011,16.5687651036828,-88.2172769901791));
#11589=CARTESIAN_POINT('Origin',(749.224342896011,-5.58123489631719,-88.2172769901791));
#11590=CARTESIAN_POINT('',(706.982504947054,287.568765103694,-88.2172769901789));
#11591=CARTESIAN_POINT('',(716.074342895862,287.568765103694,-88.2172769901789));
#11592=CARTESIAN_POINT('',(706.982504947054,287.568765103694,-88.2172769901789));
#11593=CARTESIAN_POINT('',(706.982504947054,289.739034989673,-88.2172769901789));
#11594=CARTESIAN_POINT('',(706.982504947053,289.739034989673,-88.2172769901789));
#11595=CARTESIAN_POINT('',(700.69344991329,289.739034989673,-88.2172769901789));
#11596=CARTESIAN_POINT('',(700.69344991329,289.739034989673,-88.2172769901789));
#11597=CARTESIAN_POINT('',(700.69344991329,287.568765103694,-88.2172769901789));
#11598=CARTESIAN_POINT('',(700.69344991329,287.568765103694,-88.2172769901789));
#11599=CARTESIAN_POINT('',(689.174342895982,287.568765103693,-88.2172769901789));
#11600=CARTESIAN_POINT('',(689.174342895982,287.568765103694,-88.2172769901789));
#11601=CARTESIAN_POINT('',(689.174342895982,288.068765103691,-88.2172769901789));
#11602=CARTESIAN_POINT('',(689.174342895982,288.068765103691,-88.2172769901789));
#11603=CARTESIAN_POINT('',(688.458903319692,288.268765103691,-88.2172769901789));
#11604=CARTESIAN_POINT('',(688.458903319692,288.268765103691,-88.2172769901789));
#11605=CARTESIAN_POINT('',(688.458903319692,289.368765103691,-88.2172769901789));
#11606=CARTESIAN_POINT('',(688.458903319692,289.368765103691,-88.2172769901789));
#11607=CARTESIAN_POINT('',(688.442548197297,289.38655466529,-88.2172769901789));
#11608=CARTESIAN_POINT('',(688.442548197296,289.38655466529,-88.2172769901789));
#11609=CARTESIAN_POINT('',(688.42598702344,289.40422246334,-88.2172769901789));
#11610=CARTESIAN_POINT('',(688.42598702344,289.40422246334,-88.2172769901789));
#11611=CARTESIAN_POINT('',(688.409199040438,289.42172574582,-88.2172769901789));
#11612=CARTESIAN_POINT('',(688.409199040438,289.42172574582,-88.2172769901789));
#11613=CARTESIAN_POINT('',(688.392163490603,289.439021760713,-88.2172769901789));
#11614=CARTESIAN_POINT('',(688.392163490603,289.439021760713,-88.2172769901789));
#11615=CARTESIAN_POINT('',(688.37485961625,289.456067756004,-88.2172769901789));
#11616=CARTESIAN_POINT('',(688.37485961625,289.456067756004,-88.2172769901789));
#11617=CARTESIAN_POINT('',(688.357266659683,289.472820979682,-88.2172769901789));
#11618=CARTESIAN_POINT('',(688.357266659683,289.472820979682,-88.2172769901789));
#11619=CARTESIAN_POINT('',(688.339363863207,289.489238679728,-88.2172769901789));
#11620=CARTESIAN_POINT('',(688.339363863207,289.489238679728,-88.2172769901789));
#11621=CARTESIAN_POINT('',(688.321130469115,289.505278104122,-88.2172769901789));
#11622=CARTESIAN_POINT('',(688.321130469115,289.505278104122,-88.2172769901789));
#11623=CARTESIAN_POINT('',(688.302545719694,289.520896500831,-88.2172769901789));
#11624=CARTESIAN_POINT('',(688.302545719694,289.520896500831,-88.2172769901789));
#11625=CARTESIAN_POINT('',(688.28358885722,289.536051117812,-88.2172769901789));
#11626=CARTESIAN_POINT('',(688.283588857221,289.536051117812,-88.2172769901789));
#11627=CARTESIAN_POINT('',(688.264239123959,289.550699203006,-88.2172769901789));
#11628=CARTESIAN_POINT('',(688.264239123959,289.550699203006,-88.2172769901789));
#11629=CARTESIAN_POINT('',(688.244475762162,289.564798004337,-88.2172769901789));
#11630=CARTESIAN_POINT('',(688.244475762162,289.564798004337,-88.2172769901789));
#11631=CARTESIAN_POINT('',(688.224278014065,289.578304769707,-88.2172769901789));
#11632=CARTESIAN_POINT('',(688.224278014065,289.578304769707,-88.2172769901789));
#11633=CARTESIAN_POINT('',(688.203625631374,289.591176273251,-88.2172769901789));
#11634=CARTESIAN_POINT('',(688.203625631375,289.591176273251,-88.2172769901789));
#11635=CARTESIAN_POINT('',(688.182516555518,289.603352375319,-88.2172769901789));
#11636=CARTESIAN_POINT('',(688.182516555518,289.603352375319,-88.2172769901789));
#11637=CARTESIAN_POINT('',(688.160971462283,289.614751796686,-88.2172769901789));
#11638=CARTESIAN_POINT('',(688.160971462284,289.614751796686,-88.2172769901789));
#11639=CARTESIAN_POINT('',(688.139975506289,289.624852647936,-88.2172769901789));
#11640=CARTESIAN_POINT('',(688.139975506289,289.624852647936,-88.2172769901789));
#11641=CARTESIAN_POINT('',(688.116661657329,289.634890152095,-88.2172769901789));
#11642=CARTESIAN_POINT('',(688.116661657329,289.634890152095,-88.2172769901789));
#11643=CARTESIAN_POINT('',(688.093941162479,289.643463863602,-88.2172769901789));
#11644=CARTESIAN_POINT('',(688.093941162479,289.643463863602,-88.2172769901789));
#11645=CARTESIAN_POINT('',(688.070873083985,289.650930449355,-88.2172769901789));
#11646=CARTESIAN_POINT('',(688.070873083985,289.650930449355,-88.2172769901789));
#11647=CARTESIAN_POINT('',(688.047479530316,289.657207298199,-88.2172769901789));
#11648=CARTESIAN_POINT('',(688.047479530316,289.657207298199,-88.2172769901789));
#11649=CARTESIAN_POINT('',(688.023782609951,289.662211799041,-88.2172769901789));
#11650=CARTESIAN_POINT('',(688.023782609951,289.662211799041,-88.2172769901789));
#11651=CARTESIAN_POINT('',(687.999804431377,289.665861340855,-88.2172769901789));
#11652=CARTESIAN_POINT('',(687.999804431377,289.665861340855,-88.2172769901789));
#11653=CARTESIAN_POINT('',(687.975567103087,289.668073312693,-88.2172769901789));
#11654=CARTESIAN_POINT('',(687.975567103087,289.668073312693,-88.2172769901789));
#11655=CARTESIAN_POINT('',(687.951092733575,289.668765103691,-88.2172769901789));
#11656=CARTESIAN_POINT('',(687.951092733575,289.668765103691,-88.2172769901789));
#11657=CARTESIAN_POINT('',(687.174342896009,289.668765103691,-88.2172769901789));
#11658=CARTESIAN_POINT('',(687.174342896009,289.668765103691,-88.2172769901789));
#11659=CARTESIAN_POINT('',(687.174342896009,291.168765103691,-88.2172769901789));
#11660=CARTESIAN_POINT('',(687.174342896009,291.168765103691,-88.2172769901789));
#11661=CARTESIAN_POINT('',(689.174342896009,293.168765103691,-88.2172769901789));
#11662=CARTESIAN_POINT('Origin',(689.174342896009,291.168765103691,-88.2172769901789));
#11663=CARTESIAN_POINT('',(690.674342895997,293.168765103691,-88.2172769901789));
#11664=CARTESIAN_POINT('',(690.674342895997,293.168765103691,-88.2172769901789));
#11665=CARTESIAN_POINT('',(692.674342895977,295.168765103691,-88.2172769901789));
#11666=CARTESIAN_POINT('Origin',(690.674342896009,295.168765103691,-88.2172769901789));
#11667=CARTESIAN_POINT('',(692.674342896445,313.768765103683,-88.2172769901788));
#11668=CARTESIAN_POINT('',(692.674342895945,305.46876510367,-88.2172769901788));
#11669=CARTESIAN_POINT('',(690.674342896445,315.768765103683,-88.2172769901788));
#11670=CARTESIAN_POINT('Origin',(690.674342896445,313.768765103683,-88.2172769901788));
#11671=CARTESIAN_POINT('',(677.474342896009,315.768765103683,-88.2172769901788));
#11672=CARTESIAN_POINT('',(677.474342896009,315.768765103683,-88.2172769901788));
#11673=CARTESIAN_POINT('',(675.474342896009,313.768765103683,-88.2172769901788));
#11674=CARTESIAN_POINT('Origin',(677.474342896009,313.768765103683,-88.2172769901788));
#11675=CARTESIAN_POINT('',(675.474342896009,295.168765103691,-88.2172769901789));
#11676=CARTESIAN_POINT('',(675.474342896009,305.768765103683,-88.2172769901788));
#11677=CARTESIAN_POINT('',(677.474342896055,293.168765103691,-88.2172769901789));
#11678=CARTESIAN_POINT('Origin',(677.474342896009,295.168765103691,-88.2172769901789));
#11679=CARTESIAN_POINT('',(678.974342896009,293.168765103691,-88.2172769901789));
#11680=CARTESIAN_POINT('',(678.974342896009,293.168765103691,-88.2172769901789));
#11681=CARTESIAN_POINT('',(680.974342896009,291.168765103691,-88.2172769901789));
#11682=CARTESIAN_POINT('Origin',(678.974342896009,291.168765103691,-88.2172769901789));
#11683=CARTESIAN_POINT('',(680.974342896008,289.668765103692,-88.2172769901789));
#11684=CARTESIAN_POINT('',(680.974342896009,289.668765103691,-88.2172769901789));
#11685=CARTESIAN_POINT('',(680.07434289624,289.668765103692,-88.2172769901789));
#11686=CARTESIAN_POINT('',(680.07434289624,289.668765103692,-88.2172769901789));
#11687=CARTESIAN_POINT('',(679.94712824882,289.592414651448,-88.2172769901789));
#11688=CARTESIAN_POINT('',(679.94712824882,289.592414651448,-88.2172769901789));
#11689=CARTESIAN_POINT('',(679.798751489369,289.479594529265,-88.2172769901789));
#11690=CARTESIAN_POINT('',(679.798751489369,289.479594529265,-88.2172769901789));
#11691=CARTESIAN_POINT('',(679.689782472326,289.368765103691,-88.2172769901789));
#11692=CARTESIAN_POINT('',(679.689782472326,289.368765103691,-88.2172769901789));
#11693=CARTESIAN_POINT('',(679.689782472325,288.268765103691,-88.2172769901789));
#11694=CARTESIAN_POINT('',(679.689782472325,288.268765103691,-88.2172769901789));
#11695=CARTESIAN_POINT('',(678.974342896035,288.068765103691,-88.2172769901789));
#11696=CARTESIAN_POINT('',(678.974342896035,288.068765103691,-88.2172769901789));
#11697=CARTESIAN_POINT('',(678.974342896035,287.568765103693,-88.2172769901789));
#11698=CARTESIAN_POINT('',(678.974342896036,287.568765103693,-88.2172769901789));
#11699=CARTESIAN_POINT('',(669.688217205407,287.568765103694,-88.2172769901789));
#11700=CARTESIAN_POINT('',(669.688217205407,287.568765103693,-88.2172769901789));
#11701=CARTESIAN_POINT('',(669.688217205407,294.768765103694,-88.2172769901789));
#11702=CARTESIAN_POINT('',(669.688217205407,294.768765103694,-88.2172769901789));
#11703=CARTESIAN_POINT('',(654.688217205407,294.768765103694,-88.2172769901789));
#11704=CARTESIAN_POINT('',(654.688217205407,294.768765103694,-88.2172769901789));
#11705=CARTESIAN_POINT('',(654.688217205407,287.568765103694,-88.2172769901789));
#11706=CARTESIAN_POINT('',(654.688217205407,287.568765103694,-88.2172769901789));
#11707=CARTESIAN_POINT('',(652.141997656756,287.568765103694,-88.2172769901789));
#11708=CARTESIAN_POINT('',(652.141997656756,287.568765103694,-88.2172769901789));
#11709=CARTESIAN_POINT('',(652.142006896006,176.568765103683,-88.217276990179));
#11710=CARTESIAN_POINT('',(652.142006896006,176.568765103683,-88.217276990179));
#11711=CARTESIAN_POINT('',(716.074342896007,176.568765103683,-88.217276990179));
#11712=CARTESIAN_POINT('',(716.074342896006,176.568765103683,-88.217276990179));
#11713=CARTESIAN_POINT('',(716.074342896009,287.568765103693,-88.2172769901789));
#11714=CARTESIAN_POINT('Origin',(261.924342896011,-5.58123489631727,1.78272300982082));
#11715=CARTESIAN_POINT('Origin',(718.142006896006,322.568765103683,-88.2172769901788));
#11716=CARTESIAN_POINT('Origin',(718.142006896006,172.568765103683,-73.217276990179));
#11717=CARTESIAN_POINT('',(-284.074342896012,-16.568765103683,88.2172769901759));
#11718=CARTESIAN_POINT('',(0.,0.,0.));
#11719=CARTESIAN_POINT('',(0.,0.,0.));
#11720=CARTESIAN_POINT('',(0.,0.,0.));
#11721=CARTESIAN_POINT('',(0.,0.,0.));
#11722=CARTESIAN_POINT('',(0.,0.,0.));
#11723=CARTESIAN_POINT('',(0.,0.,0.));
#11724=CARTESIAN_POINT('',(0.,0.,0.));
#11725=CARTESIAN_POINT('',(0.,0.,0.));
#11726=CARTESIAN_POINT('',(226.499999999999,34.4999999999987,-194.499999999997));
#11727=CARTESIAN_POINT('',(226.5,34.4999999999982,-194.499999999997));
#11728=CARTESIAN_POINT('',(226.500000000001,34.5,-194.5));
#11729=CARTESIAN_POINT('',(2.00000000000067,39.9979722362881,100.016195469187));
#11730=CARTESIAN_POINT('',(2.00000000000107,-84.0020126489899,99.9659882461678));
#11731=CARTESIAN_POINT('',(5.00000000000064,-325.,5.0000000000005));
#11732=UNCERTAINTY_MEASURE_WITH_UNIT(LENGTH_MEASURE(0.01),#11770,
'DISTANCE_ACCURACY_VALUE',
'Maximum model space distance between geometric entities at asserted c
onnectivities');
#11733=UNCERTAINTY_MEASURE_WITH_UNIT(LENGTH_MEASURE(0.01),#11770,
'DISTANCE_ACCURACY_VALUE',
'Maximum model space distance between geometric entities at asserted c
onnectivities');
#11734=UNCERTAINTY_MEASURE_WITH_UNIT(LENGTH_MEASURE(0.01),#11770,
'DISTANCE_ACCURACY_VALUE',
'Maximum model space distance between geometric entities at asserted c
onnectivities');
#11735=UNCERTAINTY_MEASURE_WITH_UNIT(LENGTH_MEASURE(0.01),#11770,
'DISTANCE_ACCURACY_VALUE',
'Maximum model space distance between geometric entities at asserted c
onnectivities');
#11736=UNCERTAINTY_MEASURE_WITH_UNIT(LENGTH_MEASURE(0.01),#11770,
'DISTANCE_ACCURACY_VALUE',
'Maximum model space distance between geometric entities at asserted c
onnectivities');
#11737=UNCERTAINTY_MEASURE_WITH_UNIT(LENGTH_MEASURE(0.01),#11770,
'DISTANCE_ACCURACY_VALUE',
'Maximum model space distance between geometric entities at asserted c
onnectivities');
#11738=UNCERTAINTY_MEASURE_WITH_UNIT(LENGTH_MEASURE(0.01),#11770,
'DISTANCE_ACCURACY_VALUE',
'Maximum model space distance between geometric entities at asserted c
onnectivities');
#11739=UNCERTAINTY_MEASURE_WITH_UNIT(LENGTH_MEASURE(0.01),#11770,
'DISTANCE_ACCURACY_VALUE',
'Maximum model space distance between geometric entities at asserted c
onnectivities');
#11740=UNCERTAINTY_MEASURE_WITH_UNIT(LENGTH_MEASURE(0.01),#11770,
'DISTANCE_ACCURACY_VALUE',
'Maximum model space distance between geometric entities at asserted c
onnectivities');
#11741=UNCERTAINTY_MEASURE_WITH_UNIT(LENGTH_MEASURE(0.01),#11770,
'DISTANCE_ACCURACY_VALUE',
'Maximum model space distance between geometric entities at asserted c
onnectivities');
#11742=UNCERTAINTY_MEASURE_WITH_UNIT(LENGTH_MEASURE(0.01),#11770,
'DISTANCE_ACCURACY_VALUE',
'Maximum model space distance between geometric entities at asserted c
onnectivities');
#11743=UNCERTAINTY_MEASURE_WITH_UNIT(LENGTH_MEASURE(0.01),#11770,
'DISTANCE_ACCURACY_VALUE',
'Maximum model space distance between geometric entities at asserted c
onnectivities');
#11744=UNCERTAINTY_MEASURE_WITH_UNIT(LENGTH_MEASURE(0.01),#11770,
'DISTANCE_ACCURACY_VALUE',
'Maximum model space distance between geometric entities at asserted c
onnectivities');
#11745=UNCERTAINTY_MEASURE_WITH_UNIT(LENGTH_MEASURE(0.01),#11770,
'DISTANCE_ACCURACY_VALUE',
'Maximum model space distance between geometric entities at asserted c
onnectivities');
#11746=UNCERTAINTY_MEASURE_WITH_UNIT(LENGTH_MEASURE(0.01),#11770,
'DISTANCE_ACCURACY_VALUE',
'Maximum model space distance between geometric entities at asserted c
onnectivities');
#11747=UNCERTAINTY_MEASURE_WITH_UNIT(LENGTH_MEASURE(0.01),#11770,
'DISTANCE_ACCURACY_VALUE',
'Maximum model space distance between geometric entities at asserted c
onnectivities');
#11748=UNCERTAINTY_MEASURE_WITH_UNIT(LENGTH_MEASURE(0.01),#11770,
'DISTANCE_ACCURACY_VALUE',
'Maximum model space distance between geometric entities at asserted c
onnectivities');
#11749=UNCERTAINTY_MEASURE_WITH_UNIT(LENGTH_MEASURE(0.01),#11770,
'DISTANCE_ACCURACY_VALUE',
'Maximum model space distance between geometric entities at asserted c
onnectivities');
#11750=UNCERTAINTY_MEASURE_WITH_UNIT(LENGTH_MEASURE(0.01),#11770,
'DISTANCE_ACCURACY_VALUE',
'Maximum model space distance between geometric entities at asserted c
onnectivities');
#11751=(
GEOMETRIC_REPRESENTATION_CONTEXT(3)
GLOBAL_UNCERTAINTY_ASSIGNED_CONTEXT((#11732))
GLOBAL_UNIT_ASSIGNED_CONTEXT((#11770,#11772,#11773))
REPRESENTATION_CONTEXT('','3D')
);
#11752=(
GEOMETRIC_REPRESENTATION_CONTEXT(3)
GLOBAL_UNCERTAINTY_ASSIGNED_CONTEXT((#11733))
GLOBAL_UNIT_ASSIGNED_CONTEXT((#11770,#11772,#11773))
REPRESENTATION_CONTEXT('','3D')
);
#11753=(
GEOMETRIC_REPRESENTATION_CONTEXT(3)
GLOBAL_UNCERTAINTY_ASSIGNED_CONTEXT((#11734))
GLOBAL_UNIT_ASSIGNED_CONTEXT((#11770,#11772,#11773))
REPRESENTATION_CONTEXT('','3D')
);
#11754=(
GEOMETRIC_REPRESENTATION_CONTEXT(3)
GLOBAL_UNCERTAINTY_ASSIGNED_CONTEXT((#11735))
GLOBAL_UNIT_ASSIGNED_CONTEXT((#11770,#11772,#11773))
REPRESENTATION_CONTEXT('','3D')
);
#11755=(
GEOMETRIC_REPRESENTATION_CONTEXT(3)
GLOBAL_UNCERTAINTY_ASSIGNED_CONTEXT((#11736))
GLOBAL_UNIT_ASSIGNED_CONTEXT((#11770,#11772,#11773))
REPRESENTATION_CONTEXT('','3D')
);
#11756=(
GEOMETRIC_REPRESENTATION_CONTEXT(3)
GLOBAL_UNCERTAINTY_ASSIGNED_CONTEXT((#11737))
GLOBAL_UNIT_ASSIGNED_CONTEXT((#11770,#11772,#11773))
REPRESENTATION_CONTEXT('','3D')
);
#11757=(
GEOMETRIC_REPRESENTATION_CONTEXT(3)
GLOBAL_UNCERTAINTY_ASSIGNED_CONTEXT((#11738))
GLOBAL_UNIT_ASSIGNED_CONTEXT((#11770,#11772,#11773))
REPRESENTATION_CONTEXT('','3D')
);
#11758=(
GEOMETRIC_REPRESENTATION_CONTEXT(3)
GLOBAL_UNCERTAINTY_ASSIGNED_CONTEXT((#11739))
GLOBAL_UNIT_ASSIGNED_CONTEXT((#11770,#11772,#11773))
REPRESENTATION_CONTEXT('','3D')
);
#11759=(
GEOMETRIC_REPRESENTATION_CONTEXT(3)
GLOBAL_UNCERTAINTY_ASSIGNED_CONTEXT((#11740))
GLOBAL_UNIT_ASSIGNED_CONTEXT((#11770,#11772,#11773))
REPRESENTATION_CONTEXT('','3D')
);
#11760=(
GEOMETRIC_REPRESENTATION_CONTEXT(3)
GLOBAL_UNCERTAINTY_ASSIGNED_CONTEXT((#11741))
GLOBAL_UNIT_ASSIGNED_CONTEXT((#11770,#11772,#11773))
REPRESENTATION_CONTEXT('','3D')
);
#11761=(
GEOMETRIC_REPRESENTATION_CONTEXT(3)
GLOBAL_UNCERTAINTY_ASSIGNED_CONTEXT((#11742))
GLOBAL_UNIT_ASSIGNED_CONTEXT((#11770,#11772,#11773))
REPRESENTATION_CONTEXT('','3D')
);
#11762=(
GEOMETRIC_REPRESENTATION_CONTEXT(3)
GLOBAL_UNCERTAINTY_ASSIGNED_CONTEXT((#11743))
GLOBAL_UNIT_ASSIGNED_CONTEXT((#11770,#11772,#11773))
REPRESENTATION_CONTEXT('','3D')
);
#11763=(
GEOMETRIC_REPRESENTATION_CONTEXT(3)
GLOBAL_UNCERTAINTY_ASSIGNED_CONTEXT((#11744))
GLOBAL_UNIT_ASSIGNED_CONTEXT((#11770,#11772,#11773))
REPRESENTATION_CONTEXT('','3D')
);
#11764=(
GEOMETRIC_REPRESENTATION_CONTEXT(3)
GLOBAL_UNCERTAINTY_ASSIGNED_CONTEXT((#11745))
GLOBAL_UNIT_ASSIGNED_CONTEXT((#11770,#11772,#11773))
REPRESENTATION_CONTEXT('','3D')
);
#11765=(
GEOMETRIC_REPRESENTATION_CONTEXT(3)
GLOBAL_UNCERTAINTY_ASSIGNED_CONTEXT((#11746))
GLOBAL_UNIT_ASSIGNED_CONTEXT((#11770,#11772,#11773))
REPRESENTATION_CONTEXT('','3D')
);
#11766=(
GEOMETRIC_REPRESENTATION_CONTEXT(3)
GLOBAL_UNCERTAINTY_ASSIGNED_CONTEXT((#11747))
GLOBAL_UNIT_ASSIGNED_CONTEXT((#11770,#11772,#11773))
REPRESENTATION_CONTEXT('','3D')
);
#11767=(
GEOMETRIC_REPRESENTATION_CONTEXT(3)
GLOBAL_UNCERTAINTY_ASSIGNED_CONTEXT((#11748))
GLOBAL_UNIT_ASSIGNED_CONTEXT((#11770,#11772,#11773))
REPRESENTATION_CONTEXT('','3D')
);
#11768=(
GEOMETRIC_REPRESENTATION_CONTEXT(3)
GLOBAL_UNCERTAINTY_ASSIGNED_CONTEXT((#11749))
GLOBAL_UNIT_ASSIGNED_CONTEXT((#11770,#11772,#11773))
REPRESENTATION_CONTEXT('','3D')
);
#11769=(
GEOMETRIC_REPRESENTATION_CONTEXT(3)
GLOBAL_UNCERTAINTY_ASSIGNED_CONTEXT((#11750))
GLOBAL_UNIT_ASSIGNED_CONTEXT((#11770,#11772,#11773))
REPRESENTATION_CONTEXT('','3D')
);
#11770=(
LENGTH_UNIT()
NAMED_UNIT(*)
SI_UNIT(.MILLI.,.METRE.)
);
#11771=(
LENGTH_UNIT()
NAMED_UNIT(*)
SI_UNIT($,.METRE.)
);
#11772=(
NAMED_UNIT(*)
PLANE_ANGLE_UNIT()
SI_UNIT($,.RADIAN.)
);
#11773=(
NAMED_UNIT(*)
SI_UNIT($,.STERADIAN.)
SOLID_ANGLE_UNIT()
);
#11774=SHAPE_DEFINITION_REPRESENTATION(#11792,#11827);
#11775=SHAPE_DEFINITION_REPRESENTATION(#11793,#11828);
#11776=SHAPE_DEFINITION_REPRESENTATION(#11794,#11829);
#11777=SHAPE_DEFINITION_REPRESENTATION(#11795,#11830);
#11778=SHAPE_DEFINITION_REPRESENTATION(#11796,#11831);
#11779=SHAPE_DEFINITION_REPRESENTATION(#11797,#11832);
#11780=SHAPE_DEFINITION_REPRESENTATION(#11798,#11833);
#11781=SHAPE_DEFINITION_REPRESENTATION(#11799,#11834);
#11782=SHAPE_DEFINITION_REPRESENTATION(#11800,#11835);
#11783=SHAPE_DEFINITION_REPRESENTATION(#11801,#11836);
#11784=SHAPE_DEFINITION_REPRESENTATION(#11802,#11837);
#11785=SHAPE_DEFINITION_REPRESENTATION(#11803,#11838);
#11786=SHAPE_DEFINITION_REPRESENTATION(#11804,#11839);
#11787=SHAPE_DEFINITION_REPRESENTATION(#11805,#11840);
#11788=SHAPE_DEFINITION_REPRESENTATION(#11807,#11841);
#11789=SHAPE_DEFINITION_REPRESENTATION(#11808,#11842);
#11790=SHAPE_DEFINITION_REPRESENTATION(#11810,#11843);
#11791=SHAPE_DEFINITION_REPRESENTATION(#11811,#11844);
#11792=PRODUCT_DEFINITION_SHAPE('',$,#11846);
#11793=PRODUCT_DEFINITION_SHAPE('',$,#11847);
#11794=PRODUCT_DEFINITION_SHAPE('',$,#11848);
#11795=PRODUCT_DEFINITION_SHAPE('',$,#11849);
#11796=PRODUCT_DEFINITION_SHAPE('',$,#11850);
#11797=PRODUCT_DEFINITION_SHAPE('',$,#11851);
#11798=PRODUCT_DEFINITION_SHAPE('',$,#11852);
#11799=PRODUCT_DEFINITION_SHAPE('',$,#11853);
#11800=PRODUCT_DEFINITION_SHAPE('',$,#11854);
#11801=PRODUCT_DEFINITION_SHAPE('',$,#11855);
#11802=PRODUCT_DEFINITION_SHAPE('',$,#11856);
#11803=PRODUCT_DEFINITION_SHAPE('',$,#11857);
#11804=PRODUCT_DEFINITION_SHAPE('',$,#11858);
#11805=PRODUCT_DEFINITION_SHAPE('',$,#11859);
#11806=PRODUCT_DEFINITION_SHAPE($,$,#62);
#11807=PRODUCT_DEFINITION_SHAPE('',$,#11860);
#11808=PRODUCT_DEFINITION_SHAPE('',$,#11861);
#11809=PRODUCT_DEFINITION_SHAPE($,$,#63);
#11810=PRODUCT_DEFINITION_SHAPE('',$,#11862);
#11811=PRODUCT_DEFINITION_SHAPE('',$,#11863);
#11812=PRODUCT_DEFINITION_SHAPE($,$,#64);
#11813=PRODUCT_DEFINITION_SHAPE($,$,#65);
#11814=PRODUCT_DEFINITION_SHAPE($,$,#66);
#11815=PRODUCT_DEFINITION_SHAPE($,$,#67);
#11816=PRODUCT_DEFINITION_SHAPE($,$,#68);
#11817=PRODUCT_DEFINITION_SHAPE($,$,#69);
#11818=PRODUCT_DEFINITION_SHAPE($,$,#70);
#11819=PRODUCT_DEFINITION_SHAPE($,$,#71);
#11820=PRODUCT_DEFINITION_SHAPE($,$,#72);
#11821=PRODUCT_DEFINITION_SHAPE($,$,#73);
#11822=PRODUCT_DEFINITION_SHAPE($,$,#74);
#11823=PRODUCT_DEFINITION_SHAPE($,$,#75);
#11824=PRODUCT_DEFINITION_SHAPE($,$,#76);
#11825=PRODUCT_DEFINITION_SHAPE($,$,#77);
#11826=PRODUCT_DEFINITION_SHAPE($,$,#78);
#11827=SHAPE_REPRESENTATION('',(#7290,#7795,#7796,#7797,#7798,#7799,#7800,
#7801,#7802,#7803,#7804,#7805,#7806,#7807,#7808),#11751);
#11828=SHAPE_REPRESENTATION('',(#7291),#11752);
#11829=SHAPE_REPRESENTATION('',(#7292),#11753);
#11830=SHAPE_REPRESENTATION('',(#7293),#11754);
#11831=SHAPE_REPRESENTATION('',(#7294),#11755);
#11832=SHAPE_REPRESENTATION('',(#7295),#11756);
#11833=SHAPE_REPRESENTATION('',(#7296),#11757);
#11834=SHAPE_REPRESENTATION('',(#7297),#11758);
#11835=SHAPE_REPRESENTATION('',(#7298),#11759);
#11836=SHAPE_REPRESENTATION('',(#7299),#11760);
#11837=SHAPE_REPRESENTATION('',(#7554),#11761);
#11838=SHAPE_REPRESENTATION('',(#7555),#11762);
#11839=SHAPE_REPRESENTATION('',(#7584,#7627),#11763);
#11840=SHAPE_REPRESENTATION('',(#7585),#11764);
#11841=SHAPE_REPRESENTATION('',(#7628,#7672),#11765);
#11842=SHAPE_REPRESENTATION('',(#7629),#11766);
#11843=SHAPE_REPRESENTATION('',(#7673,#7794),#11767);
#11844=SHAPE_REPRESENTATION('',(#7674),#11768);
#11845=PRODUCT_DEFINITION_CONTEXT('part definition',#11901,'design');
#11846=PRODUCT_DEFINITION('Suitcase - Project SkyFall',
'Suitcase - Project SkyFall v3',#11864,#11845);
#11847=PRODUCT_DEFINITION('Component4','Component4',#11865,#11845);
#11848=PRODUCT_DEFINITION('Component5','Component5',#11866,#11845);
#11849=PRODUCT_DEFINITION('Component6','Component6',#11867,#11845);
#11850=PRODUCT_DEFINITION('Component7','Component7',#11868,#11845);
#11851=PRODUCT_DEFINITION('Component8','Component8',#11869,#11845);
#11852=PRODUCT_DEFINITION('Component9','Component9',#11870,#11845);
#11853=PRODUCT_DEFINITION('Component10','Component10',#11871,#11845);
#11854=PRODUCT_DEFINITION('Component11','Component11',#11872,#11845);
#11855=PRODUCT_DEFINITION('Component12','Component12',#11873,#11845);
#11856=PRODUCT_DEFINITION('Component16','Component16',#11874,#11845);
#11857=PRODUCT_DEFINITION('Component17','Component17',#11875,#11845);
#11858=PRODUCT_DEFINITION('Suitcase filling - Top 1',
'Suitcase filling - Top 1 v2',#11876,#11845);
#11859=PRODUCT_DEFINITION('Component1','Component1',#11877,#11845);
#11860=PRODUCT_DEFINITION('Suitcase filling - Top 2',
'Suitcase filling - Top 2 v2',#11878,#11845);
#11861=PRODUCT_DEFINITION('Component1_1','Component1',#11879,#11845);
#11862=PRODUCT_DEFINITION('Suitcase filling - Bottom',
'Suitcase filling - Bottom v2',#11880,#11845);
#11863=PRODUCT_DEFINITION('Component1_2','Component1',#11881,#11845);
#11864=PRODUCT_DEFINITION_FORMATION('',$,#11903);
#11865=PRODUCT_DEFINITION_FORMATION('',$,#11904);
#11866=PRODUCT_DEFINITION_FORMATION('',$,#11905);
#11867=PRODUCT_DEFINITION_FORMATION('',$,#11906);
#11868=PRODUCT_DEFINITION_FORMATION('',$,#11907);
#11869=PRODUCT_DEFINITION_FORMATION('',$,#11908);
#11870=PRODUCT_DEFINITION_FORMATION('',$,#11909);
#11871=PRODUCT_DEFINITION_FORMATION('',$,#11910);
#11872=PRODUCT_DEFINITION_FORMATION('',$,#11911);
#11873=PRODUCT_DEFINITION_FORMATION('',$,#11912);
#11874=PRODUCT_DEFINITION_FORMATION('',$,#11913);
#11875=PRODUCT_DEFINITION_FORMATION('',$,#11914);
#11876=PRODUCT_DEFINITION_FORMATION('',$,#11915);
#11877=PRODUCT_DEFINITION_FORMATION('',$,#11916);
#11878=PRODUCT_DEFINITION_FORMATION('',$,#11917);
#11879=PRODUCT_DEFINITION_FORMATION('',$,#11918);
#11880=PRODUCT_DEFINITION_FORMATION('',$,#11919);
#11881=PRODUCT_DEFINITION_FORMATION('',$,#11920);
#11882=PRODUCT_RELATED_PRODUCT_CATEGORY('Suitcase - Project SkyFall v3',
'Suitcase - Project SkyFall v3',(#11903));
#11883=PRODUCT_RELATED_PRODUCT_CATEGORY('Component4','Component4',(#11904));
#11884=PRODUCT_RELATED_PRODUCT_CATEGORY('Component5','Component5',(#11905));
#11885=PRODUCT_RELATED_PRODUCT_CATEGORY('Component6','Component6',(#11906));
#11886=PRODUCT_RELATED_PRODUCT_CATEGORY('Component7','Component7',(#11907));
#11887=PRODUCT_RELATED_PRODUCT_CATEGORY('Component8','Component8',(#11908));
#11888=PRODUCT_RELATED_PRODUCT_CATEGORY('Component9','Component9',(#11909));
#11889=PRODUCT_RELATED_PRODUCT_CATEGORY('Component10','Component10',(#11910));
#11890=PRODUCT_RELATED_PRODUCT_CATEGORY('Component11','Component11',(#11911));
#11891=PRODUCT_RELATED_PRODUCT_CATEGORY('Component12','Component12',(#11912));
#11892=PRODUCT_RELATED_PRODUCT_CATEGORY('Component16','Component16',(#11913));
#11893=PRODUCT_RELATED_PRODUCT_CATEGORY('Component17','Component17',(#11914));
#11894=PRODUCT_RELATED_PRODUCT_CATEGORY('Suitcase filling - Top 1 v2',
'Suitcase filling - Top 1 v2',(#11915));
#11895=PRODUCT_RELATED_PRODUCT_CATEGORY('Component1','Component1',(#11916));
#11896=PRODUCT_RELATED_PRODUCT_CATEGORY('Suitcase filling - Top 2 v2',
'Suitcase filling - Top 2 v2',(#11917));
#11897=PRODUCT_RELATED_PRODUCT_CATEGORY('Component1','Component1',(#11918));
#11898=PRODUCT_RELATED_PRODUCT_CATEGORY('Suitcase filling - Bottom v2',
'Suitcase filling - Bottom v2',(#11919));
#11899=PRODUCT_RELATED_PRODUCT_CATEGORY('Component1','Component1',(#11920));
#11900=APPLICATION_PROTOCOL_DEFINITION('international standard',
'automotive_design',2009,#11901);
#11901=APPLICATION_CONTEXT(
'Core Data for Automotive Mechanical Design Process');
#11902=PRODUCT_CONTEXT('part definition',#11901,'mechanical');
#11903=PRODUCT('Suitcase - Project SkyFall',
'Suitcase - Project SkyFall v3',$,(#11902));
#11904=PRODUCT('Component4','Component4',$,(#11902));
#11905=PRODUCT('Component5','Component5',$,(#11902));
#11906=PRODUCT('Component6','Component6',$,(#11902));
#11907=PRODUCT('Component7','Component7',$,(#11902));
#11908=PRODUCT('Component8','Component8',$,(#11902));
#11909=PRODUCT('Component9','Component9',$,(#11902));
#11910=PRODUCT('Component10','Component10',$,(#11902));
#11911=PRODUCT('Component11','Component11',$,(#11902));
#11912=PRODUCT('Component12','Component12',$,(#11902));
#11913=PRODUCT('Component16','Component16',$,(#11902));
#11914=PRODUCT('Component17','Component17',$,(#11902));
#11915=PRODUCT('Suitcase filling - Top 1','Suitcase filling - Top 1 v2',
$,(#11902));
#11916=PRODUCT('Component1','Component1',$,(#11902));
#11917=PRODUCT('Suitcase filling - Top 2','Suitcase filling - Top 2 v2',
$,(#11902));
#11918=PRODUCT('Component1_1','Component1',$,(#11902));
#11919=PRODUCT('Suitcase filling - Bottom',
'Suitcase filling - Bottom v2',$,(#11902));
#11920=PRODUCT('Component1_2','Component1',$,(#11902));
#11921=PRESENTATION_STYLE_ASSIGNMENT((#11925));
#11922=PRESENTATION_STYLE_ASSIGNMENT((#11926));
#11923=PRESENTATION_STYLE_ASSIGNMENT((#11927));
#11924=PRESENTATION_STYLE_ASSIGNMENT((#11928));
#11925=SURFACE_STYLE_USAGE(.BOTH.,#11929);
#11926=SURFACE_STYLE_USAGE(.BOTH.,#11930);
#11927=SURFACE_STYLE_USAGE(.BOTH.,#11931);
#11928=SURFACE_STYLE_USAGE(.BOTH.,#11932);
#11929=SURFACE_SIDE_STYLE('',(#11933));
#11930=SURFACE_SIDE_STYLE('',(#11934));
#11931=SURFACE_SIDE_STYLE('',(#11935));
#11932=SURFACE_SIDE_STYLE('',(#11936));
#11933=SURFACE_STYLE_FILL_AREA(#11937);
#11934=SURFACE_STYLE_FILL_AREA(#11938);
#11935=SURFACE_STYLE_FILL_AREA(#11939);
#11936=SURFACE_STYLE_FILL_AREA(#11940);
#11937=FILL_AREA_STYLE('Steel - Satin',(#11941));
#11938=FILL_AREA_STYLE('Opaque(8,128,220)',(#11942));
#11939=FILL_AREA_STYLE('Opaque(128,128,128)',(#11943));
#11940=FILL_AREA_STYLE('Opaque(0,88,28)',(#11944));
#11941=FILL_AREA_STYLE_COLOUR('Steel - Satin',#11945);
#11942=FILL_AREA_STYLE_COLOUR('Opaque(8,128,220)',#11946);
#11943=FILL_AREA_STYLE_COLOUR('Opaque(128,128,128)',#11947);
#11944=FILL_AREA_STYLE_COLOUR('Opaque(0,88,28)',#11948);
#11945=COLOUR_RGB('Steel - Satin',0.627450980392157,0.627450980392157,0.627450980392157);
#11946=COLOUR_RGB('Opaque(8,128,220)',0.0313725490196078,0.501960784313725,
0.862745098039216);
#11947=COLOUR_RGB('Opaque(128,128,128)',0.501960784313725,0.501960784313725,
0.501960784313725);
#11948=COLOUR_RGB('Opaque(0,88,28)',0.,0.345098039215686,0.109803921568627);
ENDSEC;
END-ISO-10303-21;
