ISO-10303-21;
HEADER;
/* Generated by software containing ST-Developer
 * from STEP Tools, Inc. (www.steptools.com) 
 */

FILE_DESCRIPTION(
/* description */ (''),
/* implementation_level */ '2;1');

FILE_NAME(
/* name */ 'Suitcase filling - Bottom.step',
/* time_stamp */ '2023-06-18T21:19:04+02:00',
/* author */ (''),
/* organization */ (''),
/* preprocessor_version */ 'ST-DEVELOPER v19.2',
/* originating_system */ 'Autodesk Translation Framework v12.6.0.85',
/* authorisation */ '');

FILE_SCHEMA (('AUTOMOTIVE_DESIGN { 1 0 10303 214 3 1 1 }'));
ENDSEC;

DATA;
#10=MECHANICAL_DESIGN_GEOMETRIC_PRESENTATION_REPRESENTATION('',(#17),#3914);
#11=ITEM_DEFINED_TRANSFORMATION($,$,#2482,#2602);
#12=(
REPRESENTATION_RELATIONSHIP($,$,#3925,#3924)
REPRESENTATION_RELATIONSHIP_WITH_TRANSFORMATION(#11)
SHAPE_REPRESENTATION_RELATIONSHIP()
);
#13=CONTEXT_DEPENDENT_SHAPE_REPRESENTATION(#12,#3923);
#14=NEXT_ASSEMBLY_USAGE_OCCURRENCE('Component1:1','Component1:1',
'Component1:1',#3927,#3928,'Component1:1');
#15=SHAPE_REPRESENTATION_RELATIONSHIP('SRR','None',#3925,#16);
#16=ADVANCED_BREP_SHAPE_REPRESENTATION('',(#18),#3913);
#17=STYLED_ITEM('',(#3939),#18);
#18=MANIFOLD_SOLID_BREP('Body1',#2468);
#19=CIRCLE('',#2527,2.00000000000001);
#20=CIRCLE('',#2528,2.00000000000001);
#21=CIRCLE('',#2531,2.00000000000001);
#22=CIRCLE('',#2532,2.00000000000001);
#23=CIRCLE('',#2536,2.);
#24=CIRCLE('',#2537,2.);
#25=CIRCLE('',#2540,2.);
#26=CIRCLE('',#2541,2.);
#27=CIRCLE('',#2545,2.);
#28=CIRCLE('',#2546,2.);
#29=CIRCLE('',#2549,2.);
#30=CIRCLE('',#2550,2.);
#31=CIRCLE('',#2593,2.00000000000001);
#32=CIRCLE('',#2594,2.00000000000001);
#33=CIRCLE('',#2595,2.);
#34=CIRCLE('',#2596,2.);
#35=CIRCLE('',#2597,2.);
#36=CIRCLE('',#2598,2.);
#37=CYLINDRICAL_SURFACE('',#2526,2.00000000000001);
#38=CYLINDRICAL_SURFACE('',#2530,2.00000000000001);
#39=CYLINDRICAL_SURFACE('',#2535,2.);
#40=CYLINDRICAL_SURFACE('',#2539,2.);
#41=CYLINDRICAL_SURFACE('',#2544,2.);
#42=CYLINDRICAL_SURFACE('',#2548,2.);
#43=FACE_BOUND('',#158,.T.);
#44=FACE_BOUND('',#160,.T.);
#45=FACE_BOUND('',#252,.T.);
#46=FACE_BOUND('',#253,.T.);
#47=FACE_BOUND('',#254,.T.);
#48=FACE_BOUND('',#256,.T.);
#49=FACE_BOUND('',#257,.T.);
#50=FACE_BOUND('',#258,.T.);
#51=FACE_OUTER_BOUND('',#152,.T.);
#52=FACE_OUTER_BOUND('',#153,.T.);
#53=FACE_OUTER_BOUND('',#154,.T.);
#54=FACE_OUTER_BOUND('',#155,.T.);
#55=FACE_OUTER_BOUND('',#156,.T.);
#56=FACE_OUTER_BOUND('',#157,.T.);
#57=FACE_OUTER_BOUND('',#159,.T.);
#58=FACE_OUTER_BOUND('',#161,.T.);
#59=FACE_OUTER_BOUND('',#162,.T.);
#60=FACE_OUTER_BOUND('',#163,.T.);
#61=FACE_OUTER_BOUND('',#164,.T.);
#62=FACE_OUTER_BOUND('',#165,.T.);
#63=FACE_OUTER_BOUND('',#166,.T.);
#64=FACE_OUTER_BOUND('',#167,.T.);
#65=FACE_OUTER_BOUND('',#168,.T.);
#66=FACE_OUTER_BOUND('',#169,.T.);
#67=FACE_OUTER_BOUND('',#170,.T.);
#68=FACE_OUTER_BOUND('',#171,.T.);
#69=FACE_OUTER_BOUND('',#172,.T.);
#70=FACE_OUTER_BOUND('',#173,.T.);
#71=FACE_OUTER_BOUND('',#174,.T.);
#72=FACE_OUTER_BOUND('',#175,.T.);
#73=FACE_OUTER_BOUND('',#176,.T.);
#74=FACE_OUTER_BOUND('',#177,.T.);
#75=FACE_OUTER_BOUND('',#178,.T.);
#76=FACE_OUTER_BOUND('',#179,.T.);
#77=FACE_OUTER_BOUND('',#180,.T.);
#78=FACE_OUTER_BOUND('',#181,.T.);
#79=FACE_OUTER_BOUND('',#182,.T.);
#80=FACE_OUTER_BOUND('',#183,.T.);
#81=FACE_OUTER_BOUND('',#184,.T.);
#82=FACE_OUTER_BOUND('',#185,.T.);
#83=FACE_OUTER_BOUND('',#186,.T.);
#84=FACE_OUTER_BOUND('',#187,.T.);
#85=FACE_OUTER_BOUND('',#188,.T.);
#86=FACE_OUTER_BOUND('',#189,.T.);
#87=FACE_OUTER_BOUND('',#190,.T.);
#88=FACE_OUTER_BOUND('',#191,.T.);
#89=FACE_OUTER_BOUND('',#192,.T.);
#90=FACE_OUTER_BOUND('',#193,.T.);
#91=FACE_OUTER_BOUND('',#194,.T.);
#92=FACE_OUTER_BOUND('',#195,.T.);
#93=FACE_OUTER_BOUND('',#196,.T.);
#94=FACE_OUTER_BOUND('',#197,.T.);
#95=FACE_OUTER_BOUND('',#198,.T.);
#96=FACE_OUTER_BOUND('',#199,.T.);
#97=FACE_OUTER_BOUND('',#200,.T.);
#98=FACE_OUTER_BOUND('',#201,.T.);
#99=FACE_OUTER_BOUND('',#202,.T.);
#100=FACE_OUTER_BOUND('',#203,.T.);
#101=FACE_OUTER_BOUND('',#204,.T.);
#102=FACE_OUTER_BOUND('',#205,.T.);
#103=FACE_OUTER_BOUND('',#206,.T.);
#104=FACE_OUTER_BOUND('',#207,.T.);
#105=FACE_OUTER_BOUND('',#208,.T.);
#106=FACE_OUTER_BOUND('',#209,.T.);
#107=FACE_OUTER_BOUND('',#210,.T.);
#108=FACE_OUTER_BOUND('',#211,.T.);
#109=FACE_OUTER_BOUND('',#212,.T.);
#110=FACE_OUTER_BOUND('',#213,.T.);
#111=FACE_OUTER_BOUND('',#214,.T.);
#112=FACE_OUTER_BOUND('',#215,.T.);
#113=FACE_OUTER_BOUND('',#216,.T.);
#114=FACE_OUTER_BOUND('',#217,.T.);
#115=FACE_OUTER_BOUND('',#218,.T.);
#116=FACE_OUTER_BOUND('',#219,.T.);
#117=FACE_OUTER_BOUND('',#220,.T.);
#118=FACE_OUTER_BOUND('',#221,.T.);
#119=FACE_OUTER_BOUND('',#222,.T.);
#120=FACE_OUTER_BOUND('',#223,.T.);
#121=FACE_OUTER_BOUND('',#224,.T.);
#122=FACE_OUTER_BOUND('',#225,.T.);
#123=FACE_OUTER_BOUND('',#226,.T.);
#124=FACE_OUTER_BOUND('',#227,.T.);
#125=FACE_OUTER_BOUND('',#228,.T.);
#126=FACE_OUTER_BOUND('',#229,.T.);
#127=FACE_OUTER_BOUND('',#230,.T.);
#128=FACE_OUTER_BOUND('',#231,.T.);
#129=FACE_OUTER_BOUND('',#232,.T.);
#130=FACE_OUTER_BOUND('',#233,.T.);
#131=FACE_OUTER_BOUND('',#234,.T.);
#132=FACE_OUTER_BOUND('',#235,.T.);
#133=FACE_OUTER_BOUND('',#236,.T.);
#134=FACE_OUTER_BOUND('',#237,.T.);
#135=FACE_OUTER_BOUND('',#238,.T.);
#136=FACE_OUTER_BOUND('',#239,.T.);
#137=FACE_OUTER_BOUND('',#240,.T.);
#138=FACE_OUTER_BOUND('',#241,.T.);
#139=FACE_OUTER_BOUND('',#242,.T.);
#140=FACE_OUTER_BOUND('',#243,.T.);
#141=FACE_OUTER_BOUND('',#244,.T.);
#142=FACE_OUTER_BOUND('',#245,.T.);
#143=FACE_OUTER_BOUND('',#246,.T.);
#144=FACE_OUTER_BOUND('',#247,.T.);
#145=FACE_OUTER_BOUND('',#248,.T.);
#146=FACE_OUTER_BOUND('',#249,.T.);
#147=FACE_OUTER_BOUND('',#250,.T.);
#148=FACE_OUTER_BOUND('',#251,.T.);
#149=FACE_OUTER_BOUND('',#255,.T.);
#150=FACE_OUTER_BOUND('',#259,.T.);
#151=FACE_OUTER_BOUND('',#260,.T.);
#152=EDGE_LOOP('',(#1558,#1559,#1560,#1561));
#153=EDGE_LOOP('',(#1562,#1563,#1564,#1565));
#154=EDGE_LOOP('',(#1566,#1567,#1568,#1569));
#155=EDGE_LOOP('',(#1570,#1571,#1572,#1573));
#156=EDGE_LOOP('',(#1574,#1575,#1576,#1577));
#157=EDGE_LOOP('',(#1578,#1579,#1580,#1581));
#158=EDGE_LOOP('',(#1582,#1583,#1584,#1585));
#159=EDGE_LOOP('',(#1586,#1587,#1588,#1589));
#160=EDGE_LOOP('',(#1590,#1591,#1592,#1593));
#161=EDGE_LOOP('',(#1594,#1595,#1596,#1597,#1598,#1599,#1600,#1601,#1602,
#1603,#1604,#1605));
#162=EDGE_LOOP('',(#1606,#1607,#1608,#1609,#1610,#1611,#1612,#1613,#1614,
#1615,#1616,#1617));
#163=EDGE_LOOP('',(#1618,#1619,#1620,#1621));
#164=EDGE_LOOP('',(#1622,#1623,#1624,#1625));
#165=EDGE_LOOP('',(#1626,#1627,#1628,#1629));
#166=EDGE_LOOP('',(#1630,#1631,#1632,#1633));
#167=EDGE_LOOP('',(#1634,#1635,#1636,#1637));
#168=EDGE_LOOP('',(#1638,#1639,#1640,#1641));
#169=EDGE_LOOP('',(#1642,#1643,#1644,#1645));
#170=EDGE_LOOP('',(#1646,#1647,#1648,#1649));
#171=EDGE_LOOP('',(#1650,#1651,#1652,#1653));
#172=EDGE_LOOP('',(#1654,#1655,#1656,#1657));
#173=EDGE_LOOP('',(#1658,#1659,#1660,#1661));
#174=EDGE_LOOP('',(#1662,#1663,#1664,#1665));
#175=EDGE_LOOP('',(#1666,#1667,#1668,#1669));
#176=EDGE_LOOP('',(#1670,#1671,#1672,#1673));
#177=EDGE_LOOP('',(#1674,#1675,#1676,#1677));
#178=EDGE_LOOP('',(#1678,#1679,#1680,#1681));
#179=EDGE_LOOP('',(#1682,#1683,#1684,#1685));
#180=EDGE_LOOP('',(#1686,#1687,#1688,#1689));
#181=EDGE_LOOP('',(#1690,#1691,#1692,#1693));
#182=EDGE_LOOP('',(#1694,#1695,#1696,#1697));
#183=EDGE_LOOP('',(#1698,#1699,#1700,#1701));
#184=EDGE_LOOP('',(#1702,#1703,#1704,#1705));
#185=EDGE_LOOP('',(#1706,#1707,#1708,#1709));
#186=EDGE_LOOP('',(#1710,#1711,#1712,#1713));
#187=EDGE_LOOP('',(#1714,#1715,#1716,#1717));
#188=EDGE_LOOP('',(#1718,#1719,#1720,#1721));
#189=EDGE_LOOP('',(#1722,#1723,#1724,#1725));
#190=EDGE_LOOP('',(#1726,#1727,#1728,#1729));
#191=EDGE_LOOP('',(#1730,#1731,#1732,#1733));
#192=EDGE_LOOP('',(#1734,#1735,#1736,#1737));
#193=EDGE_LOOP('',(#1738,#1739,#1740,#1741));
#194=EDGE_LOOP('',(#1742,#1743,#1744,#1745));
#195=EDGE_LOOP('',(#1746,#1747,#1748,#1749));
#196=EDGE_LOOP('',(#1750,#1751,#1752,#1753));
#197=EDGE_LOOP('',(#1754,#1755,#1756,#1757));
#198=EDGE_LOOP('',(#1758,#1759,#1760,#1761));
#199=EDGE_LOOP('',(#1762,#1763,#1764,#1765));
#200=EDGE_LOOP('',(#1766,#1767,#1768,#1769));
#201=EDGE_LOOP('',(#1770,#1771,#1772,#1773));
#202=EDGE_LOOP('',(#1774,#1775,#1776,#1777));
#203=EDGE_LOOP('',(#1778,#1779,#1780,#1781));
#204=EDGE_LOOP('',(#1782,#1783,#1784,#1785));
#205=EDGE_LOOP('',(#1786,#1787,#1788,#1789));
#206=EDGE_LOOP('',(#1790,#1791,#1792,#1793));
#207=EDGE_LOOP('',(#1794,#1795,#1796,#1797));
#208=EDGE_LOOP('',(#1798,#1799,#1800,#1801));
#209=EDGE_LOOP('',(#1802,#1803,#1804,#1805));
#210=EDGE_LOOP('',(#1806,#1807,#1808,#1809));
#211=EDGE_LOOP('',(#1810,#1811,#1812,#1813));
#212=EDGE_LOOP('',(#1814,#1815,#1816,#1817));
#213=EDGE_LOOP('',(#1818,#1819,#1820,#1821));
#214=EDGE_LOOP('',(#1822,#1823,#1824,#1825));
#215=EDGE_LOOP('',(#1826,#1827,#1828,#1829));
#216=EDGE_LOOP('',(#1830,#1831,#1832,#1833));
#217=EDGE_LOOP('',(#1834,#1835,#1836,#1837));
#218=EDGE_LOOP('',(#1838,#1839,#1840,#1841));
#219=EDGE_LOOP('',(#1842,#1843,#1844,#1845));
#220=EDGE_LOOP('',(#1846,#1847,#1848,#1849));
#221=EDGE_LOOP('',(#1850,#1851,#1852,#1853));
#222=EDGE_LOOP('',(#1854,#1855,#1856,#1857));
#223=EDGE_LOOP('',(#1858,#1859,#1860,#1861));
#224=EDGE_LOOP('',(#1862,#1863,#1864,#1865));
#225=EDGE_LOOP('',(#1866,#1867,#1868,#1869));
#226=EDGE_LOOP('',(#1870,#1871,#1872,#1873));
#227=EDGE_LOOP('',(#1874,#1875,#1876,#1877));
#228=EDGE_LOOP('',(#1878,#1879,#1880,#1881));
#229=EDGE_LOOP('',(#1882,#1883,#1884,#1885));
#230=EDGE_LOOP('',(#1886,#1887,#1888,#1889));
#231=EDGE_LOOP('',(#1890,#1891,#1892,#1893));
#232=EDGE_LOOP('',(#1894,#1895,#1896,#1897));
#233=EDGE_LOOP('',(#1898,#1899,#1900,#1901));
#234=EDGE_LOOP('',(#1902,#1903,#1904,#1905));
#235=EDGE_LOOP('',(#1906,#1907,#1908,#1909));
#236=EDGE_LOOP('',(#1910,#1911,#1912,#1913));
#237=EDGE_LOOP('',(#1914,#1915,#1916,#1917));
#238=EDGE_LOOP('',(#1918,#1919,#1920,#1921));
#239=EDGE_LOOP('',(#1922,#1923,#1924,#1925));
#240=EDGE_LOOP('',(#1926,#1927,#1928,#1929));
#241=EDGE_LOOP('',(#1930,#1931,#1932,#1933));
#242=EDGE_LOOP('',(#1934,#1935,#1936,#1937));
#243=EDGE_LOOP('',(#1938,#1939,#1940,#1941));
#244=EDGE_LOOP('',(#1942,#1943,#1944,#1945));
#245=EDGE_LOOP('',(#1946,#1947,#1948,#1949));
#246=EDGE_LOOP('',(#1950,#1951,#1952,#1953,#1954));
#247=EDGE_LOOP('',(#1955,#1956,#1957,#1958));
#248=EDGE_LOOP('',(#1959,#1960,#1961,#1962));
#249=EDGE_LOOP('',(#1963,#1964,#1965,#1966));
#250=EDGE_LOOP('',(#1967,#1968,#1969,#1970,#1971));
#251=EDGE_LOOP('',(#1972,#1973,#1974,#1975,#1976,#1977,#1978,#1979));
#252=EDGE_LOOP('',(#1980,#1981,#1982,#1983));
#253=EDGE_LOOP('',(#1984,#1985,#1986,#1987,#1988,#1989,#1990,#1991,#1992,
#1993,#1994,#1995));
#254=EDGE_LOOP('',(#1996,#1997,#1998,#1999,#2000,#2001,#2002,#2003,#2004,
#2005,#2006,#2007,#2008,#2009,#2010,#2011,#2012,#2013,#2014,#2015,#2016,
#2017,#2018,#2019,#2020,#2021,#2022,#2023,#2024,#2025,#2026,#2027,#2028,
#2029,#2030,#2031,#2032,#2033,#2034,#2035,#2036,#2037,#2038,#2039,#2040,
#2041,#2042,#2043,#2044,#2045,#2046,#2047,#2048,#2049,#2050,#2051,#2052,
#2053,#2054,#2055,#2056,#2057));
#255=EDGE_LOOP('',(#2058,#2059,#2060,#2061,#2062,#2063,#2064,#2065));
#256=EDGE_LOOP('',(#2066,#2067,#2068,#2069,#2070,#2071,#2072,#2073,#2074,
#2075,#2076,#2077,#2078,#2079,#2080,#2081,#2082,#2083,#2084,#2085,#2086,
#2087,#2088,#2089,#2090,#2091,#2092,#2093,#2094,#2095,#2096,#2097,#2098,
#2099,#2100,#2101,#2102,#2103,#2104,#2105,#2106,#2107,#2108,#2109,#2110,
#2111,#2112,#2113,#2114,#2115,#2116,#2117,#2118,#2119,#2120,#2121,#2122,
#2123,#2124,#2125,#2126,#2127,#2128,#2129));
#257=EDGE_LOOP('',(#2130,#2131,#2132,#2133,#2134,#2135,#2136,#2137,#2138,
#2139,#2140,#2141));
#258=EDGE_LOOP('',(#2142,#2143,#2144,#2145));
#259=EDGE_LOOP('',(#2146,#2147,#2148,#2149,#2150,#2151,#2152,#2153,#2154,
#2155,#2156,#2157,#2158,#2159,#2160,#2161,#2162,#2163,#2164,#2165,#2166,
#2167,#2168,#2169,#2170,#2171,#2172,#2173,#2174,#2175,#2176,#2177,#2178,
#2179,#2180,#2181,#2182,#2183,#2184,#2185,#2186,#2187,#2188,#2189,#2190,
#2191,#2192,#2193,#2194,#2195,#2196,#2197,#2198,#2199,#2200,#2201,#2202,
#2203,#2204,#2205,#2206,#2207));
#260=EDGE_LOOP('',(#2208,#2209,#2210,#2211,#2212,#2213,#2214,#2215,#2216,
#2217,#2218,#2219,#2220,#2221,#2222,#2223,#2224,#2225,#2226,#2227,#2228,
#2229,#2230,#2231,#2232,#2233,#2234,#2235,#2236,#2237,#2238,#2239,#2240,
#2241,#2242,#2243,#2244,#2245,#2246,#2247,#2248,#2249,#2250,#2251,#2252,
#2253,#2254,#2255,#2256,#2257,#2258,#2259,#2260,#2261,#2262,#2263,#2264,
#2265,#2266,#2267,#2268,#2269,#2270,#2271));
#261=LINE('',#3191,#600);
#262=LINE('',#3193,#601);
#263=LINE('',#3195,#602);
#264=LINE('',#3196,#603);
#265=LINE('',#3199,#604);
#266=LINE('',#3201,#605);
#267=LINE('',#3202,#606);
#268=LINE('',#3205,#607);
#269=LINE('',#3207,#608);
#270=LINE('',#3208,#609);
#271=LINE('',#3210,#610);
#272=LINE('',#3211,#611);
#273=LINE('',#3215,#612);
#274=LINE('',#3217,#613);
#275=LINE('',#3219,#614);
#276=LINE('',#3220,#615);
#277=LINE('',#3223,#616);
#278=LINE('',#3225,#617);
#279=LINE('',#3226,#618);
#280=LINE('',#3229,#619);
#281=LINE('',#3231,#620);
#282=LINE('',#3232,#621);
#283=LINE('',#3236,#622);
#284=LINE('',#3238,#623);
#285=LINE('',#3240,#624);
#286=LINE('',#3242,#625);
#287=LINE('',#3244,#626);
#288=LINE('',#3246,#627);
#289=LINE('',#3248,#628);
#290=LINE('',#3250,#629);
#291=LINE('',#3252,#630);
#292=LINE('',#3254,#631);
#293=LINE('',#3256,#632);
#294=LINE('',#3257,#633);
#295=LINE('',#3261,#634);
#296=LINE('',#3263,#635);
#297=LINE('',#3265,#636);
#298=LINE('',#3267,#637);
#299=LINE('',#3269,#638);
#300=LINE('',#3271,#639);
#301=LINE('',#3273,#640);
#302=LINE('',#3275,#641);
#303=LINE('',#3277,#642);
#304=LINE('',#3279,#643);
#305=LINE('',#3281,#644);
#306=LINE('',#3282,#645);
#307=LINE('',#3286,#646);
#308=LINE('',#3288,#647);
#309=LINE('',#3290,#648);
#310=LINE('',#3291,#649);
#311=LINE('',#3294,#650);
#312=LINE('',#3296,#651);
#313=LINE('',#3297,#652);
#314=LINE('',#3300,#653);
#315=LINE('',#3302,#654);
#316=LINE('',#3303,#655);
#317=LINE('',#3306,#656);
#318=LINE('',#3308,#657);
#319=LINE('',#3309,#658);
#320=LINE('',#3312,#659);
#321=LINE('',#3314,#660);
#322=LINE('',#3315,#661);
#323=LINE('',#3318,#662);
#324=LINE('',#3320,#663);
#325=LINE('',#3321,#664);
#326=LINE('',#3324,#665);
#327=LINE('',#3326,#666);
#328=LINE('',#3327,#667);
#329=LINE('',#3330,#668);
#330=LINE('',#3332,#669);
#331=LINE('',#3333,#670);
#332=LINE('',#3336,#671);
#333=LINE('',#3338,#672);
#334=LINE('',#3339,#673);
#335=LINE('',#3342,#674);
#336=LINE('',#3344,#675);
#337=LINE('',#3345,#676);
#338=LINE('',#3348,#677);
#339=LINE('',#3350,#678);
#340=LINE('',#3351,#679);
#341=LINE('',#3354,#680);
#342=LINE('',#3356,#681);
#343=LINE('',#3357,#682);
#344=LINE('',#3360,#683);
#345=LINE('',#3362,#684);
#346=LINE('',#3363,#685);
#347=LINE('',#3366,#686);
#348=LINE('',#3368,#687);
#349=LINE('',#3369,#688);
#350=LINE('',#3372,#689);
#351=LINE('',#3374,#690);
#352=LINE('',#3375,#691);
#353=LINE('',#3378,#692);
#354=LINE('',#3380,#693);
#355=LINE('',#3381,#694);
#356=LINE('',#3384,#695);
#357=LINE('',#3386,#696);
#358=LINE('',#3387,#697);
#359=LINE('',#3390,#698);
#360=LINE('',#3392,#699);
#361=LINE('',#3393,#700);
#362=LINE('',#3396,#701);
#363=LINE('',#3398,#702);
#364=LINE('',#3399,#703);
#365=LINE('',#3402,#704);
#366=LINE('',#3404,#705);
#367=LINE('',#3405,#706);
#368=LINE('',#3408,#707);
#369=LINE('',#3410,#708);
#370=LINE('',#3411,#709);
#371=LINE('',#3414,#710);
#372=LINE('',#3416,#711);
#373=LINE('',#3417,#712);
#374=LINE('',#3420,#713);
#375=LINE('',#3422,#714);
#376=LINE('',#3423,#715);
#377=LINE('',#3426,#716);
#378=LINE('',#3428,#717);
#379=LINE('',#3429,#718);
#380=LINE('',#3432,#719);
#381=LINE('',#3434,#720);
#382=LINE('',#3435,#721);
#383=LINE('',#3438,#722);
#384=LINE('',#3440,#723);
#385=LINE('',#3441,#724);
#386=LINE('',#3444,#725);
#387=LINE('',#3446,#726);
#388=LINE('',#3447,#727);
#389=LINE('',#3450,#728);
#390=LINE('',#3452,#729);
#391=LINE('',#3453,#730);
#392=LINE('',#3456,#731);
#393=LINE('',#3458,#732);
#394=LINE('',#3459,#733);
#395=LINE('',#3462,#734);
#396=LINE('',#3464,#735);
#397=LINE('',#3465,#736);
#398=LINE('',#3468,#737);
#399=LINE('',#3470,#738);
#400=LINE('',#3471,#739);
#401=LINE('',#3474,#740);
#402=LINE('',#3476,#741);
#403=LINE('',#3477,#742);
#404=LINE('',#3480,#743);
#405=LINE('',#3482,#744);
#406=LINE('',#3483,#745);
#407=LINE('',#3486,#746);
#408=LINE('',#3488,#747);
#409=LINE('',#3489,#748);
#410=LINE('',#3494,#749);
#411=LINE('',#3498,#750);
#412=LINE('',#3500,#751);
#413=LINE('',#3501,#752);
#414=LINE('',#3506,#753);
#415=LINE('',#3510,#754);
#416=LINE('',#3512,#755);
#417=LINE('',#3513,#756);
#418=LINE('',#3516,#757);
#419=LINE('',#3518,#758);
#420=LINE('',#3519,#759);
#421=LINE('',#3524,#760);
#422=LINE('',#3528,#761);
#423=LINE('',#3530,#762);
#424=LINE('',#3531,#763);
#425=LINE('',#3536,#764);
#426=LINE('',#3540,#765);
#427=LINE('',#3542,#766);
#428=LINE('',#3543,#767);
#429=LINE('',#3546,#768);
#430=LINE('',#3548,#769);
#431=LINE('',#3549,#770);
#432=LINE('',#3554,#771);
#433=LINE('',#3558,#772);
#434=LINE('',#3560,#773);
#435=LINE('',#3561,#774);
#436=LINE('',#3566,#775);
#437=LINE('',#3570,#776);
#438=LINE('',#3572,#777);
#439=LINE('',#3573,#778);
#440=LINE('',#3576,#779);
#441=LINE('',#3578,#780);
#442=LINE('',#3579,#781);
#443=LINE('',#3582,#782);
#444=LINE('',#3584,#783);
#445=LINE('',#3585,#784);
#446=LINE('',#3588,#785);
#447=LINE('',#3590,#786);
#448=LINE('',#3591,#787);
#449=LINE('',#3594,#788);
#450=LINE('',#3596,#789);
#451=LINE('',#3597,#790);
#452=LINE('',#3600,#791);
#453=LINE('',#3602,#792);
#454=LINE('',#3603,#793);
#455=LINE('',#3606,#794);
#456=LINE('',#3608,#795);
#457=LINE('',#3609,#796);
#458=LINE('',#3612,#797);
#459=LINE('',#3614,#798);
#460=LINE('',#3615,#799);
#461=LINE('',#3618,#800);
#462=LINE('',#3620,#801);
#463=LINE('',#3621,#802);
#464=LINE('',#3624,#803);
#465=LINE('',#3626,#804);
#466=LINE('',#3627,#805);
#467=LINE('',#3630,#806);
#468=LINE('',#3632,#807);
#469=LINE('',#3633,#808);
#470=LINE('',#3636,#809);
#471=LINE('',#3638,#810);
#472=LINE('',#3639,#811);
#473=LINE('',#3642,#812);
#474=LINE('',#3644,#813);
#475=LINE('',#3645,#814);
#476=LINE('',#3648,#815);
#477=LINE('',#3650,#816);
#478=LINE('',#3651,#817);
#479=LINE('',#3654,#818);
#480=LINE('',#3656,#819);
#481=LINE('',#3657,#820);
#482=LINE('',#3660,#821);
#483=LINE('',#3662,#822);
#484=LINE('',#3663,#823);
#485=LINE('',#3665,#824);
#486=LINE('',#3666,#825);
#487=LINE('',#3670,#826);
#488=LINE('',#3671,#827);
#489=LINE('',#3672,#828);
#490=LINE('',#3675,#829);
#491=LINE('',#3676,#830);
#492=LINE('',#3679,#831);
#493=LINE('',#3680,#832);
#494=LINE('',#3683,#833);
#495=LINE('',#3684,#834);
#496=LINE('',#3687,#835);
#497=LINE('',#3688,#836);
#498=LINE('',#3691,#837);
#499=LINE('',#3692,#838);
#500=LINE('',#3695,#839);
#501=LINE('',#3696,#840);
#502=LINE('',#3699,#841);
#503=LINE('',#3700,#842);
#504=LINE('',#3703,#843);
#505=LINE('',#3704,#844);
#506=LINE('',#3707,#845);
#507=LINE('',#3708,#846);
#508=LINE('',#3711,#847);
#509=LINE('',#3712,#848);
#510=LINE('',#3714,#849);
#511=LINE('',#3718,#850);
#512=LINE('',#3720,#851);
#513=LINE('',#3722,#852);
#514=LINE('',#3723,#853);
#515=LINE('',#3726,#854);
#516=LINE('',#3728,#855);
#517=LINE('',#3729,#856);
#518=LINE('',#3732,#857);
#519=LINE('',#3734,#858);
#520=LINE('',#3735,#859);
#521=LINE('',#3737,#860);
#522=LINE('',#3738,#861);
#523=LINE('',#3742,#862);
#524=LINE('',#3743,#863);
#525=LINE('',#3744,#864);
#526=LINE('',#3747,#865);
#527=LINE('',#3748,#866);
#528=LINE('',#3751,#867);
#529=LINE('',#3752,#868);
#530=LINE('',#3755,#869);
#531=LINE('',#3757,#870);
#532=LINE('',#3758,#871);
#533=LINE('',#3761,#872);
#534=LINE('',#3763,#873);
#535=LINE('',#3764,#874);
#536=LINE('',#3767,#875);
#537=LINE('',#3769,#876);
#538=LINE('',#3770,#877);
#539=LINE('',#3773,#878);
#540=LINE('',#3775,#879);
#541=LINE('',#3776,#880);
#542=LINE('',#3778,#881);
#543=LINE('',#3779,#882);
#544=LINE('',#3783,#883);
#545=LINE('',#3785,#884);
#546=LINE('',#3787,#885);
#547=LINE('',#3789,#886);
#548=LINE('',#3791,#887);
#549=LINE('',#3793,#888);
#550=LINE('',#3795,#889);
#551=LINE('',#3797,#890);
#552=LINE('',#3799,#891);
#553=LINE('',#3801,#892);
#554=LINE('',#3803,#893);
#555=LINE('',#3805,#894);
#556=LINE('',#3807,#895);
#557=LINE('',#3809,#896);
#558=LINE('',#3811,#897);
#559=LINE('',#3813,#898);
#560=LINE('',#3815,#899);
#561=LINE('',#3817,#900);
#562=LINE('',#3819,#901);
#563=LINE('',#3821,#902);
#564=LINE('',#3823,#903);
#565=LINE('',#3825,#904);
#566=LINE('',#3827,#905);
#567=LINE('',#3829,#906);
#568=LINE('',#3831,#907);
#569=LINE('',#3833,#908);
#570=LINE('',#3835,#909);
#571=LINE('',#3837,#910);
#572=LINE('',#3839,#911);
#573=LINE('',#3841,#912);
#574=LINE('',#3843,#913);
#575=LINE('',#3845,#914);
#576=LINE('',#3847,#915);
#577=LINE('',#3849,#916);
#578=LINE('',#3851,#917);
#579=LINE('',#3855,#918);
#580=LINE('',#3859,#919);
#581=LINE('',#3863,#920);
#582=LINE('',#3867,#921);
#583=LINE('',#3871,#922);
#584=LINE('',#3875,#923);
#585=LINE('',#3877,#924);
#586=LINE('',#3879,#925);
#587=LINE('',#3881,#926);
#588=LINE('',#3883,#927);
#589=LINE('',#3885,#928);
#590=LINE('',#3887,#929);
#591=LINE('',#3889,#930);
#592=LINE('',#3891,#931);
#593=LINE('',#3893,#932);
#594=LINE('',#3895,#933);
#595=LINE('',#3897,#934);
#596=LINE('',#3899,#935);
#597=LINE('',#3901,#936);
#598=LINE('',#3903,#937);
#599=LINE('',#3904,#938);
#600=VECTOR('',#2609,336.);
#601=VECTOR('',#2610,64.9999999999999);
#602=VECTOR('',#2611,336.);
#603=VECTOR('',#2612,65.);
#604=VECTOR('',#2615,90.9999999999998);
#605=VECTOR('',#2616,90.9999999999998);
#606=VECTOR('',#2617,65.);
#607=VECTOR('',#2620,336.);
#608=VECTOR('',#2621,336.);
#609=VECTOR('',#2622,64.9999999999999);
#610=VECTOR('',#2625,90.9999999999998);
#611=VECTOR('',#2626,90.9999999999998);
#612=VECTOR('',#2629,366.000000000001);
#613=VECTOR('',#2630,64.9999999999999);
#614=VECTOR('',#2631,366.000000000001);
#615=VECTOR('',#2632,65.);
#616=VECTOR('',#2635,15.);
#617=VECTOR('',#2636,15.);
#618=VECTOR('',#2637,15.);
#619=VECTOR('',#2640,121.);
#620=VECTOR('',#2641,366.);
#621=VECTOR('',#2642,121.);
#622=VECTOR('',#2645,40.4500018631093);
#623=VECTOR('',#2646,32.0000000000001);
#624=VECTOR('',#2647,79.9999999999998);
#625=VECTOR('',#2648,80.0000000000004);
#626=VECTOR('',#2649,80.);
#627=VECTOR('',#2650,32.0000000000003);
#628=VECTOR('',#2651,40.4500018631093);
#629=VECTOR('',#2652,22.0000000000001);
#630=VECTOR('',#2653,40.);
#631=VECTOR('',#2654,60.0000000000004);
#632=VECTOR('',#2655,40.);
#633=VECTOR('',#2656,22.0000000000006);
#634=VECTOR('',#2659,40.4500018631093);
#635=VECTOR('',#2660,22.0000000000005);
#636=VECTOR('',#2661,40.);
#637=VECTOR('',#2662,60.0000000000004);
#638=VECTOR('',#2663,40.);
#639=VECTOR('',#2664,22.0000000000002);
#640=VECTOR('',#2665,40.4500018631091);
#641=VECTOR('',#2666,32.0000000000002);
#642=VECTOR('',#2667,79.9999999999999);
#643=VECTOR('',#2668,80.0000000000004);
#644=VECTOR('',#2669,79.9999999999998);
#645=VECTOR('',#2670,32.0000000000002);
#646=VECTOR('',#2673,2.170269885979);
#647=VECTOR('',#2674,75.);
#648=VECTOR('',#2675,2.170269885979);
#649=VECTOR('',#2676,75.);
#650=VECTOR('',#2679,6.28905503376451);
#651=VECTOR('',#2680,75.);
#652=VECTOR('',#2681,6.2890550337645);
#653=VECTOR('',#2684,2.170269885979);
#654=VECTOR('',#2685,75.);
#655=VECTOR('',#2686,2.170269885979);
#656=VECTOR('',#2689,11.519107017309);
#657=VECTOR('',#2690,75.);
#658=VECTOR('',#2691,11.519107017309);
#659=VECTOR('',#2694,0.499999999999005);
#660=VECTOR('',#2695,75.);
#661=VECTOR('',#2696,0.499999999999005);
#662=VECTOR('',#2699,0.742868620499242);
#663=VECTOR('',#2700,75.);
#664=VECTOR('',#2701,0.742868620499256);
#665=VECTOR('',#2704,1.09999999999999);
#666=VECTOR('',#2705,75.);
#667=VECTOR('',#2706,1.09999999999999);
#668=VECTOR('',#2709,0.0241652339207243);
#669=VECTOR('',#2710,75.);
#670=VECTOR('',#2711,0.0241652339207238);
#671=VECTOR('',#2714,0.024216183998395);
#672=VECTOR('',#2715,75.);
#673=VECTOR('',#2716,0.0242161839983351);
#674=VECTOR('',#2719,0.024252861086283);
#675=VECTOR('',#2720,75.);
#676=VECTOR('',#2721,0.0242528610862781);
#677=VECTOR('',#2724,0.0242767808683242);
#678=VECTOR('',#2725,75.);
#679=VECTOR('',#2726,0.0242767808683813);
#680=VECTOR('',#2729,0.0242897102312843);
#681=VECTOR('',#2730,75.);
#682=VECTOR('',#2731,0.024289710231275);
#683=VECTOR('',#2734,0.0242936745747841);
#684=VECTOR('',#2735,75.);
#685=VECTOR('',#2736,0.0242936745747871);
#686=VECTOR('',#2739,0.0242909653261354);
#687=VECTOR('',#2740,75.);
#688=VECTOR('',#2741,0.0242909653261355);
#689=VECTOR('',#2744,0.0242841469893028);
#690=VECTOR('',#2745,75.);
#691=VECTOR('',#2746,0.0242841469893018);
#692=VECTOR('',#2749,0.0242760628355805);
#693=VECTOR('',#2750,75.);
#694=VECTOR('',#2751,0.0242760628355932);
#695=VECTOR('',#2754,0.0242698382912633);
#696=VECTOR('',#2755,75.);
#697=VECTOR('',#2756,0.0242698382912711);
#698=VECTOR('',#2759,0.0242688808382623);
#699=VECTOR('',#2760,75.);
#700=VECTOR('',#2761,0.0242688808382696);
#701=VECTOR('',#2764,0.024276875180178);
#702=VECTOR('',#2765,75.);
#703=VECTOR('',#2766,0.0242768751801845);
#704=VECTOR('',#2769,0.0242977723034318);
#705=VECTOR('',#2770,75.);
#706=VECTOR('',#2771,0.024297772303899);
#707=VECTOR('',#2774,0.0243350881300856);
#708=VECTOR('',#2775,75.);
#709=VECTOR('',#2776,0.0243350881296294);
#710=VECTOR('',#2779,0.0243690489162293);
#711=VECTOR('',#2780,75.);
#712=VECTOR('',#2781,0.024369048916236);
#713=VECTOR('',#2784,0.024374943076647);
#714=VECTOR('',#2785,75.);
#715=VECTOR('',#2786,0.0243749430765721);
#716=VECTOR('',#2789,0.023299299647864);
#717=VECTOR('',#2790,75.);
#718=VECTOR('',#2791,0.0232992996479465);
#719=VECTOR('',#2794,0.0253828099914573);
#720=VECTOR('',#2795,75.);
#721=VECTOR('',#2796,0.0253828099914506);
#722=VECTOR('',#2799,0.0242843450653322);
#723=VECTOR('',#2800,75.);
#724=VECTOR('',#2801,0.0242843450652512);
#725=VECTOR('',#2804,0.0242463636084012);
#726=VECTOR('',#2805,75.);
#727=VECTOR('',#2806,0.0242463636084672);
#728=VECTOR('',#2809,0.024221007094855);
#729=VECTOR('',#2810,75.);
#730=VECTOR('',#2811,0.0242210070948606);
#731=VECTOR('',#2814,0.0242196008113787);
#732=VECTOR('',#2815,75.);
#733=VECTOR('',#2816,0.0242196008113058);
#734=VECTOR('',#2819,0.02425432339109);
#735=VECTOR('',#2820,75.);
#736=VECTOR('',#2821,0.0242543233911734);
#737=VECTOR('',#2824,0.0243380546072153);
#738=VECTOR('',#2825,75.);
#739=VECTOR('',#2826,0.0243380546072062);
#740=VECTOR('',#2829,0.0244841446204433);
#741=VECTOR('',#2830,75.);
#742=VECTOR('',#2831,0.0244841446203547);
#743=VECTOR('',#2834,0.776749837565205);
#744=VECTOR('',#2835,75.);
#745=VECTOR('',#2836,0.776749837565212);
#746=VECTOR('',#2839,1.50000000000099);
#747=VECTOR('',#2840,75.);
#748=VECTOR('',#2841,1.50000000000099);
#749=VECTOR('',#2846,75.);
#750=VECTOR('',#2851,1.4999999999873);
#751=VECTOR('',#2852,75.);
#752=VECTOR('',#2853,1.49999999998722);
#753=VECTOR('',#2858,75.);
#754=VECTOR('',#2863,10.299999999979);
#755=VECTOR('',#2864,75.);
#756=VECTOR('',#2865,10.299999999979);
#757=VECTOR('',#2868,8.300000000013);
#758=VECTOR('',#2869,75.);
#759=VECTOR('',#2870,8.300000000013);
#760=VECTOR('',#2875,74.9999999999991);
#761=VECTOR('',#2880,13.2000000004362);
#762=VECTOR('',#2881,75.);
#763=VECTOR('',#2882,13.2000000004362);
#764=VECTOR('',#2887,74.9999999999991);
#765=VECTOR('',#2892,8.);
#766=VECTOR('',#2893,75.);
#767=VECTOR('',#2894,8.);
#768=VECTOR('',#2897,10.599999999992);
#769=VECTOR('',#2898,75.);
#770=VECTOR('',#2899,10.599999999992);
#771=VECTOR('',#2904,74.9999999999992);
#772=VECTOR('',#2909,1.4999999999534);
#773=VECTOR('',#2910,75.);
#774=VECTOR('',#2911,1.4999999999534);
#775=VECTOR('',#2916,75.);
#776=VECTOR('',#2921,1.5);
#777=VECTOR('',#2922,75.);
#778=VECTOR('',#2923,1.5);
#779=VECTOR('',#2926,0.899999999766898);
#780=VECTOR('',#2927,75.);
#781=VECTOR('',#2928,0.899999999766976);
#782=VECTOR('',#2931,0.148367644977207);
#783=VECTOR('',#2932,75.);
#784=VECTOR('',#2933,0.148367644977219);
#785=VECTOR('',#2936,0.186397539453614);
#786=VECTOR('',#2937,75.);
#787=VECTOR('',#2938,0.186397539453561);
#788=VECTOR('',#2941,0.155426536500542);
#789=VECTOR('',#2942,75.);
#790=VECTOR('',#2943,0.155426536500595);
#791=VECTOR('',#2946,1.09999999999999);
#792=VECTOR('',#2947,75.);
#793=VECTOR('',#2948,1.09999999999999);
#794=VECTOR('',#2951,0.742868620499142);
#795=VECTOR('',#2952,75.);
#796=VECTOR('',#2953,0.742868620499155);
#797=VECTOR('',#2956,0.499999999997996);
#798=VECTOR('',#2957,75.);
#799=VECTOR('',#2958,0.499999999997996);
#800=VECTOR('',#2961,9.2861256906276);
#801=VECTOR('',#2962,75.);
#802=VECTOR('',#2963,9.2861256906276);
#803=VECTOR('',#2966,7.19999999999901);
#804=VECTOR('',#2967,75.);
#805=VECTOR('',#2968,7.19999999999901);
#806=VECTOR('',#2971,15.);
#807=VECTOR('',#2972,75.);
#808=VECTOR('',#2973,15.);
#809=VECTOR('',#2976,7.2);
#810=VECTOR('',#2977,75.);
#811=VECTOR('',#2978,7.20000000000002);
#812=VECTOR('',#2981,2.54621954865102);
#813=VECTOR('',#2982,75.);
#814=VECTOR('',#2983,2.54621954865102);
#815=VECTOR('',#2986,111.000000000011);
#816=VECTOR('',#2987,75.);
#817=VECTOR('',#2988,111.000000000011);
#818=VECTOR('',#2991,63.932336);
#819=VECTOR('',#2992,75.);
#820=VECTOR('',#2993,63.932336);
#821=VECTOR('',#2996,111.00000000001);
#822=VECTOR('',#2997,75.);
#823=VECTOR('',#2998,111.00000000001);
#824=VECTOR('',#3001,9.0918379486617);
#825=VECTOR('',#3002,9.09183794866169);
#826=VECTOR('',#3005,32.0000000000001);
#827=VECTOR('',#3006,75.);
#828=VECTOR('',#3007,75.);
#829=VECTOR('',#3010,79.9999999999999);
#830=VECTOR('',#3011,75.);
#831=VECTOR('',#3014,80.0000000000004);
#832=VECTOR('',#3015,75.);
#833=VECTOR('',#3018,79.9999999999999);
#834=VECTOR('',#3019,75.);
#835=VECTOR('',#3022,32.0000000000003);
#836=VECTOR('',#3023,75.);
#837=VECTOR('',#3026,40.4500018631092);
#838=VECTOR('',#3027,75.);
#839=VECTOR('',#3030,22.0000000000002);
#840=VECTOR('',#3031,75.);
#841=VECTOR('',#3034,40.);
#842=VECTOR('',#3035,75.);
#843=VECTOR('',#3038,60.0000000000004);
#844=VECTOR('',#3039,75.0000000000001);
#845=VECTOR('',#3042,40.);
#846=VECTOR('',#3043,75.);
#847=VECTOR('',#3046,22.0000000000005);
#848=VECTOR('',#3047,75.);
#849=VECTOR('',#3050,40.4500018631093);
#850=VECTOR('',#3053,180.000001862645);
#851=VECTOR('',#3054,90.);
#852=VECTOR('',#3055,180.000001862645);
#853=VECTOR('',#3056,90.);
#854=VECTOR('',#3059,215.000000000001);
#855=VECTOR('',#3060,89.9999999999999);
#856=VECTOR('',#3061,215.000000000001);
#857=VECTOR('',#3064,180.000001862645);
#858=VECTOR('',#3065,89.9999999999999);
#859=VECTOR('',#3066,180.000001862645);
#860=VECTOR('',#3069,215.);
#861=VECTOR('',#3070,215.);
#862=VECTOR('',#3073,121.);
#863=VECTOR('',#3074,25.);
#864=VECTOR('',#3075,25.);
#865=VECTOR('',#3078,366.);
#866=VECTOR('',#3079,25.);
#867=VECTOR('',#3082,121.);
#868=VECTOR('',#3083,25.);
#869=VECTOR('',#3086,38.499999999999);
#870=VECTOR('',#3087,89.9999999999999);
#871=VECTOR('',#3088,38.499999999999);
#872=VECTOR('',#3091,320.);
#873=VECTOR('',#3092,89.9999999999999);
#874=VECTOR('',#3093,320.);
#875=VECTOR('',#3096,443.);
#876=VECTOR('',#3097,90.);
#877=VECTOR('',#3098,443.);
#878=VECTOR('',#3101,320.);
#879=VECTOR('',#3102,90.);
#880=VECTOR('',#3103,320.);
#881=VECTOR('',#3106,38.5000000000001);
#882=VECTOR('',#3107,38.5000000000001);
#883=VECTOR('',#3110,9.09183794866169);
#884=VECTOR('',#3111,2.170269885979);
#885=VECTOR('',#3112,6.28905503376449);
#886=VECTOR('',#3113,2.170269885979);
#887=VECTOR('',#3114,11.519107017309);
#888=VECTOR('',#3115,0.499999999999005);
#889=VECTOR('',#3116,0.742868620499235);
#890=VECTOR('',#3117,1.09999999999999);
#891=VECTOR('',#3118,0.0241652339207342);
#892=VECTOR('',#3119,0.0242161839983198);
#893=VECTOR('',#3120,0.0242528610862834);
#894=VECTOR('',#3121,0.0242767808684016);
#895=VECTOR('',#3122,0.0242897102312399);
#896=VECTOR('',#3123,0.0242936745747819);
#897=VECTOR('',#3124,0.0242909653261302);
#898=VECTOR('',#3125,0.0242841469893112);
#899=VECTOR('',#3126,0.0242760628356077);
#900=VECTOR('',#3127,0.0242698382912655);
#901=VECTOR('',#3128,0.0242688808382383);
#902=VECTOR('',#3129,0.024276875180173);
#903=VECTOR('',#3130,0.0242977723039916);
#904=VECTOR('',#3131,0.0243350881295797);
#905=VECTOR('',#3132,0.024369048916236);
#906=VECTOR('',#3133,0.0243749430765658);
#907=VECTOR('',#3134,0.0232992996479595);
#908=VECTOR('',#3135,0.0253828099914328);
#909=VECTOR('',#3136,0.0242843450652345);
#910=VECTOR('',#3137,0.0242463636085097);
#911=VECTOR('',#3138,0.0242210070948743);
#912=VECTOR('',#3139,0.0242196008112651);
#913=VECTOR('',#3140,0.0242543233911875);
#914=VECTOR('',#3141,0.0243380546072088);
#915=VECTOR('',#3142,0.0244841446203622);
#916=VECTOR('',#3143,0.77674983756522);
#917=VECTOR('',#3144,1.50000000000097);
#918=VECTOR('',#3147,1.49999999998718);
#919=VECTOR('',#3150,10.299999999979);
#920=VECTOR('',#3153,13.2000000004362);
#921=VECTOR('',#3156,8.);
#922=VECTOR('',#3159,1.4999999999534);
#923=VECTOR('',#3162,1.5);
#924=VECTOR('',#3163,0.899999999767005);
#925=VECTOR('',#3164,0.148367644977204);
#926=VECTOR('',#3165,0.186397539453541);
#927=VECTOR('',#3166,0.155426536500615);
#928=VECTOR('',#3167,1.09999999999999);
#929=VECTOR('',#3168,0.742868620499168);
#930=VECTOR('',#3169,0.49999999999801);
#931=VECTOR('',#3170,9.28612569062761);
#932=VECTOR('',#3171,7.19999999999899);
#933=VECTOR('',#3172,15.);
#934=VECTOR('',#3173,7.20000000000002);
#935=VECTOR('',#3174,2.54621954865102);
#936=VECTOR('',#3175,111.000000000011);
#937=VECTOR('',#3176,63.932336);
#938=VECTOR('',#3177,111.00000000001);
#939=VERTEX_POINT('',#3189);
#940=VERTEX_POINT('',#3190);
#941=VERTEX_POINT('',#3192);
#942=VERTEX_POINT('',#3194);
#943=VERTEX_POINT('',#3198);
#944=VERTEX_POINT('',#3200);
#945=VERTEX_POINT('',#3204);
#946=VERTEX_POINT('',#3206);
#947=VERTEX_POINT('',#3213);
#948=VERTEX_POINT('',#3214);
#949=VERTEX_POINT('',#3216);
#950=VERTEX_POINT('',#3218);
#951=VERTEX_POINT('',#3222);
#952=VERTEX_POINT('',#3224);
#953=VERTEX_POINT('',#3228);
#954=VERTEX_POINT('',#3230);
#955=VERTEX_POINT('',#3234);
#956=VERTEX_POINT('',#3235);
#957=VERTEX_POINT('',#3237);
#958=VERTEX_POINT('',#3239);
#959=VERTEX_POINT('',#3241);
#960=VERTEX_POINT('',#3243);
#961=VERTEX_POINT('',#3245);
#962=VERTEX_POINT('',#3247);
#963=VERTEX_POINT('',#3249);
#964=VERTEX_POINT('',#3251);
#965=VERTEX_POINT('',#3253);
#966=VERTEX_POINT('',#3255);
#967=VERTEX_POINT('',#3259);
#968=VERTEX_POINT('',#3260);
#969=VERTEX_POINT('',#3262);
#970=VERTEX_POINT('',#3264);
#971=VERTEX_POINT('',#3266);
#972=VERTEX_POINT('',#3268);
#973=VERTEX_POINT('',#3270);
#974=VERTEX_POINT('',#3272);
#975=VERTEX_POINT('',#3274);
#976=VERTEX_POINT('',#3276);
#977=VERTEX_POINT('',#3278);
#978=VERTEX_POINT('',#3280);
#979=VERTEX_POINT('',#3284);
#980=VERTEX_POINT('',#3285);
#981=VERTEX_POINT('',#3287);
#982=VERTEX_POINT('',#3289);
#983=VERTEX_POINT('',#3293);
#984=VERTEX_POINT('',#3295);
#985=VERTEX_POINT('',#3299);
#986=VERTEX_POINT('',#3301);
#987=VERTEX_POINT('',#3305);
#988=VERTEX_POINT('',#3307);
#989=VERTEX_POINT('',#3311);
#990=VERTEX_POINT('',#3313);
#991=VERTEX_POINT('',#3317);
#992=VERTEX_POINT('',#3319);
#993=VERTEX_POINT('',#3323);
#994=VERTEX_POINT('',#3325);
#995=VERTEX_POINT('',#3329);
#996=VERTEX_POINT('',#3331);
#997=VERTEX_POINT('',#3335);
#998=VERTEX_POINT('',#3337);
#999=VERTEX_POINT('',#3341);
#1000=VERTEX_POINT('',#3343);
#1001=VERTEX_POINT('',#3347);
#1002=VERTEX_POINT('',#3349);
#1003=VERTEX_POINT('',#3353);
#1004=VERTEX_POINT('',#3355);
#1005=VERTEX_POINT('',#3359);
#1006=VERTEX_POINT('',#3361);
#1007=VERTEX_POINT('',#3365);
#1008=VERTEX_POINT('',#3367);
#1009=VERTEX_POINT('',#3371);
#1010=VERTEX_POINT('',#3373);
#1011=VERTEX_POINT('',#3377);
#1012=VERTEX_POINT('',#3379);
#1013=VERTEX_POINT('',#3383);
#1014=VERTEX_POINT('',#3385);
#1015=VERTEX_POINT('',#3389);
#1016=VERTEX_POINT('',#3391);
#1017=VERTEX_POINT('',#3395);
#1018=VERTEX_POINT('',#3397);
#1019=VERTEX_POINT('',#3401);
#1020=VERTEX_POINT('',#3403);
#1021=VERTEX_POINT('',#3407);
#1022=VERTEX_POINT('',#3409);
#1023=VERTEX_POINT('',#3413);
#1024=VERTEX_POINT('',#3415);
#1025=VERTEX_POINT('',#3419);
#1026=VERTEX_POINT('',#3421);
#1027=VERTEX_POINT('',#3425);
#1028=VERTEX_POINT('',#3427);
#1029=VERTEX_POINT('',#3431);
#1030=VERTEX_POINT('',#3433);
#1031=VERTEX_POINT('',#3437);
#1032=VERTEX_POINT('',#3439);
#1033=VERTEX_POINT('',#3443);
#1034=VERTEX_POINT('',#3445);
#1035=VERTEX_POINT('',#3449);
#1036=VERTEX_POINT('',#3451);
#1037=VERTEX_POINT('',#3455);
#1038=VERTEX_POINT('',#3457);
#1039=VERTEX_POINT('',#3461);
#1040=VERTEX_POINT('',#3463);
#1041=VERTEX_POINT('',#3467);
#1042=VERTEX_POINT('',#3469);
#1043=VERTEX_POINT('',#3473);
#1044=VERTEX_POINT('',#3475);
#1045=VERTEX_POINT('',#3479);
#1046=VERTEX_POINT('',#3481);
#1047=VERTEX_POINT('',#3485);
#1048=VERTEX_POINT('',#3487);
#1049=VERTEX_POINT('',#3491);
#1050=VERTEX_POINT('',#3493);
#1051=VERTEX_POINT('',#3497);
#1052=VERTEX_POINT('',#3499);
#1053=VERTEX_POINT('',#3503);
#1054=VERTEX_POINT('',#3505);
#1055=VERTEX_POINT('',#3509);
#1056=VERTEX_POINT('',#3511);
#1057=VERTEX_POINT('',#3515);
#1058=VERTEX_POINT('',#3517);
#1059=VERTEX_POINT('',#3521);
#1060=VERTEX_POINT('',#3523);
#1061=VERTEX_POINT('',#3527);
#1062=VERTEX_POINT('',#3529);
#1063=VERTEX_POINT('',#3533);
#1064=VERTEX_POINT('',#3535);
#1065=VERTEX_POINT('',#3539);
#1066=VERTEX_POINT('',#3541);
#1067=VERTEX_POINT('',#3545);
#1068=VERTEX_POINT('',#3547);
#1069=VERTEX_POINT('',#3551);
#1070=VERTEX_POINT('',#3553);
#1071=VERTEX_POINT('',#3557);
#1072=VERTEX_POINT('',#3559);
#1073=VERTEX_POINT('',#3563);
#1074=VERTEX_POINT('',#3565);
#1075=VERTEX_POINT('',#3569);
#1076=VERTEX_POINT('',#3571);
#1077=VERTEX_POINT('',#3575);
#1078=VERTEX_POINT('',#3577);
#1079=VERTEX_POINT('',#3581);
#1080=VERTEX_POINT('',#3583);
#1081=VERTEX_POINT('',#3587);
#1082=VERTEX_POINT('',#3589);
#1083=VERTEX_POINT('',#3593);
#1084=VERTEX_POINT('',#3595);
#1085=VERTEX_POINT('',#3599);
#1086=VERTEX_POINT('',#3601);
#1087=VERTEX_POINT('',#3605);
#1088=VERTEX_POINT('',#3607);
#1089=VERTEX_POINT('',#3611);
#1090=VERTEX_POINT('',#3613);
#1091=VERTEX_POINT('',#3617);
#1092=VERTEX_POINT('',#3619);
#1093=VERTEX_POINT('',#3623);
#1094=VERTEX_POINT('',#3625);
#1095=VERTEX_POINT('',#3629);
#1096=VERTEX_POINT('',#3631);
#1097=VERTEX_POINT('',#3635);
#1098=VERTEX_POINT('',#3637);
#1099=VERTEX_POINT('',#3641);
#1100=VERTEX_POINT('',#3643);
#1101=VERTEX_POINT('',#3647);
#1102=VERTEX_POINT('',#3649);
#1103=VERTEX_POINT('',#3653);
#1104=VERTEX_POINT('',#3655);
#1105=VERTEX_POINT('',#3659);
#1106=VERTEX_POINT('',#3661);
#1107=VERTEX_POINT('',#3668);
#1108=VERTEX_POINT('',#3669);
#1109=VERTEX_POINT('',#3674);
#1110=VERTEX_POINT('',#3678);
#1111=VERTEX_POINT('',#3682);
#1112=VERTEX_POINT('',#3686);
#1113=VERTEX_POINT('',#3690);
#1114=VERTEX_POINT('',#3694);
#1115=VERTEX_POINT('',#3698);
#1116=VERTEX_POINT('',#3702);
#1117=VERTEX_POINT('',#3706);
#1118=VERTEX_POINT('',#3710);
#1119=VERTEX_POINT('',#3716);
#1120=VERTEX_POINT('',#3717);
#1121=VERTEX_POINT('',#3719);
#1122=VERTEX_POINT('',#3721);
#1123=VERTEX_POINT('',#3725);
#1124=VERTEX_POINT('',#3727);
#1125=VERTEX_POINT('',#3731);
#1126=VERTEX_POINT('',#3733);
#1127=VERTEX_POINT('',#3740);
#1128=VERTEX_POINT('',#3741);
#1129=VERTEX_POINT('',#3746);
#1130=VERTEX_POINT('',#3750);
#1131=VERTEX_POINT('',#3754);
#1132=VERTEX_POINT('',#3756);
#1133=VERTEX_POINT('',#3760);
#1134=VERTEX_POINT('',#3762);
#1135=VERTEX_POINT('',#3766);
#1136=VERTEX_POINT('',#3768);
#1137=VERTEX_POINT('',#3772);
#1138=VERTEX_POINT('',#3774);
#1139=VERTEX_POINT('',#3781);
#1140=VERTEX_POINT('',#3782);
#1141=VERTEX_POINT('',#3784);
#1142=VERTEX_POINT('',#3786);
#1143=VERTEX_POINT('',#3788);
#1144=VERTEX_POINT('',#3790);
#1145=VERTEX_POINT('',#3792);
#1146=VERTEX_POINT('',#3794);
#1147=VERTEX_POINT('',#3796);
#1148=VERTEX_POINT('',#3798);
#1149=VERTEX_POINT('',#3800);
#1150=VERTEX_POINT('',#3802);
#1151=VERTEX_POINT('',#3804);
#1152=VERTEX_POINT('',#3806);
#1153=VERTEX_POINT('',#3808);
#1154=VERTEX_POINT('',#3810);
#1155=VERTEX_POINT('',#3812);
#1156=VERTEX_POINT('',#3814);
#1157=VERTEX_POINT('',#3816);
#1158=VERTEX_POINT('',#3818);
#1159=VERTEX_POINT('',#3820);
#1160=VERTEX_POINT('',#3822);
#1161=VERTEX_POINT('',#3824);
#1162=VERTEX_POINT('',#3826);
#1163=VERTEX_POINT('',#3828);
#1164=VERTEX_POINT('',#3830);
#1165=VERTEX_POINT('',#3832);
#1166=VERTEX_POINT('',#3834);
#1167=VERTEX_POINT('',#3836);
#1168=VERTEX_POINT('',#3838);
#1169=VERTEX_POINT('',#3840);
#1170=VERTEX_POINT('',#3842);
#1171=VERTEX_POINT('',#3844);
#1172=VERTEX_POINT('',#3846);
#1173=VERTEX_POINT('',#3848);
#1174=VERTEX_POINT('',#3850);
#1175=VERTEX_POINT('',#3852);
#1176=VERTEX_POINT('',#3854);
#1177=VERTEX_POINT('',#3856);
#1178=VERTEX_POINT('',#3858);
#1179=VERTEX_POINT('',#3860);
#1180=VERTEX_POINT('',#3862);
#1181=VERTEX_POINT('',#3864);
#1182=VERTEX_POINT('',#3866);
#1183=VERTEX_POINT('',#3868);
#1184=VERTEX_POINT('',#3870);
#1185=VERTEX_POINT('',#3872);
#1186=VERTEX_POINT('',#3874);
#1187=VERTEX_POINT('',#3876);
#1188=VERTEX_POINT('',#3878);
#1189=VERTEX_POINT('',#3880);
#1190=VERTEX_POINT('',#3882);
#1191=VERTEX_POINT('',#3884);
#1192=VERTEX_POINT('',#3886);
#1193=VERTEX_POINT('',#3888);
#1194=VERTEX_POINT('',#3890);
#1195=VERTEX_POINT('',#3892);
#1196=VERTEX_POINT('',#3894);
#1197=VERTEX_POINT('',#3896);
#1198=VERTEX_POINT('',#3898);
#1199=VERTEX_POINT('',#3900);
#1200=VERTEX_POINT('',#3902);
#1201=EDGE_CURVE('',#939,#940,#261,.T.);
#1202=EDGE_CURVE('',#941,#939,#262,.T.);
#1203=EDGE_CURVE('',#941,#942,#263,.T.);
#1204=EDGE_CURVE('',#942,#940,#264,.T.);
#1205=EDGE_CURVE('',#940,#943,#265,.T.);
#1206=EDGE_CURVE('',#942,#944,#266,.T.);
#1207=EDGE_CURVE('',#944,#943,#267,.T.);
#1208=EDGE_CURVE('',#943,#945,#268,.T.);
#1209=EDGE_CURVE('',#944,#946,#269,.T.);
#1210=EDGE_CURVE('',#946,#945,#270,.T.);
#1211=EDGE_CURVE('',#945,#939,#271,.T.);
#1212=EDGE_CURVE('',#946,#941,#272,.T.);
#1213=EDGE_CURVE('',#947,#948,#273,.T.);
#1214=EDGE_CURVE('',#949,#948,#274,.T.);
#1215=EDGE_CURVE('',#950,#949,#275,.T.);
#1216=EDGE_CURVE('',#950,#947,#276,.T.);
#1217=EDGE_CURVE('',#951,#949,#277,.T.);
#1218=EDGE_CURVE('',#952,#951,#278,.T.);
#1219=EDGE_CURVE('',#950,#952,#279,.T.);
#1220=EDGE_CURVE('',#947,#953,#280,.T.);
#1221=EDGE_CURVE('',#953,#954,#281,.T.);
#1222=EDGE_CURVE('',#954,#948,#282,.T.);
#1223=EDGE_CURVE('',#955,#956,#283,.T.);
#1224=EDGE_CURVE('',#956,#957,#284,.T.);
#1225=EDGE_CURVE('',#957,#958,#285,.T.);
#1226=EDGE_CURVE('',#958,#959,#286,.T.);
#1227=EDGE_CURVE('',#959,#960,#287,.T.);
#1228=EDGE_CURVE('',#960,#961,#288,.T.);
#1229=EDGE_CURVE('',#961,#962,#289,.T.);
#1230=EDGE_CURVE('',#962,#963,#290,.T.);
#1231=EDGE_CURVE('',#963,#964,#291,.T.);
#1232=EDGE_CURVE('',#964,#965,#292,.T.);
#1233=EDGE_CURVE('',#965,#966,#293,.T.);
#1234=EDGE_CURVE('',#966,#955,#294,.T.);
#1235=EDGE_CURVE('',#967,#968,#295,.T.);
#1236=EDGE_CURVE('',#968,#969,#296,.T.);
#1237=EDGE_CURVE('',#969,#970,#297,.T.);
#1238=EDGE_CURVE('',#970,#971,#298,.T.);
#1239=EDGE_CURVE('',#971,#972,#299,.T.);
#1240=EDGE_CURVE('',#972,#973,#300,.T.);
#1241=EDGE_CURVE('',#973,#974,#301,.T.);
#1242=EDGE_CURVE('',#974,#975,#302,.T.);
#1243=EDGE_CURVE('',#975,#976,#303,.T.);
#1244=EDGE_CURVE('',#976,#977,#304,.T.);
#1245=EDGE_CURVE('',#977,#978,#305,.T.);
#1246=EDGE_CURVE('',#978,#967,#306,.T.);
#1247=EDGE_CURVE('',#979,#980,#307,.T.);
#1248=EDGE_CURVE('',#981,#980,#308,.T.);
#1249=EDGE_CURVE('',#982,#981,#309,.T.);
#1250=EDGE_CURVE('',#982,#979,#310,.T.);
#1251=EDGE_CURVE('',#980,#983,#311,.T.);
#1252=EDGE_CURVE('',#984,#983,#312,.T.);
#1253=EDGE_CURVE('',#981,#984,#313,.T.);
#1254=EDGE_CURVE('',#983,#985,#314,.T.);
#1255=EDGE_CURVE('',#986,#985,#315,.T.);
#1256=EDGE_CURVE('',#984,#986,#316,.T.);
#1257=EDGE_CURVE('',#985,#987,#317,.T.);
#1258=EDGE_CURVE('',#988,#987,#318,.T.);
#1259=EDGE_CURVE('',#986,#988,#319,.T.);
#1260=EDGE_CURVE('',#987,#989,#320,.T.);
#1261=EDGE_CURVE('',#990,#989,#321,.T.);
#1262=EDGE_CURVE('',#988,#990,#322,.T.);
#1263=EDGE_CURVE('',#989,#991,#323,.T.);
#1264=EDGE_CURVE('',#992,#991,#324,.T.);
#1265=EDGE_CURVE('',#990,#992,#325,.T.);
#1266=EDGE_CURVE('',#991,#993,#326,.T.);
#1267=EDGE_CURVE('',#994,#993,#327,.T.);
#1268=EDGE_CURVE('',#992,#994,#328,.T.);
#1269=EDGE_CURVE('',#993,#995,#329,.T.);
#1270=EDGE_CURVE('',#996,#995,#330,.T.);
#1271=EDGE_CURVE('',#994,#996,#331,.T.);
#1272=EDGE_CURVE('',#995,#997,#332,.T.);
#1273=EDGE_CURVE('',#998,#997,#333,.T.);
#1274=EDGE_CURVE('',#996,#998,#334,.T.);
#1275=EDGE_CURVE('',#997,#999,#335,.T.);
#1276=EDGE_CURVE('',#1000,#999,#336,.T.);
#1277=EDGE_CURVE('',#998,#1000,#337,.T.);
#1278=EDGE_CURVE('',#999,#1001,#338,.T.);
#1279=EDGE_CURVE('',#1002,#1001,#339,.T.);
#1280=EDGE_CURVE('',#1000,#1002,#340,.T.);
#1281=EDGE_CURVE('',#1001,#1003,#341,.T.);
#1282=EDGE_CURVE('',#1004,#1003,#342,.T.);
#1283=EDGE_CURVE('',#1002,#1004,#343,.T.);
#1284=EDGE_CURVE('',#1003,#1005,#344,.T.);
#1285=EDGE_CURVE('',#1006,#1005,#345,.T.);
#1286=EDGE_CURVE('',#1004,#1006,#346,.T.);
#1287=EDGE_CURVE('',#1005,#1007,#347,.T.);
#1288=EDGE_CURVE('',#1008,#1007,#348,.T.);
#1289=EDGE_CURVE('',#1006,#1008,#349,.T.);
#1290=EDGE_CURVE('',#1007,#1009,#350,.T.);
#1291=EDGE_CURVE('',#1010,#1009,#351,.T.);
#1292=EDGE_CURVE('',#1008,#1010,#352,.T.);
#1293=EDGE_CURVE('',#1009,#1011,#353,.T.);
#1294=EDGE_CURVE('',#1012,#1011,#354,.T.);
#1295=EDGE_CURVE('',#1010,#1012,#355,.T.);
#1296=EDGE_CURVE('',#1011,#1013,#356,.T.);
#1297=EDGE_CURVE('',#1014,#1013,#357,.T.);
#1298=EDGE_CURVE('',#1012,#1014,#358,.T.);
#1299=EDGE_CURVE('',#1013,#1015,#359,.T.);
#1300=EDGE_CURVE('',#1016,#1015,#360,.T.);
#1301=EDGE_CURVE('',#1014,#1016,#361,.T.);
#1302=EDGE_CURVE('',#1015,#1017,#362,.T.);
#1303=EDGE_CURVE('',#1018,#1017,#363,.T.);
#1304=EDGE_CURVE('',#1016,#1018,#364,.T.);
#1305=EDGE_CURVE('',#1017,#1019,#365,.T.);
#1306=EDGE_CURVE('',#1020,#1019,#366,.T.);
#1307=EDGE_CURVE('',#1018,#1020,#367,.T.);
#1308=EDGE_CURVE('',#1019,#1021,#368,.T.);
#1309=EDGE_CURVE('',#1022,#1021,#369,.T.);
#1310=EDGE_CURVE('',#1020,#1022,#370,.T.);
#1311=EDGE_CURVE('',#1021,#1023,#371,.T.);
#1312=EDGE_CURVE('',#1024,#1023,#372,.T.);
#1313=EDGE_CURVE('',#1022,#1024,#373,.T.);
#1314=EDGE_CURVE('',#1023,#1025,#374,.T.);
#1315=EDGE_CURVE('',#1026,#1025,#375,.T.);
#1316=EDGE_CURVE('',#1024,#1026,#376,.T.);
#1317=EDGE_CURVE('',#1025,#1027,#377,.T.);
#1318=EDGE_CURVE('',#1028,#1027,#378,.T.);
#1319=EDGE_CURVE('',#1026,#1028,#379,.T.);
#1320=EDGE_CURVE('',#1027,#1029,#380,.T.);
#1321=EDGE_CURVE('',#1030,#1029,#381,.T.);
#1322=EDGE_CURVE('',#1028,#1030,#382,.T.);
#1323=EDGE_CURVE('',#1029,#1031,#383,.T.);
#1324=EDGE_CURVE('',#1032,#1031,#384,.T.);
#1325=EDGE_CURVE('',#1030,#1032,#385,.T.);
#1326=EDGE_CURVE('',#1031,#1033,#386,.T.);
#1327=EDGE_CURVE('',#1034,#1033,#387,.T.);
#1328=EDGE_CURVE('',#1032,#1034,#388,.T.);
#1329=EDGE_CURVE('',#1033,#1035,#389,.T.);
#1330=EDGE_CURVE('',#1036,#1035,#390,.T.);
#1331=EDGE_CURVE('',#1034,#1036,#391,.T.);
#1332=EDGE_CURVE('',#1035,#1037,#392,.T.);
#1333=EDGE_CURVE('',#1038,#1037,#393,.T.);
#1334=EDGE_CURVE('',#1036,#1038,#394,.T.);
#1335=EDGE_CURVE('',#1037,#1039,#395,.T.);
#1336=EDGE_CURVE('',#1040,#1039,#396,.T.);
#1337=EDGE_CURVE('',#1038,#1040,#397,.T.);
#1338=EDGE_CURVE('',#1039,#1041,#398,.T.);
#1339=EDGE_CURVE('',#1042,#1041,#399,.T.);
#1340=EDGE_CURVE('',#1040,#1042,#400,.T.);
#1341=EDGE_CURVE('',#1041,#1043,#401,.T.);
#1342=EDGE_CURVE('',#1044,#1043,#402,.T.);
#1343=EDGE_CURVE('',#1042,#1044,#403,.T.);
#1344=EDGE_CURVE('',#1043,#1045,#404,.T.);
#1345=EDGE_CURVE('',#1046,#1045,#405,.T.);
#1346=EDGE_CURVE('',#1044,#1046,#406,.T.);
#1347=EDGE_CURVE('',#1045,#1047,#407,.T.);
#1348=EDGE_CURVE('',#1048,#1047,#408,.T.);
#1349=EDGE_CURVE('',#1046,#1048,#409,.T.);
#1350=EDGE_CURVE('',#1049,#1047,#19,.T.);
#1351=EDGE_CURVE('',#1050,#1049,#410,.T.);
#1352=EDGE_CURVE('',#1050,#1048,#20,.T.);
#1353=EDGE_CURVE('',#1049,#1051,#411,.T.);
#1354=EDGE_CURVE('',#1052,#1051,#412,.T.);
#1355=EDGE_CURVE('',#1050,#1052,#413,.T.);
#1356=EDGE_CURVE('',#1051,#1053,#21,.T.);
#1357=EDGE_CURVE('',#1054,#1053,#414,.T.);
#1358=EDGE_CURVE('',#1052,#1054,#22,.T.);
#1359=EDGE_CURVE('',#1053,#1055,#415,.T.);
#1360=EDGE_CURVE('',#1056,#1055,#416,.T.);
#1361=EDGE_CURVE('',#1054,#1056,#417,.T.);
#1362=EDGE_CURVE('',#1055,#1057,#418,.T.);
#1363=EDGE_CURVE('',#1058,#1057,#419,.T.);
#1364=EDGE_CURVE('',#1056,#1058,#420,.T.);
#1365=EDGE_CURVE('',#1057,#1059,#23,.T.);
#1366=EDGE_CURVE('',#1060,#1059,#421,.T.);
#1367=EDGE_CURVE('',#1058,#1060,#24,.T.);
#1368=EDGE_CURVE('',#1059,#1061,#422,.T.);
#1369=EDGE_CURVE('',#1062,#1061,#423,.T.);
#1370=EDGE_CURVE('',#1060,#1062,#424,.T.);
#1371=EDGE_CURVE('',#1061,#1063,#25,.T.);
#1372=EDGE_CURVE('',#1064,#1063,#425,.T.);
#1373=EDGE_CURVE('',#1062,#1064,#26,.T.);
#1374=EDGE_CURVE('',#1063,#1065,#426,.T.);
#1375=EDGE_CURVE('',#1066,#1065,#427,.T.);
#1376=EDGE_CURVE('',#1064,#1066,#428,.T.);
#1377=EDGE_CURVE('',#1065,#1067,#429,.T.);
#1378=EDGE_CURVE('',#1068,#1067,#430,.T.);
#1379=EDGE_CURVE('',#1066,#1068,#431,.T.);
#1380=EDGE_CURVE('',#1067,#1069,#27,.T.);
#1381=EDGE_CURVE('',#1070,#1069,#432,.T.);
#1382=EDGE_CURVE('',#1068,#1070,#28,.T.);
#1383=EDGE_CURVE('',#1069,#1071,#433,.T.);
#1384=EDGE_CURVE('',#1072,#1071,#434,.T.);
#1385=EDGE_CURVE('',#1070,#1072,#435,.T.);
#1386=EDGE_CURVE('',#1073,#1071,#29,.T.);
#1387=EDGE_CURVE('',#1074,#1073,#436,.T.);
#1388=EDGE_CURVE('',#1074,#1072,#30,.T.);
#1389=EDGE_CURVE('',#1073,#1075,#437,.T.);
#1390=EDGE_CURVE('',#1076,#1075,#438,.T.);
#1391=EDGE_CURVE('',#1074,#1076,#439,.T.);
#1392=EDGE_CURVE('',#1075,#1077,#440,.T.);
#1393=EDGE_CURVE('',#1078,#1077,#441,.T.);
#1394=EDGE_CURVE('',#1076,#1078,#442,.T.);
#1395=EDGE_CURVE('',#1077,#1079,#443,.T.);
#1396=EDGE_CURVE('',#1080,#1079,#444,.T.);
#1397=EDGE_CURVE('',#1078,#1080,#445,.T.);
#1398=EDGE_CURVE('',#1079,#1081,#446,.T.);
#1399=EDGE_CURVE('',#1082,#1081,#447,.T.);
#1400=EDGE_CURVE('',#1080,#1082,#448,.T.);
#1401=EDGE_CURVE('',#1081,#1083,#449,.T.);
#1402=EDGE_CURVE('',#1084,#1083,#450,.T.);
#1403=EDGE_CURVE('',#1082,#1084,#451,.T.);
#1404=EDGE_CURVE('',#1083,#1085,#452,.T.);
#1405=EDGE_CURVE('',#1086,#1085,#453,.T.);
#1406=EDGE_CURVE('',#1084,#1086,#454,.T.);
#1407=EDGE_CURVE('',#1085,#1087,#455,.T.);
#1408=EDGE_CURVE('',#1088,#1087,#456,.T.);
#1409=EDGE_CURVE('',#1086,#1088,#457,.T.);
#1410=EDGE_CURVE('',#1087,#1089,#458,.T.);
#1411=EDGE_CURVE('',#1090,#1089,#459,.T.);
#1412=EDGE_CURVE('',#1088,#1090,#460,.T.);
#1413=EDGE_CURVE('',#1089,#1091,#461,.T.);
#1414=EDGE_CURVE('',#1092,#1091,#462,.T.);
#1415=EDGE_CURVE('',#1090,#1092,#463,.T.);
#1416=EDGE_CURVE('',#1091,#1093,#464,.T.);
#1417=EDGE_CURVE('',#1094,#1093,#465,.T.);
#1418=EDGE_CURVE('',#1092,#1094,#466,.T.);
#1419=EDGE_CURVE('',#1093,#1095,#467,.T.);
#1420=EDGE_CURVE('',#1096,#1095,#468,.T.);
#1421=EDGE_CURVE('',#1094,#1096,#469,.T.);
#1422=EDGE_CURVE('',#1095,#1097,#470,.T.);
#1423=EDGE_CURVE('',#1098,#1097,#471,.T.);
#1424=EDGE_CURVE('',#1096,#1098,#472,.T.);
#1425=EDGE_CURVE('',#1097,#1099,#473,.T.);
#1426=EDGE_CURVE('',#1100,#1099,#474,.T.);
#1427=EDGE_CURVE('',#1098,#1100,#475,.T.);
#1428=EDGE_CURVE('',#1099,#1101,#476,.T.);
#1429=EDGE_CURVE('',#1102,#1101,#477,.T.);
#1430=EDGE_CURVE('',#1100,#1102,#478,.T.);
#1431=EDGE_CURVE('',#1101,#1103,#479,.T.);
#1432=EDGE_CURVE('',#1104,#1103,#480,.T.);
#1433=EDGE_CURVE('',#1102,#1104,#481,.T.);
#1434=EDGE_CURVE('',#1103,#1105,#482,.T.);
#1435=EDGE_CURVE('',#1106,#1105,#483,.T.);
#1436=EDGE_CURVE('',#1104,#1106,#484,.T.);
#1437=EDGE_CURVE('',#1105,#979,#485,.T.);
#1438=EDGE_CURVE('',#1106,#982,#486,.T.);
#1439=EDGE_CURVE('',#1107,#1108,#487,.T.);
#1440=EDGE_CURVE('',#967,#1107,#488,.T.);
#1441=EDGE_CURVE('',#978,#1108,#489,.T.);
#1442=EDGE_CURVE('',#1108,#1109,#490,.T.);
#1443=EDGE_CURVE('',#977,#1109,#491,.T.);
#1444=EDGE_CURVE('',#1109,#1110,#492,.T.);
#1445=EDGE_CURVE('',#976,#1110,#493,.T.);
#1446=EDGE_CURVE('',#1110,#1111,#494,.T.);
#1447=EDGE_CURVE('',#975,#1111,#495,.T.);
#1448=EDGE_CURVE('',#1111,#1112,#496,.T.);
#1449=EDGE_CURVE('',#974,#1112,#497,.T.);
#1450=EDGE_CURVE('',#1112,#1113,#498,.T.);
#1451=EDGE_CURVE('',#973,#1113,#499,.T.);
#1452=EDGE_CURVE('',#1113,#1114,#500,.T.);
#1453=EDGE_CURVE('',#972,#1114,#501,.T.);
#1454=EDGE_CURVE('',#1114,#1115,#502,.T.);
#1455=EDGE_CURVE('',#971,#1115,#503,.T.);
#1456=EDGE_CURVE('',#1115,#1116,#504,.T.);
#1457=EDGE_CURVE('',#970,#1116,#505,.T.);
#1458=EDGE_CURVE('',#1116,#1117,#506,.T.);
#1459=EDGE_CURVE('',#969,#1117,#507,.T.);
#1460=EDGE_CURVE('',#1117,#1118,#508,.T.);
#1461=EDGE_CURVE('',#968,#1118,#509,.T.);
#1462=EDGE_CURVE('',#1118,#1107,#510,.T.);
#1463=EDGE_CURVE('',#1119,#1120,#511,.T.);
#1464=EDGE_CURVE('',#1121,#1120,#512,.T.);
#1465=EDGE_CURVE('',#1122,#1121,#513,.T.);
#1466=EDGE_CURVE('',#1122,#1119,#514,.T.);
#1467=EDGE_CURVE('',#1120,#1123,#515,.T.);
#1468=EDGE_CURVE('',#1124,#1123,#516,.T.);
#1469=EDGE_CURVE('',#1121,#1124,#517,.T.);
#1470=EDGE_CURVE('',#1123,#1125,#518,.T.);
#1471=EDGE_CURVE('',#1126,#1125,#519,.T.);
#1472=EDGE_CURVE('',#1124,#1126,#520,.T.);
#1473=EDGE_CURVE('',#1125,#1119,#521,.T.);
#1474=EDGE_CURVE('',#1126,#1122,#522,.T.);
#1475=EDGE_CURVE('',#1127,#1128,#523,.T.);
#1476=EDGE_CURVE('',#953,#1128,#524,.T.);
#1477=EDGE_CURVE('',#947,#1127,#525,.T.);
#1478=EDGE_CURVE('',#1128,#1129,#526,.T.);
#1479=EDGE_CURVE('',#954,#1129,#527,.T.);
#1480=EDGE_CURVE('',#1129,#1130,#528,.T.);
#1481=EDGE_CURVE('',#948,#1130,#529,.T.);
#1482=EDGE_CURVE('',#1130,#1131,#530,.T.);
#1483=EDGE_CURVE('',#1132,#1131,#531,.T.);
#1484=EDGE_CURVE('',#949,#1132,#532,.T.);
#1485=EDGE_CURVE('',#1131,#1133,#533,.T.);
#1486=EDGE_CURVE('',#1134,#1133,#534,.T.);
#1487=EDGE_CURVE('',#1132,#1134,#535,.T.);
#1488=EDGE_CURVE('',#1133,#1135,#536,.T.);
#1489=EDGE_CURVE('',#1136,#1135,#537,.T.);
#1490=EDGE_CURVE('',#1134,#1136,#538,.T.);
#1491=EDGE_CURVE('',#1135,#1137,#539,.T.);
#1492=EDGE_CURVE('',#1138,#1137,#540,.T.);
#1493=EDGE_CURVE('',#1136,#1138,#541,.T.);
#1494=EDGE_CURVE('',#1137,#1127,#542,.T.);
#1495=EDGE_CURVE('',#1138,#950,#543,.T.);
#1496=EDGE_CURVE('',#1139,#1140,#544,.T.);
#1497=EDGE_CURVE('',#1141,#1139,#545,.T.);
#1498=EDGE_CURVE('',#1142,#1141,#546,.T.);
#1499=EDGE_CURVE('',#1143,#1142,#547,.T.);
#1500=EDGE_CURVE('',#1144,#1143,#548,.T.);
#1501=EDGE_CURVE('',#1145,#1144,#549,.T.);
#1502=EDGE_CURVE('',#1146,#1145,#550,.T.);
#1503=EDGE_CURVE('',#1147,#1146,#551,.T.);
#1504=EDGE_CURVE('',#1148,#1147,#552,.T.);
#1505=EDGE_CURVE('',#1149,#1148,#553,.T.);
#1506=EDGE_CURVE('',#1150,#1149,#554,.T.);
#1507=EDGE_CURVE('',#1151,#1150,#555,.T.);
#1508=EDGE_CURVE('',#1152,#1151,#556,.T.);
#1509=EDGE_CURVE('',#1153,#1152,#557,.T.);
#1510=EDGE_CURVE('',#1154,#1153,#558,.T.);
#1511=EDGE_CURVE('',#1155,#1154,#559,.T.);
#1512=EDGE_CURVE('',#1156,#1155,#560,.T.);
#1513=EDGE_CURVE('',#1157,#1156,#561,.T.);
#1514=EDGE_CURVE('',#1158,#1157,#562,.T.);
#1515=EDGE_CURVE('',#1159,#1158,#563,.T.);
#1516=EDGE_CURVE('',#1160,#1159,#564,.T.);
#1517=EDGE_CURVE('',#1161,#1160,#565,.T.);
#1518=EDGE_CURVE('',#1162,#1161,#566,.T.);
#1519=EDGE_CURVE('',#1163,#1162,#567,.T.);
#1520=EDGE_CURVE('',#1164,#1163,#568,.T.);
#1521=EDGE_CURVE('',#1165,#1164,#569,.T.);
#1522=EDGE_CURVE('',#1166,#1165,#570,.T.);
#1523=EDGE_CURVE('',#1167,#1166,#571,.T.);
#1524=EDGE_CURVE('',#1168,#1167,#572,.T.);
#1525=EDGE_CURVE('',#1169,#1168,#573,.T.);
#1526=EDGE_CURVE('',#1170,#1169,#574,.T.);
#1527=EDGE_CURVE('',#1171,#1170,#575,.T.);
#1528=EDGE_CURVE('',#1172,#1171,#576,.T.);
#1529=EDGE_CURVE('',#1173,#1172,#577,.T.);
#1530=EDGE_CURVE('',#1174,#1173,#578,.T.);
#1531=EDGE_CURVE('',#1174,#1175,#31,.T.);
#1532=EDGE_CURVE('',#1176,#1175,#579,.T.);
#1533=EDGE_CURVE('',#1177,#1176,#32,.T.);
#1534=EDGE_CURVE('',#1178,#1177,#580,.T.);
#1535=EDGE_CURVE('',#1179,#1178,#33,.T.);
#1536=EDGE_CURVE('',#1180,#1179,#581,.T.);
#1537=EDGE_CURVE('',#1181,#1180,#34,.T.);
#1538=EDGE_CURVE('',#1182,#1181,#582,.T.);
#1539=EDGE_CURVE('',#1183,#1182,#35,.T.);
#1540=EDGE_CURVE('',#1184,#1183,#583,.T.);
#1541=EDGE_CURVE('',#1184,#1185,#36,.T.);
#1542=EDGE_CURVE('',#1186,#1185,#584,.T.);
#1543=EDGE_CURVE('',#1187,#1186,#585,.T.);
#1544=EDGE_CURVE('',#1188,#1187,#586,.T.);
#1545=EDGE_CURVE('',#1189,#1188,#587,.T.);
#1546=EDGE_CURVE('',#1190,#1189,#588,.T.);
#1547=EDGE_CURVE('',#1191,#1190,#589,.T.);
#1548=EDGE_CURVE('',#1192,#1191,#590,.T.);
#1549=EDGE_CURVE('',#1193,#1192,#591,.T.);
#1550=EDGE_CURVE('',#1194,#1193,#592,.T.);
#1551=EDGE_CURVE('',#1195,#1194,#593,.T.);
#1552=EDGE_CURVE('',#1196,#1195,#594,.T.);
#1553=EDGE_CURVE('',#1197,#1196,#595,.T.);
#1554=EDGE_CURVE('',#1198,#1197,#596,.T.);
#1555=EDGE_CURVE('',#1199,#1198,#597,.T.);
#1556=EDGE_CURVE('',#1200,#1199,#598,.T.);
#1557=EDGE_CURVE('',#1140,#1200,#599,.T.);
#1558=ORIENTED_EDGE('',*,*,#1201,.F.);
#1559=ORIENTED_EDGE('',*,*,#1202,.F.);
#1560=ORIENTED_EDGE('',*,*,#1203,.T.);
#1561=ORIENTED_EDGE('',*,*,#1204,.T.);
#1562=ORIENTED_EDGE('',*,*,#1205,.F.);
#1563=ORIENTED_EDGE('',*,*,#1204,.F.);
#1564=ORIENTED_EDGE('',*,*,#1206,.T.);
#1565=ORIENTED_EDGE('',*,*,#1207,.T.);
#1566=ORIENTED_EDGE('',*,*,#1208,.F.);
#1567=ORIENTED_EDGE('',*,*,#1207,.F.);
#1568=ORIENTED_EDGE('',*,*,#1209,.T.);
#1569=ORIENTED_EDGE('',*,*,#1210,.T.);
#1570=ORIENTED_EDGE('',*,*,#1211,.F.);
#1571=ORIENTED_EDGE('',*,*,#1210,.F.);
#1572=ORIENTED_EDGE('',*,*,#1212,.T.);
#1573=ORIENTED_EDGE('',*,*,#1202,.T.);
#1574=ORIENTED_EDGE('',*,*,#1213,.T.);
#1575=ORIENTED_EDGE('',*,*,#1214,.F.);
#1576=ORIENTED_EDGE('',*,*,#1215,.F.);
#1577=ORIENTED_EDGE('',*,*,#1216,.T.);
#1578=ORIENTED_EDGE('',*,*,#1215,.T.);
#1579=ORIENTED_EDGE('',*,*,#1217,.F.);
#1580=ORIENTED_EDGE('',*,*,#1218,.F.);
#1581=ORIENTED_EDGE('',*,*,#1219,.F.);
#1582=ORIENTED_EDGE('',*,*,#1212,.F.);
#1583=ORIENTED_EDGE('',*,*,#1209,.F.);
#1584=ORIENTED_EDGE('',*,*,#1206,.F.);
#1585=ORIENTED_EDGE('',*,*,#1203,.F.);
#1586=ORIENTED_EDGE('',*,*,#1213,.F.);
#1587=ORIENTED_EDGE('',*,*,#1220,.T.);
#1588=ORIENTED_EDGE('',*,*,#1221,.T.);
#1589=ORIENTED_EDGE('',*,*,#1222,.T.);
#1590=ORIENTED_EDGE('',*,*,#1211,.T.);
#1591=ORIENTED_EDGE('',*,*,#1201,.T.);
#1592=ORIENTED_EDGE('',*,*,#1205,.T.);
#1593=ORIENTED_EDGE('',*,*,#1208,.T.);
#1594=ORIENTED_EDGE('',*,*,#1223,.T.);
#1595=ORIENTED_EDGE('',*,*,#1224,.T.);
#1596=ORIENTED_EDGE('',*,*,#1225,.T.);
#1597=ORIENTED_EDGE('',*,*,#1226,.T.);
#1598=ORIENTED_EDGE('',*,*,#1227,.T.);
#1599=ORIENTED_EDGE('',*,*,#1228,.T.);
#1600=ORIENTED_EDGE('',*,*,#1229,.T.);
#1601=ORIENTED_EDGE('',*,*,#1230,.T.);
#1602=ORIENTED_EDGE('',*,*,#1231,.T.);
#1603=ORIENTED_EDGE('',*,*,#1232,.T.);
#1604=ORIENTED_EDGE('',*,*,#1233,.T.);
#1605=ORIENTED_EDGE('',*,*,#1234,.T.);
#1606=ORIENTED_EDGE('',*,*,#1235,.T.);
#1607=ORIENTED_EDGE('',*,*,#1236,.T.);
#1608=ORIENTED_EDGE('',*,*,#1237,.T.);
#1609=ORIENTED_EDGE('',*,*,#1238,.T.);
#1610=ORIENTED_EDGE('',*,*,#1239,.T.);
#1611=ORIENTED_EDGE('',*,*,#1240,.T.);
#1612=ORIENTED_EDGE('',*,*,#1241,.T.);
#1613=ORIENTED_EDGE('',*,*,#1242,.T.);
#1614=ORIENTED_EDGE('',*,*,#1243,.T.);
#1615=ORIENTED_EDGE('',*,*,#1244,.T.);
#1616=ORIENTED_EDGE('',*,*,#1245,.T.);
#1617=ORIENTED_EDGE('',*,*,#1246,.T.);
#1618=ORIENTED_EDGE('',*,*,#1247,.T.);
#1619=ORIENTED_EDGE('',*,*,#1248,.F.);
#1620=ORIENTED_EDGE('',*,*,#1249,.F.);
#1621=ORIENTED_EDGE('',*,*,#1250,.T.);
#1622=ORIENTED_EDGE('',*,*,#1251,.T.);
#1623=ORIENTED_EDGE('',*,*,#1252,.F.);
#1624=ORIENTED_EDGE('',*,*,#1253,.F.);
#1625=ORIENTED_EDGE('',*,*,#1248,.T.);
#1626=ORIENTED_EDGE('',*,*,#1254,.T.);
#1627=ORIENTED_EDGE('',*,*,#1255,.F.);
#1628=ORIENTED_EDGE('',*,*,#1256,.F.);
#1629=ORIENTED_EDGE('',*,*,#1252,.T.);
#1630=ORIENTED_EDGE('',*,*,#1257,.T.);
#1631=ORIENTED_EDGE('',*,*,#1258,.F.);
#1632=ORIENTED_EDGE('',*,*,#1259,.F.);
#1633=ORIENTED_EDGE('',*,*,#1255,.T.);
#1634=ORIENTED_EDGE('',*,*,#1260,.T.);
#1635=ORIENTED_EDGE('',*,*,#1261,.F.);
#1636=ORIENTED_EDGE('',*,*,#1262,.F.);
#1637=ORIENTED_EDGE('',*,*,#1258,.T.);
#1638=ORIENTED_EDGE('',*,*,#1263,.T.);
#1639=ORIENTED_EDGE('',*,*,#1264,.F.);
#1640=ORIENTED_EDGE('',*,*,#1265,.F.);
#1641=ORIENTED_EDGE('',*,*,#1261,.T.);
#1642=ORIENTED_EDGE('',*,*,#1266,.T.);
#1643=ORIENTED_EDGE('',*,*,#1267,.F.);
#1644=ORIENTED_EDGE('',*,*,#1268,.F.);
#1645=ORIENTED_EDGE('',*,*,#1264,.T.);
#1646=ORIENTED_EDGE('',*,*,#1269,.T.);
#1647=ORIENTED_EDGE('',*,*,#1270,.F.);
#1648=ORIENTED_EDGE('',*,*,#1271,.F.);
#1649=ORIENTED_EDGE('',*,*,#1267,.T.);
#1650=ORIENTED_EDGE('',*,*,#1272,.T.);
#1651=ORIENTED_EDGE('',*,*,#1273,.F.);
#1652=ORIENTED_EDGE('',*,*,#1274,.F.);
#1653=ORIENTED_EDGE('',*,*,#1270,.T.);
#1654=ORIENTED_EDGE('',*,*,#1275,.T.);
#1655=ORIENTED_EDGE('',*,*,#1276,.F.);
#1656=ORIENTED_EDGE('',*,*,#1277,.F.);
#1657=ORIENTED_EDGE('',*,*,#1273,.T.);
#1658=ORIENTED_EDGE('',*,*,#1278,.T.);
#1659=ORIENTED_EDGE('',*,*,#1279,.F.);
#1660=ORIENTED_EDGE('',*,*,#1280,.F.);
#1661=ORIENTED_EDGE('',*,*,#1276,.T.);
#1662=ORIENTED_EDGE('',*,*,#1281,.T.);
#1663=ORIENTED_EDGE('',*,*,#1282,.F.);
#1664=ORIENTED_EDGE('',*,*,#1283,.F.);
#1665=ORIENTED_EDGE('',*,*,#1279,.T.);
#1666=ORIENTED_EDGE('',*,*,#1284,.T.);
#1667=ORIENTED_EDGE('',*,*,#1285,.F.);
#1668=ORIENTED_EDGE('',*,*,#1286,.F.);
#1669=ORIENTED_EDGE('',*,*,#1282,.T.);
#1670=ORIENTED_EDGE('',*,*,#1287,.T.);
#1671=ORIENTED_EDGE('',*,*,#1288,.F.);
#1672=ORIENTED_EDGE('',*,*,#1289,.F.);
#1673=ORIENTED_EDGE('',*,*,#1285,.T.);
#1674=ORIENTED_EDGE('',*,*,#1290,.T.);
#1675=ORIENTED_EDGE('',*,*,#1291,.F.);
#1676=ORIENTED_EDGE('',*,*,#1292,.F.);
#1677=ORIENTED_EDGE('',*,*,#1288,.T.);
#1678=ORIENTED_EDGE('',*,*,#1293,.T.);
#1679=ORIENTED_EDGE('',*,*,#1294,.F.);
#1680=ORIENTED_EDGE('',*,*,#1295,.F.);
#1681=ORIENTED_EDGE('',*,*,#1291,.T.);
#1682=ORIENTED_EDGE('',*,*,#1296,.T.);
#1683=ORIENTED_EDGE('',*,*,#1297,.F.);
#1684=ORIENTED_EDGE('',*,*,#1298,.F.);
#1685=ORIENTED_EDGE('',*,*,#1294,.T.);
#1686=ORIENTED_EDGE('',*,*,#1299,.T.);
#1687=ORIENTED_EDGE('',*,*,#1300,.F.);
#1688=ORIENTED_EDGE('',*,*,#1301,.F.);
#1689=ORIENTED_EDGE('',*,*,#1297,.T.);
#1690=ORIENTED_EDGE('',*,*,#1302,.T.);
#1691=ORIENTED_EDGE('',*,*,#1303,.F.);
#1692=ORIENTED_EDGE('',*,*,#1304,.F.);
#1693=ORIENTED_EDGE('',*,*,#1300,.T.);
#1694=ORIENTED_EDGE('',*,*,#1305,.T.);
#1695=ORIENTED_EDGE('',*,*,#1306,.F.);
#1696=ORIENTED_EDGE('',*,*,#1307,.F.);
#1697=ORIENTED_EDGE('',*,*,#1303,.T.);
#1698=ORIENTED_EDGE('',*,*,#1308,.T.);
#1699=ORIENTED_EDGE('',*,*,#1309,.F.);
#1700=ORIENTED_EDGE('',*,*,#1310,.F.);
#1701=ORIENTED_EDGE('',*,*,#1306,.T.);
#1702=ORIENTED_EDGE('',*,*,#1311,.T.);
#1703=ORIENTED_EDGE('',*,*,#1312,.F.);
#1704=ORIENTED_EDGE('',*,*,#1313,.F.);
#1705=ORIENTED_EDGE('',*,*,#1309,.T.);
#1706=ORIENTED_EDGE('',*,*,#1314,.T.);
#1707=ORIENTED_EDGE('',*,*,#1315,.F.);
#1708=ORIENTED_EDGE('',*,*,#1316,.F.);
#1709=ORIENTED_EDGE('',*,*,#1312,.T.);
#1710=ORIENTED_EDGE('',*,*,#1317,.T.);
#1711=ORIENTED_EDGE('',*,*,#1318,.F.);
#1712=ORIENTED_EDGE('',*,*,#1319,.F.);
#1713=ORIENTED_EDGE('',*,*,#1315,.T.);
#1714=ORIENTED_EDGE('',*,*,#1320,.T.);
#1715=ORIENTED_EDGE('',*,*,#1321,.F.);
#1716=ORIENTED_EDGE('',*,*,#1322,.F.);
#1717=ORIENTED_EDGE('',*,*,#1318,.T.);
#1718=ORIENTED_EDGE('',*,*,#1323,.T.);
#1719=ORIENTED_EDGE('',*,*,#1324,.F.);
#1720=ORIENTED_EDGE('',*,*,#1325,.F.);
#1721=ORIENTED_EDGE('',*,*,#1321,.T.);
#1722=ORIENTED_EDGE('',*,*,#1326,.T.);
#1723=ORIENTED_EDGE('',*,*,#1327,.F.);
#1724=ORIENTED_EDGE('',*,*,#1328,.F.);
#1725=ORIENTED_EDGE('',*,*,#1324,.T.);
#1726=ORIENTED_EDGE('',*,*,#1329,.T.);
#1727=ORIENTED_EDGE('',*,*,#1330,.F.);
#1728=ORIENTED_EDGE('',*,*,#1331,.F.);
#1729=ORIENTED_EDGE('',*,*,#1327,.T.);
#1730=ORIENTED_EDGE('',*,*,#1332,.T.);
#1731=ORIENTED_EDGE('',*,*,#1333,.F.);
#1732=ORIENTED_EDGE('',*,*,#1334,.F.);
#1733=ORIENTED_EDGE('',*,*,#1330,.T.);
#1734=ORIENTED_EDGE('',*,*,#1335,.T.);
#1735=ORIENTED_EDGE('',*,*,#1336,.F.);
#1736=ORIENTED_EDGE('',*,*,#1337,.F.);
#1737=ORIENTED_EDGE('',*,*,#1333,.T.);
#1738=ORIENTED_EDGE('',*,*,#1338,.T.);
#1739=ORIENTED_EDGE('',*,*,#1339,.F.);
#1740=ORIENTED_EDGE('',*,*,#1340,.F.);
#1741=ORIENTED_EDGE('',*,*,#1336,.T.);
#1742=ORIENTED_EDGE('',*,*,#1341,.T.);
#1743=ORIENTED_EDGE('',*,*,#1342,.F.);
#1744=ORIENTED_EDGE('',*,*,#1343,.F.);
#1745=ORIENTED_EDGE('',*,*,#1339,.T.);
#1746=ORIENTED_EDGE('',*,*,#1344,.T.);
#1747=ORIENTED_EDGE('',*,*,#1345,.F.);
#1748=ORIENTED_EDGE('',*,*,#1346,.F.);
#1749=ORIENTED_EDGE('',*,*,#1342,.T.);
#1750=ORIENTED_EDGE('',*,*,#1347,.T.);
#1751=ORIENTED_EDGE('',*,*,#1348,.F.);
#1752=ORIENTED_EDGE('',*,*,#1349,.F.);
#1753=ORIENTED_EDGE('',*,*,#1345,.T.);
#1754=ORIENTED_EDGE('',*,*,#1350,.F.);
#1755=ORIENTED_EDGE('',*,*,#1351,.F.);
#1756=ORIENTED_EDGE('',*,*,#1352,.T.);
#1757=ORIENTED_EDGE('',*,*,#1348,.T.);
#1758=ORIENTED_EDGE('',*,*,#1353,.T.);
#1759=ORIENTED_EDGE('',*,*,#1354,.F.);
#1760=ORIENTED_EDGE('',*,*,#1355,.F.);
#1761=ORIENTED_EDGE('',*,*,#1351,.T.);
#1762=ORIENTED_EDGE('',*,*,#1356,.T.);
#1763=ORIENTED_EDGE('',*,*,#1357,.F.);
#1764=ORIENTED_EDGE('',*,*,#1358,.F.);
#1765=ORIENTED_EDGE('',*,*,#1354,.T.);
#1766=ORIENTED_EDGE('',*,*,#1359,.T.);
#1767=ORIENTED_EDGE('',*,*,#1360,.F.);
#1768=ORIENTED_EDGE('',*,*,#1361,.F.);
#1769=ORIENTED_EDGE('',*,*,#1357,.T.);
#1770=ORIENTED_EDGE('',*,*,#1362,.T.);
#1771=ORIENTED_EDGE('',*,*,#1363,.F.);
#1772=ORIENTED_EDGE('',*,*,#1364,.F.);
#1773=ORIENTED_EDGE('',*,*,#1360,.T.);
#1774=ORIENTED_EDGE('',*,*,#1365,.T.);
#1775=ORIENTED_EDGE('',*,*,#1366,.F.);
#1776=ORIENTED_EDGE('',*,*,#1367,.F.);
#1777=ORIENTED_EDGE('',*,*,#1363,.T.);
#1778=ORIENTED_EDGE('',*,*,#1368,.T.);
#1779=ORIENTED_EDGE('',*,*,#1369,.F.);
#1780=ORIENTED_EDGE('',*,*,#1370,.F.);
#1781=ORIENTED_EDGE('',*,*,#1366,.T.);
#1782=ORIENTED_EDGE('',*,*,#1371,.T.);
#1783=ORIENTED_EDGE('',*,*,#1372,.F.);
#1784=ORIENTED_EDGE('',*,*,#1373,.F.);
#1785=ORIENTED_EDGE('',*,*,#1369,.T.);
#1786=ORIENTED_EDGE('',*,*,#1374,.T.);
#1787=ORIENTED_EDGE('',*,*,#1375,.F.);
#1788=ORIENTED_EDGE('',*,*,#1376,.F.);
#1789=ORIENTED_EDGE('',*,*,#1372,.T.);
#1790=ORIENTED_EDGE('',*,*,#1377,.T.);
#1791=ORIENTED_EDGE('',*,*,#1378,.F.);
#1792=ORIENTED_EDGE('',*,*,#1379,.F.);
#1793=ORIENTED_EDGE('',*,*,#1375,.T.);
#1794=ORIENTED_EDGE('',*,*,#1380,.T.);
#1795=ORIENTED_EDGE('',*,*,#1381,.F.);
#1796=ORIENTED_EDGE('',*,*,#1382,.F.);
#1797=ORIENTED_EDGE('',*,*,#1378,.T.);
#1798=ORIENTED_EDGE('',*,*,#1383,.T.);
#1799=ORIENTED_EDGE('',*,*,#1384,.F.);
#1800=ORIENTED_EDGE('',*,*,#1385,.F.);
#1801=ORIENTED_EDGE('',*,*,#1381,.T.);
#1802=ORIENTED_EDGE('',*,*,#1386,.F.);
#1803=ORIENTED_EDGE('',*,*,#1387,.F.);
#1804=ORIENTED_EDGE('',*,*,#1388,.T.);
#1805=ORIENTED_EDGE('',*,*,#1384,.T.);
#1806=ORIENTED_EDGE('',*,*,#1389,.T.);
#1807=ORIENTED_EDGE('',*,*,#1390,.F.);
#1808=ORIENTED_EDGE('',*,*,#1391,.F.);
#1809=ORIENTED_EDGE('',*,*,#1387,.T.);
#1810=ORIENTED_EDGE('',*,*,#1392,.T.);
#1811=ORIENTED_EDGE('',*,*,#1393,.F.);
#1812=ORIENTED_EDGE('',*,*,#1394,.F.);
#1813=ORIENTED_EDGE('',*,*,#1390,.T.);
#1814=ORIENTED_EDGE('',*,*,#1395,.T.);
#1815=ORIENTED_EDGE('',*,*,#1396,.F.);
#1816=ORIENTED_EDGE('',*,*,#1397,.F.);
#1817=ORIENTED_EDGE('',*,*,#1393,.T.);
#1818=ORIENTED_EDGE('',*,*,#1398,.T.);
#1819=ORIENTED_EDGE('',*,*,#1399,.F.);
#1820=ORIENTED_EDGE('',*,*,#1400,.F.);
#1821=ORIENTED_EDGE('',*,*,#1396,.T.);
#1822=ORIENTED_EDGE('',*,*,#1401,.T.);
#1823=ORIENTED_EDGE('',*,*,#1402,.F.);
#1824=ORIENTED_EDGE('',*,*,#1403,.F.);
#1825=ORIENTED_EDGE('',*,*,#1399,.T.);
#1826=ORIENTED_EDGE('',*,*,#1404,.T.);
#1827=ORIENTED_EDGE('',*,*,#1405,.F.);
#1828=ORIENTED_EDGE('',*,*,#1406,.F.);
#1829=ORIENTED_EDGE('',*,*,#1402,.T.);
#1830=ORIENTED_EDGE('',*,*,#1407,.T.);
#1831=ORIENTED_EDGE('',*,*,#1408,.F.);
#1832=ORIENTED_EDGE('',*,*,#1409,.F.);
#1833=ORIENTED_EDGE('',*,*,#1405,.T.);
#1834=ORIENTED_EDGE('',*,*,#1410,.T.);
#1835=ORIENTED_EDGE('',*,*,#1411,.F.);
#1836=ORIENTED_EDGE('',*,*,#1412,.F.);
#1837=ORIENTED_EDGE('',*,*,#1408,.T.);
#1838=ORIENTED_EDGE('',*,*,#1413,.T.);
#1839=ORIENTED_EDGE('',*,*,#1414,.F.);
#1840=ORIENTED_EDGE('',*,*,#1415,.F.);
#1841=ORIENTED_EDGE('',*,*,#1411,.T.);
#1842=ORIENTED_EDGE('',*,*,#1416,.T.);
#1843=ORIENTED_EDGE('',*,*,#1417,.F.);
#1844=ORIENTED_EDGE('',*,*,#1418,.F.);
#1845=ORIENTED_EDGE('',*,*,#1414,.T.);
#1846=ORIENTED_EDGE('',*,*,#1419,.T.);
#1847=ORIENTED_EDGE('',*,*,#1420,.F.);
#1848=ORIENTED_EDGE('',*,*,#1421,.F.);
#1849=ORIENTED_EDGE('',*,*,#1417,.T.);
#1850=ORIENTED_EDGE('',*,*,#1422,.T.);
#1851=ORIENTED_EDGE('',*,*,#1423,.F.);
#1852=ORIENTED_EDGE('',*,*,#1424,.F.);
#1853=ORIENTED_EDGE('',*,*,#1420,.T.);
#1854=ORIENTED_EDGE('',*,*,#1425,.T.);
#1855=ORIENTED_EDGE('',*,*,#1426,.F.);
#1856=ORIENTED_EDGE('',*,*,#1427,.F.);
#1857=ORIENTED_EDGE('',*,*,#1423,.T.);
#1858=ORIENTED_EDGE('',*,*,#1428,.T.);
#1859=ORIENTED_EDGE('',*,*,#1429,.F.);
#1860=ORIENTED_EDGE('',*,*,#1430,.F.);
#1861=ORIENTED_EDGE('',*,*,#1426,.T.);
#1862=ORIENTED_EDGE('',*,*,#1431,.T.);
#1863=ORIENTED_EDGE('',*,*,#1432,.F.);
#1864=ORIENTED_EDGE('',*,*,#1433,.F.);
#1865=ORIENTED_EDGE('',*,*,#1429,.T.);
#1866=ORIENTED_EDGE('',*,*,#1434,.T.);
#1867=ORIENTED_EDGE('',*,*,#1435,.F.);
#1868=ORIENTED_EDGE('',*,*,#1436,.F.);
#1869=ORIENTED_EDGE('',*,*,#1432,.T.);
#1870=ORIENTED_EDGE('',*,*,#1437,.T.);
#1871=ORIENTED_EDGE('',*,*,#1250,.F.);
#1872=ORIENTED_EDGE('',*,*,#1438,.F.);
#1873=ORIENTED_EDGE('',*,*,#1435,.T.);
#1874=ORIENTED_EDGE('',*,*,#1439,.F.);
#1875=ORIENTED_EDGE('',*,*,#1440,.F.);
#1876=ORIENTED_EDGE('',*,*,#1246,.F.);
#1877=ORIENTED_EDGE('',*,*,#1441,.T.);
#1878=ORIENTED_EDGE('',*,*,#1442,.F.);
#1879=ORIENTED_EDGE('',*,*,#1441,.F.);
#1880=ORIENTED_EDGE('',*,*,#1245,.F.);
#1881=ORIENTED_EDGE('',*,*,#1443,.T.);
#1882=ORIENTED_EDGE('',*,*,#1444,.F.);
#1883=ORIENTED_EDGE('',*,*,#1443,.F.);
#1884=ORIENTED_EDGE('',*,*,#1244,.F.);
#1885=ORIENTED_EDGE('',*,*,#1445,.T.);
#1886=ORIENTED_EDGE('',*,*,#1446,.F.);
#1887=ORIENTED_EDGE('',*,*,#1445,.F.);
#1888=ORIENTED_EDGE('',*,*,#1243,.F.);
#1889=ORIENTED_EDGE('',*,*,#1447,.T.);
#1890=ORIENTED_EDGE('',*,*,#1448,.F.);
#1891=ORIENTED_EDGE('',*,*,#1447,.F.);
#1892=ORIENTED_EDGE('',*,*,#1242,.F.);
#1893=ORIENTED_EDGE('',*,*,#1449,.T.);
#1894=ORIENTED_EDGE('',*,*,#1450,.F.);
#1895=ORIENTED_EDGE('',*,*,#1449,.F.);
#1896=ORIENTED_EDGE('',*,*,#1241,.F.);
#1897=ORIENTED_EDGE('',*,*,#1451,.T.);
#1898=ORIENTED_EDGE('',*,*,#1452,.F.);
#1899=ORIENTED_EDGE('',*,*,#1451,.F.);
#1900=ORIENTED_EDGE('',*,*,#1240,.F.);
#1901=ORIENTED_EDGE('',*,*,#1453,.T.);
#1902=ORIENTED_EDGE('',*,*,#1454,.F.);
#1903=ORIENTED_EDGE('',*,*,#1453,.F.);
#1904=ORIENTED_EDGE('',*,*,#1239,.F.);
#1905=ORIENTED_EDGE('',*,*,#1455,.T.);
#1906=ORIENTED_EDGE('',*,*,#1456,.F.);
#1907=ORIENTED_EDGE('',*,*,#1455,.F.);
#1908=ORIENTED_EDGE('',*,*,#1238,.F.);
#1909=ORIENTED_EDGE('',*,*,#1457,.T.);
#1910=ORIENTED_EDGE('',*,*,#1458,.F.);
#1911=ORIENTED_EDGE('',*,*,#1457,.F.);
#1912=ORIENTED_EDGE('',*,*,#1237,.F.);
#1913=ORIENTED_EDGE('',*,*,#1459,.T.);
#1914=ORIENTED_EDGE('',*,*,#1460,.F.);
#1915=ORIENTED_EDGE('',*,*,#1459,.F.);
#1916=ORIENTED_EDGE('',*,*,#1236,.F.);
#1917=ORIENTED_EDGE('',*,*,#1461,.T.);
#1918=ORIENTED_EDGE('',*,*,#1462,.F.);
#1919=ORIENTED_EDGE('',*,*,#1461,.F.);
#1920=ORIENTED_EDGE('',*,*,#1235,.F.);
#1921=ORIENTED_EDGE('',*,*,#1440,.T.);
#1922=ORIENTED_EDGE('',*,*,#1463,.T.);
#1923=ORIENTED_EDGE('',*,*,#1464,.F.);
#1924=ORIENTED_EDGE('',*,*,#1465,.F.);
#1925=ORIENTED_EDGE('',*,*,#1466,.T.);
#1926=ORIENTED_EDGE('',*,*,#1467,.T.);
#1927=ORIENTED_EDGE('',*,*,#1468,.F.);
#1928=ORIENTED_EDGE('',*,*,#1469,.F.);
#1929=ORIENTED_EDGE('',*,*,#1464,.T.);
#1930=ORIENTED_EDGE('',*,*,#1470,.T.);
#1931=ORIENTED_EDGE('',*,*,#1471,.F.);
#1932=ORIENTED_EDGE('',*,*,#1472,.F.);
#1933=ORIENTED_EDGE('',*,*,#1468,.T.);
#1934=ORIENTED_EDGE('',*,*,#1473,.T.);
#1935=ORIENTED_EDGE('',*,*,#1466,.F.);
#1936=ORIENTED_EDGE('',*,*,#1474,.F.);
#1937=ORIENTED_EDGE('',*,*,#1471,.T.);
#1938=ORIENTED_EDGE('',*,*,#1475,.T.);
#1939=ORIENTED_EDGE('',*,*,#1476,.F.);
#1940=ORIENTED_EDGE('',*,*,#1220,.F.);
#1941=ORIENTED_EDGE('',*,*,#1477,.T.);
#1942=ORIENTED_EDGE('',*,*,#1478,.T.);
#1943=ORIENTED_EDGE('',*,*,#1479,.F.);
#1944=ORIENTED_EDGE('',*,*,#1221,.F.);
#1945=ORIENTED_EDGE('',*,*,#1476,.T.);
#1946=ORIENTED_EDGE('',*,*,#1480,.T.);
#1947=ORIENTED_EDGE('',*,*,#1481,.F.);
#1948=ORIENTED_EDGE('',*,*,#1222,.F.);
#1949=ORIENTED_EDGE('',*,*,#1479,.T.);
#1950=ORIENTED_EDGE('',*,*,#1482,.T.);
#1951=ORIENTED_EDGE('',*,*,#1483,.F.);
#1952=ORIENTED_EDGE('',*,*,#1484,.F.);
#1953=ORIENTED_EDGE('',*,*,#1214,.T.);
#1954=ORIENTED_EDGE('',*,*,#1481,.T.);
#1955=ORIENTED_EDGE('',*,*,#1485,.T.);
#1956=ORIENTED_EDGE('',*,*,#1486,.F.);
#1957=ORIENTED_EDGE('',*,*,#1487,.F.);
#1958=ORIENTED_EDGE('',*,*,#1483,.T.);
#1959=ORIENTED_EDGE('',*,*,#1488,.T.);
#1960=ORIENTED_EDGE('',*,*,#1489,.F.);
#1961=ORIENTED_EDGE('',*,*,#1490,.F.);
#1962=ORIENTED_EDGE('',*,*,#1486,.T.);
#1963=ORIENTED_EDGE('',*,*,#1491,.T.);
#1964=ORIENTED_EDGE('',*,*,#1492,.F.);
#1965=ORIENTED_EDGE('',*,*,#1493,.F.);
#1966=ORIENTED_EDGE('',*,*,#1489,.T.);
#1967=ORIENTED_EDGE('',*,*,#1494,.T.);
#1968=ORIENTED_EDGE('',*,*,#1477,.F.);
#1969=ORIENTED_EDGE('',*,*,#1216,.F.);
#1970=ORIENTED_EDGE('',*,*,#1495,.F.);
#1971=ORIENTED_EDGE('',*,*,#1492,.T.);
#1972=ORIENTED_EDGE('',*,*,#1495,.T.);
#1973=ORIENTED_EDGE('',*,*,#1219,.T.);
#1974=ORIENTED_EDGE('',*,*,#1218,.T.);
#1975=ORIENTED_EDGE('',*,*,#1217,.T.);
#1976=ORIENTED_EDGE('',*,*,#1484,.T.);
#1977=ORIENTED_EDGE('',*,*,#1487,.T.);
#1978=ORIENTED_EDGE('',*,*,#1490,.T.);
#1979=ORIENTED_EDGE('',*,*,#1493,.T.);
#1980=ORIENTED_EDGE('',*,*,#1474,.T.);
#1981=ORIENTED_EDGE('',*,*,#1465,.T.);
#1982=ORIENTED_EDGE('',*,*,#1469,.T.);
#1983=ORIENTED_EDGE('',*,*,#1472,.T.);
#1984=ORIENTED_EDGE('',*,*,#1223,.F.);
#1985=ORIENTED_EDGE('',*,*,#1234,.F.);
#1986=ORIENTED_EDGE('',*,*,#1233,.F.);
#1987=ORIENTED_EDGE('',*,*,#1232,.F.);
#1988=ORIENTED_EDGE('',*,*,#1231,.F.);
#1989=ORIENTED_EDGE('',*,*,#1230,.F.);
#1990=ORIENTED_EDGE('',*,*,#1229,.F.);
#1991=ORIENTED_EDGE('',*,*,#1228,.F.);
#1992=ORIENTED_EDGE('',*,*,#1227,.F.);
#1993=ORIENTED_EDGE('',*,*,#1226,.F.);
#1994=ORIENTED_EDGE('',*,*,#1225,.F.);
#1995=ORIENTED_EDGE('',*,*,#1224,.F.);
#1996=ORIENTED_EDGE('',*,*,#1496,.F.);
#1997=ORIENTED_EDGE('',*,*,#1497,.F.);
#1998=ORIENTED_EDGE('',*,*,#1498,.F.);
#1999=ORIENTED_EDGE('',*,*,#1499,.F.);
#2000=ORIENTED_EDGE('',*,*,#1500,.F.);
#2001=ORIENTED_EDGE('',*,*,#1501,.F.);
#2002=ORIENTED_EDGE('',*,*,#1502,.F.);
#2003=ORIENTED_EDGE('',*,*,#1503,.F.);
#2004=ORIENTED_EDGE('',*,*,#1504,.F.);
#2005=ORIENTED_EDGE('',*,*,#1505,.F.);
#2006=ORIENTED_EDGE('',*,*,#1506,.F.);
#2007=ORIENTED_EDGE('',*,*,#1507,.F.);
#2008=ORIENTED_EDGE('',*,*,#1508,.F.);
#2009=ORIENTED_EDGE('',*,*,#1509,.F.);
#2010=ORIENTED_EDGE('',*,*,#1510,.F.);
#2011=ORIENTED_EDGE('',*,*,#1511,.F.);
#2012=ORIENTED_EDGE('',*,*,#1512,.F.);
#2013=ORIENTED_EDGE('',*,*,#1513,.F.);
#2014=ORIENTED_EDGE('',*,*,#1514,.F.);
#2015=ORIENTED_EDGE('',*,*,#1515,.F.);
#2016=ORIENTED_EDGE('',*,*,#1516,.F.);
#2017=ORIENTED_EDGE('',*,*,#1517,.F.);
#2018=ORIENTED_EDGE('',*,*,#1518,.F.);
#2019=ORIENTED_EDGE('',*,*,#1519,.F.);
#2020=ORIENTED_EDGE('',*,*,#1520,.F.);
#2021=ORIENTED_EDGE('',*,*,#1521,.F.);
#2022=ORIENTED_EDGE('',*,*,#1522,.F.);
#2023=ORIENTED_EDGE('',*,*,#1523,.F.);
#2024=ORIENTED_EDGE('',*,*,#1524,.F.);
#2025=ORIENTED_EDGE('',*,*,#1525,.F.);
#2026=ORIENTED_EDGE('',*,*,#1526,.F.);
#2027=ORIENTED_EDGE('',*,*,#1527,.F.);
#2028=ORIENTED_EDGE('',*,*,#1528,.F.);
#2029=ORIENTED_EDGE('',*,*,#1529,.F.);
#2030=ORIENTED_EDGE('',*,*,#1530,.F.);
#2031=ORIENTED_EDGE('',*,*,#1531,.T.);
#2032=ORIENTED_EDGE('',*,*,#1532,.F.);
#2033=ORIENTED_EDGE('',*,*,#1533,.F.);
#2034=ORIENTED_EDGE('',*,*,#1534,.F.);
#2035=ORIENTED_EDGE('',*,*,#1535,.F.);
#2036=ORIENTED_EDGE('',*,*,#1536,.F.);
#2037=ORIENTED_EDGE('',*,*,#1537,.F.);
#2038=ORIENTED_EDGE('',*,*,#1538,.F.);
#2039=ORIENTED_EDGE('',*,*,#1539,.F.);
#2040=ORIENTED_EDGE('',*,*,#1540,.F.);
#2041=ORIENTED_EDGE('',*,*,#1541,.T.);
#2042=ORIENTED_EDGE('',*,*,#1542,.F.);
#2043=ORIENTED_EDGE('',*,*,#1543,.F.);
#2044=ORIENTED_EDGE('',*,*,#1544,.F.);
#2045=ORIENTED_EDGE('',*,*,#1545,.F.);
#2046=ORIENTED_EDGE('',*,*,#1546,.F.);
#2047=ORIENTED_EDGE('',*,*,#1547,.F.);
#2048=ORIENTED_EDGE('',*,*,#1548,.F.);
#2049=ORIENTED_EDGE('',*,*,#1549,.F.);
#2050=ORIENTED_EDGE('',*,*,#1550,.F.);
#2051=ORIENTED_EDGE('',*,*,#1551,.F.);
#2052=ORIENTED_EDGE('',*,*,#1552,.F.);
#2053=ORIENTED_EDGE('',*,*,#1553,.F.);
#2054=ORIENTED_EDGE('',*,*,#1554,.F.);
#2055=ORIENTED_EDGE('',*,*,#1555,.F.);
#2056=ORIENTED_EDGE('',*,*,#1556,.F.);
#2057=ORIENTED_EDGE('',*,*,#1557,.F.);
#2058=ORIENTED_EDGE('',*,*,#1494,.F.);
#2059=ORIENTED_EDGE('',*,*,#1491,.F.);
#2060=ORIENTED_EDGE('',*,*,#1488,.F.);
#2061=ORIENTED_EDGE('',*,*,#1485,.F.);
#2062=ORIENTED_EDGE('',*,*,#1482,.F.);
#2063=ORIENTED_EDGE('',*,*,#1480,.F.);
#2064=ORIENTED_EDGE('',*,*,#1478,.F.);
#2065=ORIENTED_EDGE('',*,*,#1475,.F.);
#2066=ORIENTED_EDGE('',*,*,#1437,.F.);
#2067=ORIENTED_EDGE('',*,*,#1434,.F.);
#2068=ORIENTED_EDGE('',*,*,#1431,.F.);
#2069=ORIENTED_EDGE('',*,*,#1428,.F.);
#2070=ORIENTED_EDGE('',*,*,#1425,.F.);
#2071=ORIENTED_EDGE('',*,*,#1422,.F.);
#2072=ORIENTED_EDGE('',*,*,#1419,.F.);
#2073=ORIENTED_EDGE('',*,*,#1416,.F.);
#2074=ORIENTED_EDGE('',*,*,#1413,.F.);
#2075=ORIENTED_EDGE('',*,*,#1410,.F.);
#2076=ORIENTED_EDGE('',*,*,#1407,.F.);
#2077=ORIENTED_EDGE('',*,*,#1404,.F.);
#2078=ORIENTED_EDGE('',*,*,#1401,.F.);
#2079=ORIENTED_EDGE('',*,*,#1398,.F.);
#2080=ORIENTED_EDGE('',*,*,#1395,.F.);
#2081=ORIENTED_EDGE('',*,*,#1392,.F.);
#2082=ORIENTED_EDGE('',*,*,#1389,.F.);
#2083=ORIENTED_EDGE('',*,*,#1386,.T.);
#2084=ORIENTED_EDGE('',*,*,#1383,.F.);
#2085=ORIENTED_EDGE('',*,*,#1380,.F.);
#2086=ORIENTED_EDGE('',*,*,#1377,.F.);
#2087=ORIENTED_EDGE('',*,*,#1374,.F.);
#2088=ORIENTED_EDGE('',*,*,#1371,.F.);
#2089=ORIENTED_EDGE('',*,*,#1368,.F.);
#2090=ORIENTED_EDGE('',*,*,#1365,.F.);
#2091=ORIENTED_EDGE('',*,*,#1362,.F.);
#2092=ORIENTED_EDGE('',*,*,#1359,.F.);
#2093=ORIENTED_EDGE('',*,*,#1356,.F.);
#2094=ORIENTED_EDGE('',*,*,#1353,.F.);
#2095=ORIENTED_EDGE('',*,*,#1350,.T.);
#2096=ORIENTED_EDGE('',*,*,#1347,.F.);
#2097=ORIENTED_EDGE('',*,*,#1344,.F.);
#2098=ORIENTED_EDGE('',*,*,#1341,.F.);
#2099=ORIENTED_EDGE('',*,*,#1338,.F.);
#2100=ORIENTED_EDGE('',*,*,#1335,.F.);
#2101=ORIENTED_EDGE('',*,*,#1332,.F.);
#2102=ORIENTED_EDGE('',*,*,#1329,.F.);
#2103=ORIENTED_EDGE('',*,*,#1326,.F.);
#2104=ORIENTED_EDGE('',*,*,#1323,.F.);
#2105=ORIENTED_EDGE('',*,*,#1320,.F.);
#2106=ORIENTED_EDGE('',*,*,#1317,.F.);
#2107=ORIENTED_EDGE('',*,*,#1314,.F.);
#2108=ORIENTED_EDGE('',*,*,#1311,.F.);
#2109=ORIENTED_EDGE('',*,*,#1308,.F.);
#2110=ORIENTED_EDGE('',*,*,#1305,.F.);
#2111=ORIENTED_EDGE('',*,*,#1302,.F.);
#2112=ORIENTED_EDGE('',*,*,#1299,.F.);
#2113=ORIENTED_EDGE('',*,*,#1296,.F.);
#2114=ORIENTED_EDGE('',*,*,#1293,.F.);
#2115=ORIENTED_EDGE('',*,*,#1290,.F.);
#2116=ORIENTED_EDGE('',*,*,#1287,.F.);
#2117=ORIENTED_EDGE('',*,*,#1284,.F.);
#2118=ORIENTED_EDGE('',*,*,#1281,.F.);
#2119=ORIENTED_EDGE('',*,*,#1278,.F.);
#2120=ORIENTED_EDGE('',*,*,#1275,.F.);
#2121=ORIENTED_EDGE('',*,*,#1272,.F.);
#2122=ORIENTED_EDGE('',*,*,#1269,.F.);
#2123=ORIENTED_EDGE('',*,*,#1266,.F.);
#2124=ORIENTED_EDGE('',*,*,#1263,.F.);
#2125=ORIENTED_EDGE('',*,*,#1260,.F.);
#2126=ORIENTED_EDGE('',*,*,#1257,.F.);
#2127=ORIENTED_EDGE('',*,*,#1254,.F.);
#2128=ORIENTED_EDGE('',*,*,#1251,.F.);
#2129=ORIENTED_EDGE('',*,*,#1247,.F.);
#2130=ORIENTED_EDGE('',*,*,#1462,.T.);
#2131=ORIENTED_EDGE('',*,*,#1439,.T.);
#2132=ORIENTED_EDGE('',*,*,#1442,.T.);
#2133=ORIENTED_EDGE('',*,*,#1444,.T.);
#2134=ORIENTED_EDGE('',*,*,#1446,.T.);
#2135=ORIENTED_EDGE('',*,*,#1448,.T.);
#2136=ORIENTED_EDGE('',*,*,#1450,.T.);
#2137=ORIENTED_EDGE('',*,*,#1452,.T.);
#2138=ORIENTED_EDGE('',*,*,#1454,.T.);
#2139=ORIENTED_EDGE('',*,*,#1456,.T.);
#2140=ORIENTED_EDGE('',*,*,#1458,.T.);
#2141=ORIENTED_EDGE('',*,*,#1460,.T.);
#2142=ORIENTED_EDGE('',*,*,#1473,.F.);
#2143=ORIENTED_EDGE('',*,*,#1470,.F.);
#2144=ORIENTED_EDGE('',*,*,#1467,.F.);
#2145=ORIENTED_EDGE('',*,*,#1463,.F.);
#2146=ORIENTED_EDGE('',*,*,#1496,.T.);
#2147=ORIENTED_EDGE('',*,*,#1557,.T.);
#2148=ORIENTED_EDGE('',*,*,#1556,.T.);
#2149=ORIENTED_EDGE('',*,*,#1555,.T.);
#2150=ORIENTED_EDGE('',*,*,#1554,.T.);
#2151=ORIENTED_EDGE('',*,*,#1553,.T.);
#2152=ORIENTED_EDGE('',*,*,#1552,.T.);
#2153=ORIENTED_EDGE('',*,*,#1551,.T.);
#2154=ORIENTED_EDGE('',*,*,#1550,.T.);
#2155=ORIENTED_EDGE('',*,*,#1549,.T.);
#2156=ORIENTED_EDGE('',*,*,#1548,.T.);
#2157=ORIENTED_EDGE('',*,*,#1547,.T.);
#2158=ORIENTED_EDGE('',*,*,#1546,.T.);
#2159=ORIENTED_EDGE('',*,*,#1545,.T.);
#2160=ORIENTED_EDGE('',*,*,#1544,.T.);
#2161=ORIENTED_EDGE('',*,*,#1543,.T.);
#2162=ORIENTED_EDGE('',*,*,#1542,.T.);
#2163=ORIENTED_EDGE('',*,*,#1541,.F.);
#2164=ORIENTED_EDGE('',*,*,#1540,.T.);
#2165=ORIENTED_EDGE('',*,*,#1539,.T.);
#2166=ORIENTED_EDGE('',*,*,#1538,.T.);
#2167=ORIENTED_EDGE('',*,*,#1537,.T.);
#2168=ORIENTED_EDGE('',*,*,#1536,.T.);
#2169=ORIENTED_EDGE('',*,*,#1535,.T.);
#2170=ORIENTED_EDGE('',*,*,#1534,.T.);
#2171=ORIENTED_EDGE('',*,*,#1533,.T.);
#2172=ORIENTED_EDGE('',*,*,#1532,.T.);
#2173=ORIENTED_EDGE('',*,*,#1531,.F.);
#2174=ORIENTED_EDGE('',*,*,#1530,.T.);
#2175=ORIENTED_EDGE('',*,*,#1529,.T.);
#2176=ORIENTED_EDGE('',*,*,#1528,.T.);
#2177=ORIENTED_EDGE('',*,*,#1527,.T.);
#2178=ORIENTED_EDGE('',*,*,#1526,.T.);
#2179=ORIENTED_EDGE('',*,*,#1525,.T.);
#2180=ORIENTED_EDGE('',*,*,#1524,.T.);
#2181=ORIENTED_EDGE('',*,*,#1523,.T.);
#2182=ORIENTED_EDGE('',*,*,#1522,.T.);
#2183=ORIENTED_EDGE('',*,*,#1521,.T.);
#2184=ORIENTED_EDGE('',*,*,#1520,.T.);
#2185=ORIENTED_EDGE('',*,*,#1519,.T.);
#2186=ORIENTED_EDGE('',*,*,#1518,.T.);
#2187=ORIENTED_EDGE('',*,*,#1517,.T.);
#2188=ORIENTED_EDGE('',*,*,#1516,.T.);
#2189=ORIENTED_EDGE('',*,*,#1515,.T.);
#2190=ORIENTED_EDGE('',*,*,#1514,.T.);
#2191=ORIENTED_EDGE('',*,*,#1513,.T.);
#2192=ORIENTED_EDGE('',*,*,#1512,.T.);
#2193=ORIENTED_EDGE('',*,*,#1511,.T.);
#2194=ORIENTED_EDGE('',*,*,#1510,.T.);
#2195=ORIENTED_EDGE('',*,*,#1509,.T.);
#2196=ORIENTED_EDGE('',*,*,#1508,.T.);
#2197=ORIENTED_EDGE('',*,*,#1507,.T.);
#2198=ORIENTED_EDGE('',*,*,#1506,.T.);
#2199=ORIENTED_EDGE('',*,*,#1505,.T.);
#2200=ORIENTED_EDGE('',*,*,#1504,.T.);
#2201=ORIENTED_EDGE('',*,*,#1503,.T.);
#2202=ORIENTED_EDGE('',*,*,#1502,.T.);
#2203=ORIENTED_EDGE('',*,*,#1501,.T.);
#2204=ORIENTED_EDGE('',*,*,#1500,.T.);
#2205=ORIENTED_EDGE('',*,*,#1499,.T.);
#2206=ORIENTED_EDGE('',*,*,#1498,.T.);
#2207=ORIENTED_EDGE('',*,*,#1497,.T.);
#2208=ORIENTED_EDGE('',*,*,#1249,.T.);
#2209=ORIENTED_EDGE('',*,*,#1253,.T.);
#2210=ORIENTED_EDGE('',*,*,#1256,.T.);
#2211=ORIENTED_EDGE('',*,*,#1259,.T.);
#2212=ORIENTED_EDGE('',*,*,#1262,.T.);
#2213=ORIENTED_EDGE('',*,*,#1265,.T.);
#2214=ORIENTED_EDGE('',*,*,#1268,.T.);
#2215=ORIENTED_EDGE('',*,*,#1271,.T.);
#2216=ORIENTED_EDGE('',*,*,#1274,.T.);
#2217=ORIENTED_EDGE('',*,*,#1277,.T.);
#2218=ORIENTED_EDGE('',*,*,#1280,.T.);
#2219=ORIENTED_EDGE('',*,*,#1283,.T.);
#2220=ORIENTED_EDGE('',*,*,#1286,.T.);
#2221=ORIENTED_EDGE('',*,*,#1289,.T.);
#2222=ORIENTED_EDGE('',*,*,#1292,.T.);
#2223=ORIENTED_EDGE('',*,*,#1295,.T.);
#2224=ORIENTED_EDGE('',*,*,#1298,.T.);
#2225=ORIENTED_EDGE('',*,*,#1301,.T.);
#2226=ORIENTED_EDGE('',*,*,#1304,.T.);
#2227=ORIENTED_EDGE('',*,*,#1307,.T.);
#2228=ORIENTED_EDGE('',*,*,#1310,.T.);
#2229=ORIENTED_EDGE('',*,*,#1313,.T.);
#2230=ORIENTED_EDGE('',*,*,#1316,.T.);
#2231=ORIENTED_EDGE('',*,*,#1319,.T.);
#2232=ORIENTED_EDGE('',*,*,#1322,.T.);
#2233=ORIENTED_EDGE('',*,*,#1325,.T.);
#2234=ORIENTED_EDGE('',*,*,#1328,.T.);
#2235=ORIENTED_EDGE('',*,*,#1331,.T.);
#2236=ORIENTED_EDGE('',*,*,#1334,.T.);
#2237=ORIENTED_EDGE('',*,*,#1337,.T.);
#2238=ORIENTED_EDGE('',*,*,#1340,.T.);
#2239=ORIENTED_EDGE('',*,*,#1343,.T.);
#2240=ORIENTED_EDGE('',*,*,#1346,.T.);
#2241=ORIENTED_EDGE('',*,*,#1349,.T.);
#2242=ORIENTED_EDGE('',*,*,#1352,.F.);
#2243=ORIENTED_EDGE('',*,*,#1355,.T.);
#2244=ORIENTED_EDGE('',*,*,#1358,.T.);
#2245=ORIENTED_EDGE('',*,*,#1361,.T.);
#2246=ORIENTED_EDGE('',*,*,#1364,.T.);
#2247=ORIENTED_EDGE('',*,*,#1367,.T.);
#2248=ORIENTED_EDGE('',*,*,#1370,.T.);
#2249=ORIENTED_EDGE('',*,*,#1373,.T.);
#2250=ORIENTED_EDGE('',*,*,#1376,.T.);
#2251=ORIENTED_EDGE('',*,*,#1379,.T.);
#2252=ORIENTED_EDGE('',*,*,#1382,.T.);
#2253=ORIENTED_EDGE('',*,*,#1385,.T.);
#2254=ORIENTED_EDGE('',*,*,#1388,.F.);
#2255=ORIENTED_EDGE('',*,*,#1391,.T.);
#2256=ORIENTED_EDGE('',*,*,#1394,.T.);
#2257=ORIENTED_EDGE('',*,*,#1397,.T.);
#2258=ORIENTED_EDGE('',*,*,#1400,.T.);
#2259=ORIENTED_EDGE('',*,*,#1403,.T.);
#2260=ORIENTED_EDGE('',*,*,#1406,.T.);
#2261=ORIENTED_EDGE('',*,*,#1409,.T.);
#2262=ORIENTED_EDGE('',*,*,#1412,.T.);
#2263=ORIENTED_EDGE('',*,*,#1415,.T.);
#2264=ORIENTED_EDGE('',*,*,#1418,.T.);
#2265=ORIENTED_EDGE('',*,*,#1421,.T.);
#2266=ORIENTED_EDGE('',*,*,#1424,.T.);
#2267=ORIENTED_EDGE('',*,*,#1427,.T.);
#2268=ORIENTED_EDGE('',*,*,#1430,.T.);
#2269=ORIENTED_EDGE('',*,*,#1433,.T.);
#2270=ORIENTED_EDGE('',*,*,#1436,.T.);
#2271=ORIENTED_EDGE('',*,*,#1438,.T.);
#2272=PLANE('',#2483);
#2273=PLANE('',#2484);
#2274=PLANE('',#2485);
#2275=PLANE('',#2486);
#2276=PLANE('',#2487);
#2277=PLANE('',#2488);
#2278=PLANE('',#2489);
#2279=PLANE('',#2490);
#2280=PLANE('',#2491);
#2281=PLANE('',#2492);
#2282=PLANE('',#2493);
#2283=PLANE('',#2494);
#2284=PLANE('',#2495);
#2285=PLANE('',#2496);
#2286=PLANE('',#2497);
#2287=PLANE('',#2498);
#2288=PLANE('',#2499);
#2289=PLANE('',#2500);
#2290=PLANE('',#2501);
#2291=PLANE('',#2502);
#2292=PLANE('',#2503);
#2293=PLANE('',#2504);
#2294=PLANE('',#2505);
#2295=PLANE('',#2506);
#2296=PLANE('',#2507);
#2297=PLANE('',#2508);
#2298=PLANE('',#2509);
#2299=PLANE('',#2510);
#2300=PLANE('',#2511);
#2301=PLANE('',#2512);
#2302=PLANE('',#2513);
#2303=PLANE('',#2514);
#2304=PLANE('',#2515);
#2305=PLANE('',#2516);
#2306=PLANE('',#2517);
#2307=PLANE('',#2518);
#2308=PLANE('',#2519);
#2309=PLANE('',#2520);
#2310=PLANE('',#2521);
#2311=PLANE('',#2522);
#2312=PLANE('',#2523);
#2313=PLANE('',#2524);
#2314=PLANE('',#2525);
#2315=PLANE('',#2529);
#2316=PLANE('',#2533);
#2317=PLANE('',#2534);
#2318=PLANE('',#2538);
#2319=PLANE('',#2542);
#2320=PLANE('',#2543);
#2321=PLANE('',#2547);
#2322=PLANE('',#2551);
#2323=PLANE('',#2552);
#2324=PLANE('',#2553);
#2325=PLANE('',#2554);
#2326=PLANE('',#2555);
#2327=PLANE('',#2556);
#2328=PLANE('',#2557);
#2329=PLANE('',#2558);
#2330=PLANE('',#2559);
#2331=PLANE('',#2560);
#2332=PLANE('',#2561);
#2333=PLANE('',#2562);
#2334=PLANE('',#2563);
#2335=PLANE('',#2564);
#2336=PLANE('',#2565);
#2337=PLANE('',#2566);
#2338=PLANE('',#2567);
#2339=PLANE('',#2568);
#2340=PLANE('',#2569);
#2341=PLANE('',#2570);
#2342=PLANE('',#2571);
#2343=PLANE('',#2572);
#2344=PLANE('',#2573);
#2345=PLANE('',#2574);
#2346=PLANE('',#2575);
#2347=PLANE('',#2576);
#2348=PLANE('',#2577);
#2349=PLANE('',#2578);
#2350=PLANE('',#2579);
#2351=PLANE('',#2580);
#2352=PLANE('',#2581);
#2353=PLANE('',#2582);
#2354=PLANE('',#2583);
#2355=PLANE('',#2584);
#2356=PLANE('',#2585);
#2357=PLANE('',#2586);
#2358=PLANE('',#2587);
#2359=PLANE('',#2588);
#2360=PLANE('',#2589);
#2361=PLANE('',#2590);
#2362=PLANE('',#2591);
#2363=PLANE('',#2592);
#2364=PLANE('',#2599);
#2365=PLANE('',#2600);
#2366=PLANE('',#2601);
#2367=ADVANCED_FACE('',(#51),#2272,.T.);
#2368=ADVANCED_FACE('',(#52),#2273,.T.);
#2369=ADVANCED_FACE('',(#53),#2274,.T.);
#2370=ADVANCED_FACE('',(#54),#2275,.T.);
#2371=ADVANCED_FACE('',(#55),#2276,.T.);
#2372=ADVANCED_FACE('',(#56,#43),#2277,.T.);
#2373=ADVANCED_FACE('',(#57,#44),#2278,.T.);
#2374=ADVANCED_FACE('',(#58),#2279,.T.);
#2375=ADVANCED_FACE('',(#59),#2280,.T.);
#2376=ADVANCED_FACE('',(#60),#2281,.T.);
#2377=ADVANCED_FACE('',(#61),#2282,.T.);
#2378=ADVANCED_FACE('',(#62),#2283,.T.);
#2379=ADVANCED_FACE('',(#63),#2284,.T.);
#2380=ADVANCED_FACE('',(#64),#2285,.T.);
#2381=ADVANCED_FACE('',(#65),#2286,.T.);
#2382=ADVANCED_FACE('',(#66),#2287,.T.);
#2383=ADVANCED_FACE('',(#67),#2288,.T.);
#2384=ADVANCED_FACE('',(#68),#2289,.T.);
#2385=ADVANCED_FACE('',(#69),#2290,.T.);
#2386=ADVANCED_FACE('',(#70),#2291,.T.);
#2387=ADVANCED_FACE('',(#71),#2292,.T.);
#2388=ADVANCED_FACE('',(#72),#2293,.T.);
#2389=ADVANCED_FACE('',(#73),#2294,.T.);
#2390=ADVANCED_FACE('',(#74),#2295,.T.);
#2391=ADVANCED_FACE('',(#75),#2296,.T.);
#2392=ADVANCED_FACE('',(#76),#2297,.T.);
#2393=ADVANCED_FACE('',(#77),#2298,.T.);
#2394=ADVANCED_FACE('',(#78),#2299,.T.);
#2395=ADVANCED_FACE('',(#79),#2300,.T.);
#2396=ADVANCED_FACE('',(#80),#2301,.T.);
#2397=ADVANCED_FACE('',(#81),#2302,.T.);
#2398=ADVANCED_FACE('',(#82),#2303,.T.);
#2399=ADVANCED_FACE('',(#83),#2304,.T.);
#2400=ADVANCED_FACE('',(#84),#2305,.T.);
#2401=ADVANCED_FACE('',(#85),#2306,.T.);
#2402=ADVANCED_FACE('',(#86),#2307,.T.);
#2403=ADVANCED_FACE('',(#87),#2308,.T.);
#2404=ADVANCED_FACE('',(#88),#2309,.T.);
#2405=ADVANCED_FACE('',(#89),#2310,.T.);
#2406=ADVANCED_FACE('',(#90),#2311,.T.);
#2407=ADVANCED_FACE('',(#91),#2312,.T.);
#2408=ADVANCED_FACE('',(#92),#2313,.T.);
#2409=ADVANCED_FACE('',(#93),#2314,.T.);
#2410=ADVANCED_FACE('',(#94),#37,.T.);
#2411=ADVANCED_FACE('',(#95),#2315,.T.);
#2412=ADVANCED_FACE('',(#96),#38,.F.);
#2413=ADVANCED_FACE('',(#97),#2316,.T.);
#2414=ADVANCED_FACE('',(#98),#2317,.T.);
#2415=ADVANCED_FACE('',(#99),#39,.F.);
#2416=ADVANCED_FACE('',(#100),#2318,.T.);
#2417=ADVANCED_FACE('',(#101),#40,.F.);
#2418=ADVANCED_FACE('',(#102),#2319,.T.);
#2419=ADVANCED_FACE('',(#103),#2320,.T.);
#2420=ADVANCED_FACE('',(#104),#41,.F.);
#2421=ADVANCED_FACE('',(#105),#2321,.T.);
#2422=ADVANCED_FACE('',(#106),#42,.T.);
#2423=ADVANCED_FACE('',(#107),#2322,.T.);
#2424=ADVANCED_FACE('',(#108),#2323,.T.);
#2425=ADVANCED_FACE('',(#109),#2324,.T.);
#2426=ADVANCED_FACE('',(#110),#2325,.T.);
#2427=ADVANCED_FACE('',(#111),#2326,.T.);
#2428=ADVANCED_FACE('',(#112),#2327,.T.);
#2429=ADVANCED_FACE('',(#113),#2328,.T.);
#2430=ADVANCED_FACE('',(#114),#2329,.T.);
#2431=ADVANCED_FACE('',(#115),#2330,.T.);
#2432=ADVANCED_FACE('',(#116),#2331,.T.);
#2433=ADVANCED_FACE('',(#117),#2332,.T.);
#2434=ADVANCED_FACE('',(#118),#2333,.T.);
#2435=ADVANCED_FACE('',(#119),#2334,.T.);
#2436=ADVANCED_FACE('',(#120),#2335,.T.);
#2437=ADVANCED_FACE('',(#121),#2336,.T.);
#2438=ADVANCED_FACE('',(#122),#2337,.T.);
#2439=ADVANCED_FACE('',(#123),#2338,.T.);
#2440=ADVANCED_FACE('',(#124),#2339,.T.);
#2441=ADVANCED_FACE('',(#125),#2340,.T.);
#2442=ADVANCED_FACE('',(#126),#2341,.T.);
#2443=ADVANCED_FACE('',(#127),#2342,.T.);
#2444=ADVANCED_FACE('',(#128),#2343,.T.);
#2445=ADVANCED_FACE('',(#129),#2344,.T.);
#2446=ADVANCED_FACE('',(#130),#2345,.T.);
#2447=ADVANCED_FACE('',(#131),#2346,.T.);
#2448=ADVANCED_FACE('',(#132),#2347,.T.);
#2449=ADVANCED_FACE('',(#133),#2348,.T.);
#2450=ADVANCED_FACE('',(#134),#2349,.T.);
#2451=ADVANCED_FACE('',(#135),#2350,.T.);
#2452=ADVANCED_FACE('',(#136),#2351,.T.);
#2453=ADVANCED_FACE('',(#137),#2352,.T.);
#2454=ADVANCED_FACE('',(#138),#2353,.T.);
#2455=ADVANCED_FACE('',(#139),#2354,.T.);
#2456=ADVANCED_FACE('',(#140),#2355,.T.);
#2457=ADVANCED_FACE('',(#141),#2356,.T.);
#2458=ADVANCED_FACE('',(#142),#2357,.T.);
#2459=ADVANCED_FACE('',(#143),#2358,.T.);
#2460=ADVANCED_FACE('',(#144),#2359,.T.);
#2461=ADVANCED_FACE('',(#145),#2360,.T.);
#2462=ADVANCED_FACE('',(#146),#2361,.T.);
#2463=ADVANCED_FACE('',(#147),#2362,.T.);
#2464=ADVANCED_FACE('',(#148,#45,#46,#47),#2363,.T.);
#2465=ADVANCED_FACE('',(#149,#48,#49,#50),#2364,.T.);
#2466=ADVANCED_FACE('',(#150),#2365,.T.);
#2467=ADVANCED_FACE('',(#151),#2366,.T.);
#2468=CLOSED_SHELL('',(#2367,#2368,#2369,#2370,#2371,#2372,#2373,#2374,
#2375,#2376,#2377,#2378,#2379,#2380,#2381,#2382,#2383,#2384,#2385,#2386,
#2387,#2388,#2389,#2390,#2391,#2392,#2393,#2394,#2395,#2396,#2397,#2398,
#2399,#2400,#2401,#2402,#2403,#2404,#2405,#2406,#2407,#2408,#2409,#2410,
#2411,#2412,#2413,#2414,#2415,#2416,#2417,#2418,#2419,#2420,#2421,#2422,
#2423,#2424,#2425,#2426,#2427,#2428,#2429,#2430,#2431,#2432,#2433,#2434,
#2435,#2436,#2437,#2438,#2439,#2440,#2441,#2442,#2443,#2444,#2445,#2446,
#2447,#2448,#2449,#2450,#2451,#2452,#2453,#2454,#2455,#2456,#2457,#2458,
#2459,#2460,#2461,#2462,#2463,#2464,#2465,#2466,#2467));
#2469=DERIVED_UNIT_ELEMENT(#2471,1.);
#2470=DERIVED_UNIT_ELEMENT(#3916,-3.);
#2471=(
MASS_UNIT()
NAMED_UNIT(*)
SI_UNIT(.KILO.,.GRAM.)
);
#2472=DERIVED_UNIT((#2469,#2470));
#2473=MEASURE_REPRESENTATION_ITEM('density measure',
POSITIVE_RATIO_MEASURE(7850.),#2472);
#2474=PROPERTY_DEFINITION_REPRESENTATION(#2479,#2476);
#2475=PROPERTY_DEFINITION_REPRESENTATION(#2480,#2477);
#2476=REPRESENTATION('material name',(#2478),#3913);
#2477=REPRESENTATION('density',(#2473),#3913);
#2478=DESCRIPTIVE_REPRESENTATION_ITEM('Steel','Steel');
#2479=PROPERTY_DEFINITION('material property','material name',#3928);
#2480=PROPERTY_DEFINITION('material property','density of part',#3928);
#2481=AXIS2_PLACEMENT_3D('',#3186,#2603,#2604);
#2482=AXIS2_PLACEMENT_3D('',#3187,#2605,#2606);
#2483=AXIS2_PLACEMENT_3D('',#3188,#2607,#2608);
#2484=AXIS2_PLACEMENT_3D('',#3197,#2613,#2614);
#2485=AXIS2_PLACEMENT_3D('',#3203,#2618,#2619);
#2486=AXIS2_PLACEMENT_3D('',#3209,#2623,#2624);
#2487=AXIS2_PLACEMENT_3D('',#3212,#2627,#2628);
#2488=AXIS2_PLACEMENT_3D('',#3221,#2633,#2634);
#2489=AXIS2_PLACEMENT_3D('',#3227,#2638,#2639);
#2490=AXIS2_PLACEMENT_3D('',#3233,#2643,#2644);
#2491=AXIS2_PLACEMENT_3D('',#3258,#2657,#2658);
#2492=AXIS2_PLACEMENT_3D('',#3283,#2671,#2672);
#2493=AXIS2_PLACEMENT_3D('',#3292,#2677,#2678);
#2494=AXIS2_PLACEMENT_3D('',#3298,#2682,#2683);
#2495=AXIS2_PLACEMENT_3D('',#3304,#2687,#2688);
#2496=AXIS2_PLACEMENT_3D('',#3310,#2692,#2693);
#2497=AXIS2_PLACEMENT_3D('',#3316,#2697,#2698);
#2498=AXIS2_PLACEMENT_3D('',#3322,#2702,#2703);
#2499=AXIS2_PLACEMENT_3D('',#3328,#2707,#2708);
#2500=AXIS2_PLACEMENT_3D('',#3334,#2712,#2713);
#2501=AXIS2_PLACEMENT_3D('',#3340,#2717,#2718);
#2502=AXIS2_PLACEMENT_3D('',#3346,#2722,#2723);
#2503=AXIS2_PLACEMENT_3D('',#3352,#2727,#2728);
#2504=AXIS2_PLACEMENT_3D('',#3358,#2732,#2733);
#2505=AXIS2_PLACEMENT_3D('',#3364,#2737,#2738);
#2506=AXIS2_PLACEMENT_3D('',#3370,#2742,#2743);
#2507=AXIS2_PLACEMENT_3D('',#3376,#2747,#2748);
#2508=AXIS2_PLACEMENT_3D('',#3382,#2752,#2753);
#2509=AXIS2_PLACEMENT_3D('',#3388,#2757,#2758);
#2510=AXIS2_PLACEMENT_3D('',#3394,#2762,#2763);
#2511=AXIS2_PLACEMENT_3D('',#3400,#2767,#2768);
#2512=AXIS2_PLACEMENT_3D('',#3406,#2772,#2773);
#2513=AXIS2_PLACEMENT_3D('',#3412,#2777,#2778);
#2514=AXIS2_PLACEMENT_3D('',#3418,#2782,#2783);
#2515=AXIS2_PLACEMENT_3D('',#3424,#2787,#2788);
#2516=AXIS2_PLACEMENT_3D('',#3430,#2792,#2793);
#2517=AXIS2_PLACEMENT_3D('',#3436,#2797,#2798);
#2518=AXIS2_PLACEMENT_3D('',#3442,#2802,#2803);
#2519=AXIS2_PLACEMENT_3D('',#3448,#2807,#2808);
#2520=AXIS2_PLACEMENT_3D('',#3454,#2812,#2813);
#2521=AXIS2_PLACEMENT_3D('',#3460,#2817,#2818);
#2522=AXIS2_PLACEMENT_3D('',#3466,#2822,#2823);
#2523=AXIS2_PLACEMENT_3D('',#3472,#2827,#2828);
#2524=AXIS2_PLACEMENT_3D('',#3478,#2832,#2833);
#2525=AXIS2_PLACEMENT_3D('',#3484,#2837,#2838);
#2526=AXIS2_PLACEMENT_3D('',#3490,#2842,#2843);
#2527=AXIS2_PLACEMENT_3D('',#3492,#2844,#2845);
#2528=AXIS2_PLACEMENT_3D('',#3495,#2847,#2848);
#2529=AXIS2_PLACEMENT_3D('',#3496,#2849,#2850);
#2530=AXIS2_PLACEMENT_3D('',#3502,#2854,#2855);
#2531=AXIS2_PLACEMENT_3D('',#3504,#2856,#2857);
#2532=AXIS2_PLACEMENT_3D('',#3507,#2859,#2860);
#2533=AXIS2_PLACEMENT_3D('',#3508,#2861,#2862);
#2534=AXIS2_PLACEMENT_3D('',#3514,#2866,#2867);
#2535=AXIS2_PLACEMENT_3D('',#3520,#2871,#2872);
#2536=AXIS2_PLACEMENT_3D('',#3522,#2873,#2874);
#2537=AXIS2_PLACEMENT_3D('',#3525,#2876,#2877);
#2538=AXIS2_PLACEMENT_3D('',#3526,#2878,#2879);
#2539=AXIS2_PLACEMENT_3D('',#3532,#2883,#2884);
#2540=AXIS2_PLACEMENT_3D('',#3534,#2885,#2886);
#2541=AXIS2_PLACEMENT_3D('',#3537,#2888,#2889);
#2542=AXIS2_PLACEMENT_3D('',#3538,#2890,#2891);
#2543=AXIS2_PLACEMENT_3D('',#3544,#2895,#2896);
#2544=AXIS2_PLACEMENT_3D('',#3550,#2900,#2901);
#2545=AXIS2_PLACEMENT_3D('',#3552,#2902,#2903);
#2546=AXIS2_PLACEMENT_3D('',#3555,#2905,#2906);
#2547=AXIS2_PLACEMENT_3D('',#3556,#2907,#2908);
#2548=AXIS2_PLACEMENT_3D('',#3562,#2912,#2913);
#2549=AXIS2_PLACEMENT_3D('',#3564,#2914,#2915);
#2550=AXIS2_PLACEMENT_3D('',#3567,#2917,#2918);
#2551=AXIS2_PLACEMENT_3D('',#3568,#2919,#2920);
#2552=AXIS2_PLACEMENT_3D('',#3574,#2924,#2925);
#2553=AXIS2_PLACEMENT_3D('',#3580,#2929,#2930);
#2554=AXIS2_PLACEMENT_3D('',#3586,#2934,#2935);
#2555=AXIS2_PLACEMENT_3D('',#3592,#2939,#2940);
#2556=AXIS2_PLACEMENT_3D('',#3598,#2944,#2945);
#2557=AXIS2_PLACEMENT_3D('',#3604,#2949,#2950);
#2558=AXIS2_PLACEMENT_3D('',#3610,#2954,#2955);
#2559=AXIS2_PLACEMENT_3D('',#3616,#2959,#2960);
#2560=AXIS2_PLACEMENT_3D('',#3622,#2964,#2965);
#2561=AXIS2_PLACEMENT_3D('',#3628,#2969,#2970);
#2562=AXIS2_PLACEMENT_3D('',#3634,#2974,#2975);
#2563=AXIS2_PLACEMENT_3D('',#3640,#2979,#2980);
#2564=AXIS2_PLACEMENT_3D('',#3646,#2984,#2985);
#2565=AXIS2_PLACEMENT_3D('',#3652,#2989,#2990);
#2566=AXIS2_PLACEMENT_3D('',#3658,#2994,#2995);
#2567=AXIS2_PLACEMENT_3D('',#3664,#2999,#3000);
#2568=AXIS2_PLACEMENT_3D('',#3667,#3003,#3004);
#2569=AXIS2_PLACEMENT_3D('',#3673,#3008,#3009);
#2570=AXIS2_PLACEMENT_3D('',#3677,#3012,#3013);
#2571=AXIS2_PLACEMENT_3D('',#3681,#3016,#3017);
#2572=AXIS2_PLACEMENT_3D('',#3685,#3020,#3021);
#2573=AXIS2_PLACEMENT_3D('',#3689,#3024,#3025);
#2574=AXIS2_PLACEMENT_3D('',#3693,#3028,#3029);
#2575=AXIS2_PLACEMENT_3D('',#3697,#3032,#3033);
#2576=AXIS2_PLACEMENT_3D('',#3701,#3036,#3037);
#2577=AXIS2_PLACEMENT_3D('',#3705,#3040,#3041);
#2578=AXIS2_PLACEMENT_3D('',#3709,#3044,#3045);
#2579=AXIS2_PLACEMENT_3D('',#3713,#3048,#3049);
#2580=AXIS2_PLACEMENT_3D('',#3715,#3051,#3052);
#2581=AXIS2_PLACEMENT_3D('',#3724,#3057,#3058);
#2582=AXIS2_PLACEMENT_3D('',#3730,#3062,#3063);
#2583=AXIS2_PLACEMENT_3D('',#3736,#3067,#3068);
#2584=AXIS2_PLACEMENT_3D('',#3739,#3071,#3072);
#2585=AXIS2_PLACEMENT_3D('',#3745,#3076,#3077);
#2586=AXIS2_PLACEMENT_3D('',#3749,#3080,#3081);
#2587=AXIS2_PLACEMENT_3D('',#3753,#3084,#3085);
#2588=AXIS2_PLACEMENT_3D('',#3759,#3089,#3090);
#2589=AXIS2_PLACEMENT_3D('',#3765,#3094,#3095);
#2590=AXIS2_PLACEMENT_3D('',#3771,#3099,#3100);
#2591=AXIS2_PLACEMENT_3D('',#3777,#3104,#3105);
#2592=AXIS2_PLACEMENT_3D('',#3780,#3108,#3109);
#2593=AXIS2_PLACEMENT_3D('',#3853,#3145,#3146);
#2594=AXIS2_PLACEMENT_3D('',#3857,#3148,#3149);
#2595=AXIS2_PLACEMENT_3D('',#3861,#3151,#3152);
#2596=AXIS2_PLACEMENT_3D('',#3865,#3154,#3155);
#2597=AXIS2_PLACEMENT_3D('',#3869,#3157,#3158);
#2598=AXIS2_PLACEMENT_3D('',#3873,#3160,#3161);
#2599=AXIS2_PLACEMENT_3D('',#3905,#3178,#3179);
#2600=AXIS2_PLACEMENT_3D('',#3906,#3180,#3181);
#2601=AXIS2_PLACEMENT_3D('',#3907,#3182,#3183);
#2602=AXIS2_PLACEMENT_3D('',#3908,#3184,#3185);
#2603=DIRECTION('axis',(0.,0.,1.));
#2604=DIRECTION('refdir',(1.,0.,0.));
#2605=DIRECTION('axis',(0.,0.,1.));
#2606=DIRECTION('refdir',(1.,0.,0.));
#2607=DIRECTION('center_axis',(6.61744645998567E-24,-1.,-8.16360243107887E-16));
#2608=DIRECTION('ref_axis',(1.,6.61744645998568E-24,-6.61744646549141E-24));
#2609=DIRECTION('',(1.,6.61744645998568E-24,-6.61744646549141E-24));
#2610=DIRECTION('',(6.61744646549142E-24,-8.16360243107887E-16,1.));
#2611=DIRECTION('',(1.,6.61744645998568E-24,-6.61744646549141E-24));
#2612=DIRECTION('',(6.61744646549142E-24,-8.16360243107887E-16,1.));
#2613=DIRECTION('center_axis',(-1.,-6.61744645998568E-24,6.61744646549141E-24));
#2614=DIRECTION('ref_axis',(6.61744645998567E-24,-1.,-8.16360243107887E-16));
#2615=DIRECTION('',(6.61744645998567E-24,-1.,-8.16360243107887E-16));
#2616=DIRECTION('',(6.61744645998567E-24,-1.,-8.16360243107887E-16));
#2617=DIRECTION('',(6.61744646549142E-24,-8.16360243107887E-16,1.));
#2618=DIRECTION('center_axis',(-6.61744645998567E-24,1.,8.16360243107887E-16));
#2619=DIRECTION('ref_axis',(-1.,-6.61744645998568E-24,6.61744646549141E-24));
#2620=DIRECTION('',(-1.,-6.61744645998568E-24,6.61744646549141E-24));
#2621=DIRECTION('',(-1.,-6.61744645998568E-24,6.61744646549141E-24));
#2622=DIRECTION('',(6.61744646549142E-24,-8.16360243107887E-16,1.));
#2623=DIRECTION('center_axis',(1.,6.61744645998568E-24,-6.61744646549141E-24));
#2624=DIRECTION('ref_axis',(-6.61744645998567E-24,1.,8.16360243107887E-16));
#2625=DIRECTION('',(-6.61744645998567E-24,1.,8.16360243107887E-16));
#2626=DIRECTION('',(-6.61744645998567E-24,1.,8.16360243107887E-16));
#2627=DIRECTION('center_axis',(6.61744645998567E-24,-1.,-8.16360243107887E-16));
#2628=DIRECTION('ref_axis',(-1.,-6.61744645998568E-24,6.61744646549141E-24));
#2629=DIRECTION('',(-1.,-6.61744645998568E-24,6.61744646549141E-24));
#2630=DIRECTION('',(6.61744646549142E-24,-8.16360243107887E-16,1.));
#2631=DIRECTION('',(-1.,-6.61744645998568E-24,6.61744646549141E-24));
#2632=DIRECTION('',(6.61744646549142E-24,-8.16360243107887E-16,1.));
#2633=DIRECTION('center_axis',(-6.61744646549142E-24,8.16360243107887E-16,
-1.));
#2634=DIRECTION('ref_axis',(-1.,-6.61744645998568E-24,6.61744646549141E-24));
#2635=DIRECTION('',(6.61744645998567E-24,-1.,-8.16360243107887E-16));
#2636=DIRECTION('',(-1.,-6.61744645998568E-24,6.61744646549141E-24));
#2637=DIRECTION('',(-6.61744645998567E-24,1.,8.16360243107887E-16));
#2638=DIRECTION('center_axis',(6.61744646549142E-24,-8.16360243107887E-16,
1.));
#2639=DIRECTION('ref_axis',(1.,6.61744645998568E-24,-6.61744646549141E-24));
#2640=DIRECTION('',(-6.61744645998567E-24,1.,8.16360243107887E-16));
#2641=DIRECTION('',(-1.,-6.61744645998568E-24,6.61744646549141E-24));
#2642=DIRECTION('',(6.61744645998567E-24,-1.,-8.16360243107887E-16));
#2643=DIRECTION('center_axis',(-6.61744646549142E-24,8.16360243107887E-16,
-1.));
#2644=DIRECTION('ref_axis',(-1.,-6.61744645998568E-24,6.61744646549141E-24));
#2645=DIRECTION('',(-6.61744645998567E-24,1.,8.16360243107887E-16));
#2646=DIRECTION('',(-1.,-6.61744645998568E-24,6.61744646549141E-24));
#2647=DIRECTION('',(-6.61744645998567E-24,1.,8.16360243107887E-16));
#2648=DIRECTION('',(1.,6.61744645998568E-24,-6.61744646549141E-24));
#2649=DIRECTION('',(6.61744645998567E-24,-1.,-8.16360243107887E-16));
#2650=DIRECTION('',(-1.,-6.61744645998568E-24,6.61744646549141E-24));
#2651=DIRECTION('',(6.61744645998567E-24,-1.,-8.16360243107887E-16));
#2652=DIRECTION('',(1.,6.61744645998568E-24,-6.61744646549141E-24));
#2653=DIRECTION('',(6.61744645998567E-24,-1.,-8.16360243107887E-16));
#2654=DIRECTION('',(-1.,-6.61744645998568E-24,6.61744646549141E-24));
#2655=DIRECTION('',(-6.61744645998567E-24,1.,8.16360243107887E-16));
#2656=DIRECTION('',(1.,6.61744645998568E-24,-6.61744646549141E-24));
#2657=DIRECTION('center_axis',(6.61744646549142E-24,-8.16360243107887E-16,
1.));
#2658=DIRECTION('ref_axis',(1.,6.61744645998568E-24,-6.61744646549141E-24));
#2659=DIRECTION('',(6.61744645998567E-24,-1.,-8.16360243107887E-16));
#2660=DIRECTION('',(-1.,-6.61744645998568E-24,6.61744646549141E-24));
#2661=DIRECTION('',(6.61744645998567E-24,-1.,-8.16360243107887E-16));
#2662=DIRECTION('',(1.,6.61744645998568E-24,-6.61744646549141E-24));
#2663=DIRECTION('',(-6.61744645998567E-24,1.,8.16360243107887E-16));
#2664=DIRECTION('',(-1.,-6.61744645998568E-24,6.61744646549141E-24));
#2665=DIRECTION('',(-6.61744645998567E-24,1.,8.16360243107887E-16));
#2666=DIRECTION('',(1.,6.61744645998568E-24,-6.61744646549141E-24));
#2667=DIRECTION('',(-6.61744645998567E-24,1.,8.16360243107887E-16));
#2668=DIRECTION('',(-1.,-6.61744645998568E-24,6.61744646549141E-24));
#2669=DIRECTION('',(6.61744645998567E-24,-1.,-8.16360243107887E-16));
#2670=DIRECTION('',(1.,6.61744645998568E-24,-6.61744646549141E-24));
#2671=DIRECTION('center_axis',(-1.,-6.61744645998568E-24,6.61744646549141E-24));
#2672=DIRECTION('ref_axis',(-6.61744645998567E-24,1.,8.16360243107887E-16));
#2673=DIRECTION('',(-6.61744645998567E-24,1.,8.16360243107887E-16));
#2674=DIRECTION('',(6.61744646549142E-24,-8.16360243107887E-16,1.));
#2675=DIRECTION('',(-6.61744645998567E-24,1.,8.16360243107887E-16));
#2676=DIRECTION('',(6.61744646549142E-24,-8.16360243107887E-16,1.));
#2677=DIRECTION('center_axis',(6.61744645998567E-24,-1.,-8.16360243107887E-16));
#2678=DIRECTION('ref_axis',(-1.,-6.61744645998568E-24,6.61744646549141E-24));
#2679=DIRECTION('',(-1.,-6.61744645998568E-24,6.61744646549141E-24));
#2680=DIRECTION('',(6.61744646549142E-24,-8.16360243107887E-16,1.));
#2681=DIRECTION('',(-1.,-6.61744645998568E-24,6.61744646549142E-24));
#2682=DIRECTION('center_axis',(1.,6.61744645998568E-24,-6.61744646549141E-24));
#2683=DIRECTION('ref_axis',(6.61744645998567E-24,-1.,-8.16360243107887E-16));
#2684=DIRECTION('',(6.61744645998567E-24,-1.,-8.16360243107887E-16));
#2685=DIRECTION('',(6.61744646549142E-24,-8.16360243107887E-16,1.));
#2686=DIRECTION('',(6.61744645998567E-24,-1.,-8.16360243107887E-16));
#2687=DIRECTION('center_axis',(6.61744645998567E-24,-1.,-8.16360243107887E-16));
#2688=DIRECTION('ref_axis',(-1.,-6.61744645998568E-24,6.61744646549141E-24));
#2689=DIRECTION('',(-1.,-6.61744645998568E-24,6.61744646549141E-24));
#2690=DIRECTION('',(6.61744646549142E-24,-8.16360243107887E-16,1.));
#2691=DIRECTION('',(-1.,-6.61744645998568E-24,6.61744646549141E-24));
#2692=DIRECTION('center_axis',(-1.,-6.61744645998568E-24,6.61744646549141E-24));
#2693=DIRECTION('ref_axis',(-6.61744645998567E-24,1.,8.16360243107887E-16));
#2694=DIRECTION('',(-6.61744645998567E-24,1.,8.16360243107887E-16));
#2695=DIRECTION('',(6.61744646549142E-24,-8.16360243107887E-16,1.));
#2696=DIRECTION('',(-6.61744645998567E-24,1.,8.16360243107887E-16));
#2697=DIRECTION('center_axis',(-0.26922660949858,-0.963076857129222,-7.86217655435999E-16));
#2698=DIRECTION('ref_axis',(-0.963076857129222,0.26922660949858,2.19785906754482E-16));
#2699=DIRECTION('',(-0.963076857129182,0.269226609498721,2.19785906754598E-16));
#2700=DIRECTION('',(6.61744646549142E-24,-8.16360243107887E-16,1.));
#2701=DIRECTION('',(-0.963076857129221,0.269226609498582,2.19785906754484E-16));
#2702=DIRECTION('center_axis',(-1.,-6.61744645998568E-24,6.61744646549141E-24));
#2703=DIRECTION('ref_axis',(-6.61744645998567E-24,1.,8.16360243107887E-16));
#2704=DIRECTION('',(-6.61744645998567E-24,1.,8.16360243107887E-16));
#2705=DIRECTION('',(6.61744646549142E-24,-8.16360243107887E-16,1.));
#2706=DIRECTION('',(-6.61744645998567E-24,1.,8.16360243107887E-16));
#2707=DIRECTION('center_axis',(-0.736163434510609,-0.676803810339115,-5.52515718273262E-16));
#2708=DIRECTION('ref_axis',(-0.676803810339115,0.736163434510609,6.00974564842931E-16));
#2709=DIRECTION('',(-0.676803810331471,0.736163434517636,6.00974564848668E-16));
#2710=DIRECTION('',(6.61744646549142E-24,-8.16360243107887E-16,1.));
#2711=DIRECTION('',(-0.67680381033913,0.736163434510595,6.00974564842919E-16));
#2712=DIRECTION('center_axis',(-0.729586381219178,-0.683888669550464,-5.58299515704948E-16));
#2713=DIRECTION('ref_axis',(-0.683888669550464,0.729586381219178,5.95605320065888E-16));
#2714=DIRECTION('',(-0.68388866956491,0.729586381205637,5.95605320054834E-16));
#2715=DIRECTION('',(6.61744646549142E-24,-8.16360243107887E-16,1.));
#2716=DIRECTION('',(-0.683888669550463,0.729586381219179,5.95605320065889E-16));
#2717=DIRECTION('center_axis',(-0.721699696285056,-0.692206290336961,-5.65089690684481E-16));
#2718=DIRECTION('ref_axis',(-0.692206290336961,0.721699696285056,5.89166944090795E-16));
#2719=DIRECTION('',(-0.692206290337266,0.721699696284764,5.89166944090556E-16));
#2720=DIRECTION('',(6.61744646549142E-24,-8.16360243107887E-16,1.));
#2721=DIRECTION('',(-0.692206290337114,0.72169969628491,5.89166944090675E-16));
#2722=DIRECTION('center_axis',(-0.712450921170856,-0.701721942739999,-5.72857891054759E-16));
#2723=DIRECTION('ref_axis',(-0.701721942739999,0.712450921170856,5.81616611853086E-16));
#2724=DIRECTION('',(-0.701721942727825,0.712450921182847,5.81616611862875E-16));
#2725=DIRECTION('',(6.61744646549142E-24,-8.16360243107887E-16,1.));
#2726=DIRECTION('',(-0.701721942740224,0.712450921170635,5.81616611852905E-16));
#2727=DIRECTION('center_axis',(-0.701778453883779,-0.712395256626891,-5.81571160244853E-16));
#2728=DIRECTION('ref_axis',(-0.712395256626891,0.701778453883779,5.72904033934676E-16));
#2729=DIRECTION('',(-0.712395256642965,0.701778453867461,5.72904033921355E-16));
#2730=DIRECTION('',(6.61744646549142E-24,-8.16360243107887E-16,1.));
#2731=DIRECTION('',(-0.712395256626563,0.701778453884111,5.72904033934948E-16));
#2732=DIRECTION('center_axis',(-0.689612583146009,-0.724178489853633,-5.9119052346694E-16));
#2733=DIRECTION('ref_axis',(-0.724178489853633,0.689612583146009,5.62972300819546E-16));
#2734=DIRECTION('',(-0.724178489838595,0.689612583161801,5.62972300832438E-16));
#2735=DIRECTION('',(6.61744646549142E-24,-8.16360243107887E-16,1.));
#2736=DIRECTION('',(-0.724178489853716,0.689612583145923,5.62972300819476E-16));
#2737=DIRECTION('center_axis',(-0.675876805466545,-0.737014615752183,-6.0166942641694E-16));
#2738=DIRECTION('ref_axis',(-0.737014615752183,0.675876805466545,5.51758958098806E-16));
#2739=DIRECTION('',(-0.737014615764848,0.675876805452734,5.51758958087531E-16));
#2740=DIRECTION('',(6.61744646549142E-24,-8.16360243107887E-16,1.));
#2741=DIRECTION('',(-0.737014615751975,0.675876805466772,5.51758958098991E-16));
#2742=DIRECTION('center_axis',(-0.660489511976576,-0.750835271260577,-6.12952060209507E-16));
#2743=DIRECTION('ref_axis',(-0.750835271260577,0.660489511976576,5.3919738353602E-16));
#2744=DIRECTION('',(-0.750835271250547,0.660489511987978,5.39197383545328E-16));
#2745=DIRECTION('',(6.61744646549142E-24,-8.16360243107887E-16,1.));
#2746=DIRECTION('',(-0.750835271260819,0.660489511976301,5.39197383535795E-16));
#2747=DIRECTION('center_axis',(-0.643366134564397,-0.765558630606217,-6.24971625537591E-16));
#2748=DIRECTION('ref_axis',(-0.765558630606217,0.643366134564397,5.25218539086416E-16));
#2749=DIRECTION('',(-0.765558630605612,0.643366134565117,5.25218539087004E-16));
#2750=DIRECTION('',(6.61744646549142E-24,-8.16360243107887E-16,1.));
#2751=DIRECTION('',(-0.765558630606385,0.643366134564197,5.25218539086253E-16));
#2752=DIRECTION('center_axis',(-0.624421835824327,-0.781087300463769,-6.37648614363007E-16));
#2753=DIRECTION('ref_axis',(-0.781087300463769,0.624421835824327,5.09753166864224E-16));
#2754=DIRECTION('',(-0.781087300463197,0.624421835825041,5.09753166864807E-16));
#2755=DIRECTION('',(6.61744646549142E-24,-8.16360243107887E-16,1.));
#2756=DIRECTION('',(-0.781087300463825,0.624421835824256,5.09753166864166E-16));
#2757=DIRECTION('center_axis',(-0.603574812200909,-0.797306369017981,-6.50889217248862E-16));
#2758=DIRECTION('ref_axis',(-0.797306369017981,0.603574812200909,4.92734485698264E-16));
#2759=DIRECTION('',(-0.797306369026823,0.603574812189229,4.92734485688729E-16));
#2760=DIRECTION('',(6.61744646549142E-24,-8.16360243107887E-16,1.));
#2761=DIRECTION('',(-0.797306369018094,0.60357481220076,4.92734485698142E-16));
#2762=DIRECTION('center_axis',(-0.580750250039748,-0.814081781566674,-6.64583997266388E-16));
#2763=DIRECTION('ref_axis',(-0.814081781566674,0.580750250039748,4.74101420694558E-16));
#2764=DIRECTION('',(-0.81408178156873,0.580750250036867,4.74101420692205E-16));
#2765=DIRECTION('',(6.61744646549142E-24,-8.16360243107887E-16,1.));
#2766=DIRECTION('',(-0.814081781566753,0.580750250039637,4.74101420694466E-16));
#2767=DIRECTION('center_axis',(-0.555884926461771,-0.831259254704927,-6.78607003578057E-16));
#2768=DIRECTION('ref_axis',(-0.831259254704927,0.555884926461771,4.53802359207155E-16));
#2769=DIRECTION('',(-0.831259254707177,0.555884926458407,4.53802359204409E-16));
#2770=DIRECTION('',(6.61744646549142E-24,-8.16360243107887E-16,1.));
#2771=DIRECTION('',(-0.831259254704938,0.555884926461755,4.53802359207142E-16));
#2772=DIRECTION('center_axis',(-0.528927755472335,-0.84866685424317,-6.92817875947409E-16));
#2773=DIRECTION('ref_axis',(-0.84866685424317,0.528927755472335,4.31795596659912E-16));
#2774=DIRECTION('',(-0.848666854239646,0.528927755477989,4.31795596664528E-16));
#2775=DIRECTION('',(6.61744646549142E-24,-8.16360243107887E-16,1.));
#2776=DIRECTION('',(-0.848666854243293,0.528927755472137,4.3179559665975E-16));
#2777=DIRECTION('center_axis',(-0.499654381661194,-0.866224854692342,-7.07151529656299E-16));
#2778=DIRECTION('ref_axis',(-0.866224854692342,0.499654381661194,4.0789797821505E-16));
#2779=DIRECTION('',(-0.866224854690285,0.499654381664762,4.07897978217963E-16));
#2780=DIRECTION('',(6.61744646549142E-24,-8.16360243107887E-16,1.));
#2781=DIRECTION('',(-0.866224854692381,0.499654381661127,4.07897978214995E-16));
#2782=DIRECTION('center_axis',(-0.467669661051695,-0.883903325105066,-7.21583530271863E-16));
#2783=DIRECTION('ref_axis',(-0.883903325105066,0.467669661051695,3.81786924039528E-16));
#2784=DIRECTION('',(-0.883903325100884,0.4676696610596,3.81786924045981E-16));
#2785=DIRECTION('',(6.61744646549142E-24,-8.16360243107887E-16,1.));
#2786=DIRECTION('',(-0.883903325105059,0.467669661051709,3.81786924039539E-16));
#2787=DIRECTION('center_axis',(-0.433525960121797,-0.9011410776901,-7.35655746388758E-16));
#2788=DIRECTION('ref_axis',(-0.9011410776901,0.433525960121797,3.53913364161863E-16));
#2789=DIRECTION('',(-0.901141077690184,0.433525960121622,3.5391336416172E-16));
#2790=DIRECTION('',(6.61744646549142E-24,-8.16360243107887E-16,1.));
#2791=DIRECTION('',(-0.901141077690042,0.433525960121917,3.53913364161961E-16));
#2792=DIRECTION('center_axis',(-0.395444955159681,-0.918489677371911,-7.49818453694583E-16));
#2793=DIRECTION('ref_axis',(-0.918489677371911,0.395444955159681,3.22825545808001E-16));
#2794=DIRECTION('',(-0.918489677370169,0.395444955163729,3.22825545811306E-16));
#2795=DIRECTION('',(6.61744646549142E-24,-8.16360243107887E-16,1.));
#2796=DIRECTION('',(-0.918489677371811,0.395444955159914,3.22825545808191E-16));
#2797=DIRECTION('center_axis',(-0.353055084835272,-0.935602536909749,-7.63788712147676E-16));
#2798=DIRECTION('ref_axis',(-0.935602536909749,0.353055084835272,2.88220141077898E-16));
#2799=DIRECTION('',(-0.93560253691305,0.353055084826525,2.88220141070757E-16));
#2800=DIRECTION('',(6.61744646549142E-24,-8.16360243107887E-16,1.));
#2801=DIRECTION('',(-0.935602536909735,0.353055084835311,2.8822014107793E-16));
#2802=DIRECTION('center_axis',(-0.307946621336711,-0.951403635901873,-7.76688101460761E-16));
#2803=DIRECTION('ref_axis',(-0.951403635901873,0.307946621336711,2.51395384954552E-16));
#2804=DIRECTION('',(-0.951403635900737,0.307946621340221,2.51395384957418E-16));
#2805=DIRECTION('',(6.61744646549142E-24,-8.16360243107887E-16,1.));
#2806=DIRECTION('',(-0.951403635901957,0.307946621336453,2.51395384954342E-16));
#2807=DIRECTION('center_axis',(-0.259148961880015,-0.965837364961882,-7.88471224348058E-16));
#2808=DIRECTION('ref_axis',(-0.965837364961881,0.259148961880015,2.11558915912903E-16));
#2809=DIRECTION('',(-0.965837364965318,0.259148961867206,2.11558915902446E-16));
#2810=DIRECTION('',(6.61744646549142E-24,-8.16360243107887E-16,1.));
#2811=DIRECTION('',(-0.965837364961871,0.259148961880055,2.11558915912935E-16));
#2812=DIRECTION('center_axis',(-0.206630195138147,-0.978419113906291,-7.98742464322579E-16));
#2813=DIRECTION('ref_axis',(-0.978419113906291,0.206630195138147,1.68684682811044E-16));
#2814=DIRECTION('',(-0.978419113904824,0.206630195145093,1.68684682816714E-16));
#2815=DIRECTION('',(6.61744646549142E-24,-8.16360243107887E-16,1.));
#2816=DIRECTION('',(-0.978419113906303,0.206630195138088,1.68684682810996E-16));
#2817=DIRECTION('center_axis',(-0.150469743272007,-0.98861461468039,-8.07065666184768E-16));
#2818=DIRECTION('ref_axis',(-0.98861461468039,0.150469743272007,1.22837522740021E-16));
#2819=DIRECTION('',(-0.988614614679727,0.150469743276364,1.22837522743578E-16));
#2820=DIRECTION('',(6.61744646549142E-24,-8.16360243107887E-16,1.));
#2821=DIRECTION('',(-0.98861461468043,0.150469743271746,1.22837522739808E-16));
#2822=DIRECTION('center_axis',(-0.0908853182105341,-0.995861365318371,-8.12981625691629E-16));
#2823=DIRECTION('ref_axis',(-0.995861365318371,0.0908853182105341,7.41951670593486E-17));
#2824=DIRECTION('',(-0.995861365316848,0.0908853182272213,7.41951670729713E-17));
#2825=DIRECTION('',(6.61744646549142E-24,-8.16360243107887E-16,1.));
#2826=DIRECTION('',(-0.99586136531839,0.0908853182103225,7.41951670591758E-17));
#2827=DIRECTION('center_axis',(-0.0282546525150334,-0.999600757608384,-8.16034317305035E-16));
#2828=DIRECTION('ref_axis',(-0.999600757608384,0.0282546525150334,2.3065981610906E-17));
#2829=DIRECTION('',(-0.999600757608832,0.0282546524991859,2.30659815979688E-17));
#2830=DIRECTION('',(6.61744646549142E-24,-8.16360243107887E-16,1.));
#2831=DIRECTION('',(-0.999600757608386,0.0282546525149592,2.30659816108455E-17));
#2832=DIRECTION('center_axis',(6.61744645998567E-24,-1.,-8.16360243107887E-16));
#2833=DIRECTION('ref_axis',(-1.,-6.61744645998568E-24,6.61744646549141E-24));
#2834=DIRECTION('',(-1.,-6.61744645998568E-24,6.61744646549141E-24));
#2835=DIRECTION('',(6.61744646549142E-24,-8.16360243107887E-16,1.));
#2836=DIRECTION('',(-1.,-6.61744645998568E-24,6.61744646549141E-24));
#2837=DIRECTION('center_axis',(-1.,-6.61744645998568E-24,6.61744646549141E-24));
#2838=DIRECTION('ref_axis',(-6.61744645998567E-24,1.,8.16360243107887E-16));
#2839=DIRECTION('',(-6.61744645998567E-24,1.,8.16360243107887E-16));
#2840=DIRECTION('',(6.61744646549142E-24,-8.16360243107887E-16,1.));
#2841=DIRECTION('',(-6.61744645998567E-24,1.,8.16360243107887E-16));
#2842=DIRECTION('center_axis',(6.61744646549142E-24,-8.16360243107887E-16,
1.));
#2843=DIRECTION('ref_axis',(0.0871557427481093,0.996194698091706,8.13253745340185E-16));
#2844=DIRECTION('center_axis',(6.61744646549142E-24,-8.16360243107887E-16,
1.));
#2845=DIRECTION('ref_axis',(-6.61744645998567E-24,1.,8.16360243107887E-16));
#2846=DIRECTION('',(6.61744646549142E-24,-8.16360243107887E-16,1.));
#2847=DIRECTION('center_axis',(6.61744646549142E-24,-8.16360243107887E-16,
1.));
#2848=DIRECTION('ref_axis',(-6.61744645998567E-24,1.,8.16360243107887E-16));
#2849=DIRECTION('center_axis',(-6.61744645998567E-24,1.,8.16360243107887E-16));
#2850=DIRECTION('ref_axis',(1.,6.61744645998568E-24,-6.61744646549141E-24));
#2851=DIRECTION('',(1.,6.61744645998568E-24,-6.61744646549141E-24));
#2852=DIRECTION('',(6.61744646549142E-24,-8.16360243107887E-16,1.));
#2853=DIRECTION('',(1.,6.61744645998568E-24,-6.61744646549141E-24));
#2854=DIRECTION('center_axis',(6.61744646549142E-24,-8.16360243107887E-16,
1.));
#2855=DIRECTION('ref_axis',(-0.0871557427535873,-0.996194698091227,-8.13253745339794E-16));
#2856=DIRECTION('center_axis',(6.61744646549142E-24,-8.16360243107887E-16,
1.));
#2857=DIRECTION('ref_axis',(6.61744645998567E-24,-1.,-8.16360243107887E-16));
#2858=DIRECTION('',(6.61744646549142E-24,-8.16360243107887E-16,1.));
#2859=DIRECTION('center_axis',(6.61744646549142E-24,-8.16360243107887E-16,
1.));
#2860=DIRECTION('ref_axis',(6.61744645998567E-24,-1.,-8.16360243107887E-16));
#2861=DIRECTION('center_axis',(-1.,-6.61744645998568E-24,6.61744646549141E-24));
#2862=DIRECTION('ref_axis',(-6.61744645998567E-24,1.,8.16360243107887E-16));
#2863=DIRECTION('',(-6.61744645998567E-24,1.,8.16360243107887E-16));
#2864=DIRECTION('',(6.61744646549142E-24,-8.16360243107887E-16,1.));
#2865=DIRECTION('',(-6.61744645998567E-24,1.,8.16360243107887E-16));
#2866=DIRECTION('center_axis',(-1.,-6.61744645998568E-24,6.61744646549141E-24));
#2867=DIRECTION('ref_axis',(-6.61744645998567E-24,1.,8.16360243107887E-16));
#2868=DIRECTION('',(-6.61744645998567E-24,1.,8.16360243107887E-16));
#2869=DIRECTION('',(6.61744646549142E-24,-8.16360243107887E-16,1.));
#2870=DIRECTION('',(-6.61744645998567E-24,1.,8.16360243107887E-16));
#2871=DIRECTION('center_axis',(6.61744646549142E-24,-8.16360243107887E-16,
1.));
#2872=DIRECTION('ref_axis',(0.996194698091746,-0.0871557427476546,-7.11504899299889E-17));
#2873=DIRECTION('center_axis',(6.61744646549142E-24,-8.16360243107887E-16,
1.));
#2874=DIRECTION('ref_axis',(1.,6.61744645998568E-24,-6.61744646549141E-24));
#2875=DIRECTION('',(6.61744646549142E-24,-8.16360243107887E-16,1.));
#2876=DIRECTION('center_axis',(6.61744646549142E-24,-8.16360243107887E-16,
1.));
#2877=DIRECTION('ref_axis',(1.,6.61744645998568E-24,-6.61744646549141E-24));
#2878=DIRECTION('center_axis',(6.61744645998567E-24,-1.,-8.16360243107887E-16));
#2879=DIRECTION('ref_axis',(-1.,-6.61744645998568E-24,6.61744646549141E-24));
#2880=DIRECTION('',(-1.,-6.61744645998568E-24,6.61744646549141E-24));
#2881=DIRECTION('',(6.61744646549142E-24,-8.16360243107887E-16,1.));
#2882=DIRECTION('',(-1.,-6.61744645998568E-24,6.61744646549141E-24));
#2883=DIRECTION('center_axis',(6.61744646549142E-24,-8.16360243107887E-16,
1.));
#2884=DIRECTION('ref_axis',(0.0871557427478078,0.996194698091732,8.13253745340206E-16));
#2885=DIRECTION('center_axis',(6.61744646549142E-24,-8.16360243107887E-16,
1.));
#2886=DIRECTION('ref_axis',(-6.61744645998567E-24,1.,8.16360243107887E-16));
#2887=DIRECTION('',(6.61744646549142E-24,-8.16360243107887E-16,1.));
#2888=DIRECTION('center_axis',(6.61744646549142E-24,-8.16360243107887E-16,
1.));
#2889=DIRECTION('ref_axis',(-6.61744645998567E-24,1.,8.16360243107887E-16));
#2890=DIRECTION('center_axis',(1.,6.61744645998568E-24,-6.61744646549141E-24));
#2891=DIRECTION('ref_axis',(6.61744645998567E-24,-1.,-8.16360243107887E-16));
#2892=DIRECTION('',(6.61744645998567E-24,-1.,-8.16360243107887E-16));
#2893=DIRECTION('',(6.61744646549142E-24,-8.16360243107887E-16,1.));
#2894=DIRECTION('',(6.61744645998567E-24,-1.,-8.16360243107887E-16));
#2895=DIRECTION('center_axis',(1.,6.61744645998568E-24,-6.61744646549141E-24));
#2896=DIRECTION('ref_axis',(6.61744645998567E-24,-1.,-8.16360243107887E-16));
#2897=DIRECTION('',(6.61744645998567E-24,-1.,-8.16360243107887E-16));
#2898=DIRECTION('',(6.61744646549142E-24,-8.16360243107887E-16,1.));
#2899=DIRECTION('',(6.61744645998567E-24,-1.,-8.16360243107887E-16));
#2900=DIRECTION('center_axis',(6.61744646549142E-24,-8.16360243107887E-16,
1.));
#2901=DIRECTION('ref_axis',(-0.996194698091745,0.0871557427476617,7.11504899299947E-17));
#2902=DIRECTION('center_axis',(6.61744646549142E-24,-8.16360243107887E-16,
1.));
#2903=DIRECTION('ref_axis',(-1.,-6.61744645998568E-24,6.61744646549141E-24));
#2904=DIRECTION('',(6.61744646549142E-24,-8.16360243107887E-16,1.));
#2905=DIRECTION('center_axis',(6.61744646549142E-24,-8.16360243107887E-16,
1.));
#2906=DIRECTION('ref_axis',(-1.,-6.61744645998568E-24,6.61744646549141E-24));
#2907=DIRECTION('center_axis',(-6.61744645998567E-24,1.,8.16360243107887E-16));
#2908=DIRECTION('ref_axis',(1.,6.61744645998568E-24,-6.61744646549141E-24));
#2909=DIRECTION('',(1.,6.61744645998568E-24,-6.61744646549142E-24));
#2910=DIRECTION('',(6.61744646549142E-24,-8.16360243107887E-16,1.));
#2911=DIRECTION('',(1.,6.61744645998568E-24,-6.61744646549142E-24));
#2912=DIRECTION('center_axis',(6.61744646549142E-24,-8.16360243107887E-16,
1.));
#2913=DIRECTION('ref_axis',(0.996194698091745,-0.0871557427476617,-7.11504899299947E-17));
#2914=DIRECTION('center_axis',(6.61744646549142E-24,-8.16360243107887E-16,
1.));
#2915=DIRECTION('ref_axis',(1.,6.61744645998568E-24,-6.61744646549141E-24));
#2916=DIRECTION('',(6.61744646549142E-24,-8.16360243107887E-16,1.));
#2917=DIRECTION('center_axis',(6.61744646549142E-24,-8.16360243107887E-16,
1.));
#2918=DIRECTION('ref_axis',(1.,6.61744645998568E-24,-6.61744646549141E-24));
#2919=DIRECTION('center_axis',(1.,6.61744645998568E-24,-6.61744646549141E-24));
#2920=DIRECTION('ref_axis',(6.61744645998567E-24,-1.,-8.16360243107887E-16));
#2921=DIRECTION('',(6.61744645998567E-24,-1.,-8.16360243107887E-16));
#2922=DIRECTION('',(6.61744646549142E-24,-8.16360243107887E-16,1.));
#2923=DIRECTION('',(6.61744645998567E-24,-1.,-8.16360243107887E-16));
#2924=DIRECTION('center_axis',(6.61744645998567E-24,-1.,-8.16360243107887E-16));
#2925=DIRECTION('ref_axis',(-1.,-6.61744645998568E-24,6.61744646549141E-24));
#2926=DIRECTION('',(-1.,-6.61744645998568E-24,6.61744646549141E-24));
#2927=DIRECTION('',(6.61744646549142E-24,-8.16360243107887E-16,1.));
#2928=DIRECTION('',(-1.,-6.61744645998568E-24,6.61744646549141E-24));
#2929=DIRECTION('center_axis',(0.514603114816482,-0.857428500938227,-6.99970542878921E-16));
#2930=DIRECTION('ref_axis',(-0.857428500938227,-0.514603114816482,-4.20101518241672E-16));
#2931=DIRECTION('',(-0.8574285009393,-0.514603114814694,-4.20101518240212E-16));
#2932=DIRECTION('',(6.61744646549142E-24,-8.16360243107887E-16,1.));
#2933=DIRECTION('',(-0.857428500938176,-0.514603114816567,-4.20101518241741E-16));
#2934=DIRECTION('center_axis',(0.605266155945178,-0.796023165785612,-6.49841669145568E-16));
#2935=DIRECTION('ref_axis',(-0.796023165785612,-0.605266155945178,-4.94115220944741E-16));
#2936=DIRECTION('',(-0.796023165784466,-0.605266155946685,-4.94115220945971E-16));
#2937=DIRECTION('',(6.61744646549142E-24,-8.16360243107887E-16,1.));
#2938=DIRECTION('',(-0.796023165785609,-0.605266155945182,-4.94115220944744E-16));
#2939=DIRECTION('center_axis',(0.71306630173583,-0.701096604847567,-5.72347399494152E-16));
#2940=DIRECTION('ref_axis',(-0.701096604847567,-0.71306630173583,-5.82118974797635E-16));
#2941=DIRECTION('',(-0.70109660484792,-0.713066301735483,-5.82118974797352E-16));
#2942=DIRECTION('',(6.61744646549142E-24,-8.16360243107887E-16,1.));
#2943=DIRECTION('',(-0.701096604847611,-0.713066301735787,-5.821189747976E-16));
#2944=DIRECTION('center_axis',(1.,6.61744645998568E-24,-6.61744646549141E-24));
#2945=DIRECTION('ref_axis',(6.61744645998567E-24,-1.,-8.16360243107887E-16));
#2946=DIRECTION('',(6.61744645998567E-24,-1.,-8.16360243107887E-16));
#2947=DIRECTION('',(6.61744646549142E-24,-8.16360243107887E-16,1.));
#2948=DIRECTION('',(6.61744645998567E-24,-1.,-8.16360243107887E-16));
#2949=DIRECTION('center_axis',(0.26922660949869,-0.963076857129191,-7.86217658999159E-16));
#2950=DIRECTION('ref_axis',(-0.963076857129191,-0.26922660949869,-2.19785894008353E-16));
#2951=DIRECTION('',(-0.963076857129172,-0.269226609498757,-2.19785894008408E-16));
#2952=DIRECTION('',(6.61744646549142E-24,-8.16360243107887E-16,1.));
#2953=DIRECTION('',(-0.963076857129189,-0.269226609498695,-2.19785894008357E-16));
#2954=DIRECTION('center_axis',(1.,6.61744645998568E-24,-6.61744646549141E-24));
#2955=DIRECTION('ref_axis',(6.61744645998567E-24,-1.,-8.16360243107887E-16));
#2956=DIRECTION('',(6.61744645998567E-24,-1.,-8.16360243107887E-16));
#2957=DIRECTION('',(6.61744646549142E-24,-8.16360243107887E-16,1.));
#2958=DIRECTION('',(6.61744645998567E-24,-1.,-8.16360243107887E-16));
#2959=DIRECTION('center_axis',(6.61744645998567E-24,-1.,-8.16360243107887E-16));
#2960=DIRECTION('ref_axis',(-1.,-6.61744645998568E-24,6.61744646549141E-24));
#2961=DIRECTION('',(-1.,-6.61744645998568E-24,6.61744646549141E-24));
#2962=DIRECTION('',(6.61744646549142E-24,-8.16360243107887E-16,1.));
#2963=DIRECTION('',(-1.,-6.61744645998568E-24,6.61744646549141E-24));
#2964=DIRECTION('center_axis',(-1.,-6.61744645998568E-24,6.61744646549141E-24));
#2965=DIRECTION('ref_axis',(-6.61744645998567E-24,1.,8.16360243107887E-16));
#2966=DIRECTION('',(-6.61744645998567E-24,1.,8.16360243107887E-16));
#2967=DIRECTION('',(6.61744646549142E-24,-8.16360243107887E-16,1.));
#2968=DIRECTION('',(-6.61744645998567E-24,1.,8.16360243107887E-16));
#2969=DIRECTION('center_axis',(6.61744645998567E-24,-1.,-8.16360243107887E-16));
#2970=DIRECTION('ref_axis',(-1.,-6.61744645998568E-24,6.61744646549141E-24));
#2971=DIRECTION('',(-1.,-6.61744645998568E-24,6.61744646549141E-24));
#2972=DIRECTION('',(6.61744646549142E-24,-8.16360243107887E-16,1.));
#2973=DIRECTION('',(-1.,-6.61744645998568E-24,6.61744646549141E-24));
#2974=DIRECTION('center_axis',(1.,6.61744645998568E-24,-6.61744646549141E-24));
#2975=DIRECTION('ref_axis',(6.61744645998567E-24,-1.,-8.16360243107887E-16));
#2976=DIRECTION('',(6.61744645998567E-24,-1.,-8.16360243107887E-16));
#2977=DIRECTION('',(6.61744646549142E-24,-8.16360243107887E-16,1.));
#2978=DIRECTION('',(6.61744645998567E-24,-1.,-8.16360243107887E-16));
#2979=DIRECTION('center_axis',(6.61744645998567E-24,-1.,-8.16360243107887E-16));
#2980=DIRECTION('ref_axis',(-1.,-6.61744645998568E-24,6.61744646549141E-24));
#2981=DIRECTION('',(-1.,-6.61744645998568E-24,6.61744646549141E-24));
#2982=DIRECTION('',(6.61744646549142E-24,-8.16360243107887E-16,1.));
#2983=DIRECTION('',(-1.,-6.61744645998568E-24,6.61744646549141E-24));
#2984=DIRECTION('center_axis',(0.999999999999997,8.3236482878616E-8,6.1333508932741E-23));
#2985=DIRECTION('ref_axis',(8.3236482878616E-8,-0.999999999999997,-8.16360243107885E-16));
#2986=DIRECTION('',(8.32364834595042E-8,-0.999999999999997,-8.16360243107885E-16));
#2987=DIRECTION('',(6.61744646549142E-24,-8.16360243107887E-16,1.));
#2988=DIRECTION('',(8.32364829781959E-8,-0.999999999999997,-8.16360243107885E-16));
#2989=DIRECTION('center_axis',(-6.61744645998567E-24,1.,8.16360243107887E-16));
#2990=DIRECTION('ref_axis',(1.,6.61744645998568E-24,-6.61744646549141E-24));
#2991=DIRECTION('',(1.,6.61744645998568E-24,-6.61744646549141E-24));
#2992=DIRECTION('',(6.61744646549142E-24,-8.16360243107887E-16,1.));
#2993=DIRECTION('',(1.,6.61744645998568E-24,-6.61744646549141E-24));
#2994=DIRECTION('center_axis',(-1.,-6.61744645998568E-24,6.61744646549141E-24));
#2995=DIRECTION('ref_axis',(-6.61744645998567E-24,1.,8.16360243107887E-16));
#2996=DIRECTION('',(-6.61744645998567E-24,1.,8.16360243107887E-16));
#2997=DIRECTION('',(6.61744646549142E-24,-8.16360243107887E-16,1.));
#2998=DIRECTION('',(-6.61744645998567E-24,1.,8.16360243107887E-16));
#2999=DIRECTION('center_axis',(6.61744645998567E-24,-1.,-8.16360243107887E-16));
#3000=DIRECTION('ref_axis',(-1.,-6.61744645998568E-24,6.61744646549141E-24));
#3001=DIRECTION('',(-1.,-6.61744645998568E-24,6.61744646549142E-24));
#3002=DIRECTION('',(-1.,-6.61744645998568E-24,6.61744646549141E-24));
#3003=DIRECTION('center_axis',(-6.61744645998567E-24,1.,8.16360243107887E-16));
#3004=DIRECTION('ref_axis',(-1.,-6.61744645998568E-24,6.61744646549141E-24));
#3005=DIRECTION('',(-1.,-6.61744645998568E-24,6.61744646549141E-24));
#3006=DIRECTION('',(6.61744646549142E-24,-8.16360243107887E-16,1.));
#3007=DIRECTION('',(6.61744646549142E-24,-8.16360243107887E-16,1.));
#3008=DIRECTION('center_axis',(1.,6.61744645998568E-24,-6.61744646549141E-24));
#3009=DIRECTION('ref_axis',(-6.61744645998567E-24,1.,8.16360243107887E-16));
#3010=DIRECTION('',(-6.61744645998567E-24,1.,8.16360243107887E-16));
#3011=DIRECTION('',(6.61744646549142E-24,-8.16360243107887E-16,1.));
#3012=DIRECTION('center_axis',(6.61744645998567E-24,-1.,-8.16360243107887E-16));
#3013=DIRECTION('ref_axis',(1.,6.61744645998568E-24,-6.61744646549141E-24));
#3014=DIRECTION('',(1.,6.61744645998568E-24,-6.61744646549141E-24));
#3015=DIRECTION('',(6.61744646549142E-24,-8.16360243107887E-16,1.));
#3016=DIRECTION('center_axis',(-1.,-6.61744645998568E-24,6.61744646549141E-24));
#3017=DIRECTION('ref_axis',(6.61744645998567E-24,-1.,-8.16360243107887E-16));
#3018=DIRECTION('',(6.61744645998567E-24,-1.,-8.16360243107887E-16));
#3019=DIRECTION('',(6.61744646549142E-24,-8.16360243107887E-16,1.));
#3020=DIRECTION('center_axis',(-6.61744645998567E-24,1.,8.16360243107887E-16));
#3021=DIRECTION('ref_axis',(-1.,-6.61744645998568E-24,6.61744646549141E-24));
#3022=DIRECTION('',(-1.,-6.61744645998568E-24,6.61744646549141E-24));
#3023=DIRECTION('',(6.61744646549142E-24,-8.16360243107887E-16,1.));
#3024=DIRECTION('center_axis',(-1.,-6.61744645998568E-24,6.61744646549141E-24));
#3025=DIRECTION('ref_axis',(6.61744645998567E-24,-1.,-8.16360243107887E-16));
#3026=DIRECTION('',(6.61744645998567E-24,-1.,-8.16360243107887E-16));
#3027=DIRECTION('',(6.61744646549142E-24,-8.16360243107887E-16,1.));
#3028=DIRECTION('center_axis',(6.61744645998567E-24,-1.,-8.16360243107887E-16));
#3029=DIRECTION('ref_axis',(1.,6.61744645998568E-24,-6.61744646549141E-24));
#3030=DIRECTION('',(1.,6.61744645998568E-24,-6.61744646549141E-24));
#3031=DIRECTION('',(6.61744646549142E-24,-8.16360243107887E-16,1.));
#3032=DIRECTION('center_axis',(-1.,-6.61744645998568E-24,6.61744646549141E-24));
#3033=DIRECTION('ref_axis',(6.61744645998567E-24,-1.,-8.16360243107887E-16));
#3034=DIRECTION('',(6.61744645998567E-24,-1.,-8.16360243107887E-16));
#3035=DIRECTION('',(6.61744646549142E-24,-8.16360243107887E-16,1.));
#3036=DIRECTION('center_axis',(-6.61744645998567E-24,1.,8.16360243107887E-16));
#3037=DIRECTION('ref_axis',(-1.,-6.61744645998568E-24,6.61744646549141E-24));
#3038=DIRECTION('',(-1.,-6.61744645998568E-24,6.61744646549141E-24));
#3039=DIRECTION('',(6.61744646549142E-24,-8.16360243107887E-16,1.));
#3040=DIRECTION('center_axis',(1.,6.61744645998568E-24,-6.61744646549141E-24));
#3041=DIRECTION('ref_axis',(-6.61744645998567E-24,1.,8.16360243107887E-16));
#3042=DIRECTION('',(-6.61744645998567E-24,1.,8.16360243107887E-16));
#3043=DIRECTION('',(6.61744646549142E-24,-8.16360243107887E-16,1.));
#3044=DIRECTION('center_axis',(6.61744645998567E-24,-1.,-8.16360243107887E-16));
#3045=DIRECTION('ref_axis',(1.,6.61744645998568E-24,-6.61744646549141E-24));
#3046=DIRECTION('',(1.,6.61744645998568E-24,-6.61744646549141E-24));
#3047=DIRECTION('',(6.61744646549142E-24,-8.16360243107887E-16,1.));
#3048=DIRECTION('center_axis',(1.,6.61744645998568E-24,-6.61744646549141E-24));
#3049=DIRECTION('ref_axis',(-6.61744645998567E-24,1.,8.16360243107887E-16));
#3050=DIRECTION('',(-6.61744645998567E-24,1.,8.16360243107887E-16));
#3051=DIRECTION('center_axis',(-1.,-6.61744645998568E-24,6.61744646549141E-24));
#3052=DIRECTION('ref_axis',(-6.61744645998567E-24,1.,8.16360243107887E-16));
#3053=DIRECTION('',(-6.61744645998567E-24,1.,8.16360243107887E-16));
#3054=DIRECTION('',(6.61744646549142E-24,-8.16360243107887E-16,1.));
#3055=DIRECTION('',(-6.61744645998567E-24,1.,8.16360243107887E-16));
#3056=DIRECTION('',(6.61744646549142E-24,-8.16360243107887E-16,1.));
#3057=DIRECTION('center_axis',(6.61744645998567E-24,-1.,-8.16360243107887E-16));
#3058=DIRECTION('ref_axis',(-1.,-6.61744645998568E-24,6.61744646549141E-24));
#3059=DIRECTION('',(-1.,-6.61744645998568E-24,6.61744646549141E-24));
#3060=DIRECTION('',(6.61744646549142E-24,-8.16360243107887E-16,1.));
#3061=DIRECTION('',(-1.,-6.61744645998568E-24,6.61744646549141E-24));
#3062=DIRECTION('center_axis',(1.,6.61744645998568E-24,-6.61744646549141E-24));
#3063=DIRECTION('ref_axis',(6.61744645998567E-24,-1.,-8.16360243107887E-16));
#3064=DIRECTION('',(6.61744645998567E-24,-1.,-8.16360243107887E-16));
#3065=DIRECTION('',(6.61744646549142E-24,-8.16360243107887E-16,1.));
#3066=DIRECTION('',(6.61744645998567E-24,-1.,-8.16360243107887E-16));
#3067=DIRECTION('center_axis',(-6.61744645998567E-24,1.,8.16360243107887E-16));
#3068=DIRECTION('ref_axis',(1.,6.61744645998568E-24,-6.61744646549141E-24));
#3069=DIRECTION('',(1.,6.61744645998568E-24,-6.61744646549141E-24));
#3070=DIRECTION('',(1.,6.61744645998568E-24,-6.61744646549141E-24));
#3071=DIRECTION('center_axis',(-1.,-6.61744645998568E-24,6.61744646549141E-24));
#3072=DIRECTION('ref_axis',(-6.61744645998567E-24,1.,8.16360243107887E-16));
#3073=DIRECTION('',(-6.61744645998567E-24,1.,8.16360243107887E-16));
#3074=DIRECTION('',(6.61744646549142E-24,-8.16360243107887E-16,1.));
#3075=DIRECTION('',(6.61744646549142E-24,-8.16360243107887E-16,1.));
#3076=DIRECTION('center_axis',(6.61744645998567E-24,-1.,-8.16360243107887E-16));
#3077=DIRECTION('ref_axis',(-1.,-6.61744645998568E-24,6.61744646549141E-24));
#3078=DIRECTION('',(-1.,-6.61744645998568E-24,6.61744646549141E-24));
#3079=DIRECTION('',(6.61744646549142E-24,-8.16360243107887E-16,1.));
#3080=DIRECTION('center_axis',(1.,6.61744645998568E-24,-6.61744646549141E-24));
#3081=DIRECTION('ref_axis',(6.61744645998567E-24,-1.,-8.16360243107887E-16));
#3082=DIRECTION('',(6.61744645998567E-24,-1.,-8.16360243107887E-16));
#3083=DIRECTION('',(6.61744646549142E-24,-8.16360243107887E-16,1.));
#3084=DIRECTION('center_axis',(6.61744645998567E-24,-1.,-8.16360243107887E-16));
#3085=DIRECTION('ref_axis',(-1.,-6.61744645998568E-24,6.61744646549141E-24));
#3086=DIRECTION('',(-1.,-6.61744645998568E-24,6.61744646549141E-24));
#3087=DIRECTION('',(6.61744646549142E-24,-8.16360243107887E-16,1.));
#3088=DIRECTION('',(-1.,-6.61744645998568E-24,6.61744646549141E-24));
#3089=DIRECTION('center_axis',(-1.,-6.61744645998568E-24,6.61744646549141E-24));
#3090=DIRECTION('ref_axis',(-6.61744645998567E-24,1.,8.16360243107887E-16));
#3091=DIRECTION('',(-6.61744645998567E-24,1.,8.16360243107887E-16));
#3092=DIRECTION('',(6.61744646549142E-24,-8.16360243107887E-16,1.));
#3093=DIRECTION('',(-6.61744645998567E-24,1.,8.16360243107887E-16));
#3094=DIRECTION('center_axis',(-6.61744645998567E-24,1.,8.16360243107887E-16));
#3095=DIRECTION('ref_axis',(1.,6.61744645998568E-24,-6.61744646549141E-24));
#3096=DIRECTION('',(1.,6.61744645998568E-24,-6.61744646549141E-24));
#3097=DIRECTION('',(6.61744646549142E-24,-8.16360243107887E-16,1.));
#3098=DIRECTION('',(1.,6.61744645998568E-24,-6.61744646549141E-24));
#3099=DIRECTION('center_axis',(1.,6.61744645998568E-24,-6.61744646549141E-24));
#3100=DIRECTION('ref_axis',(6.61744645998567E-24,-1.,-8.16360243107887E-16));
#3101=DIRECTION('',(6.61744645998567E-24,-1.,-8.16360243107887E-16));
#3102=DIRECTION('',(6.61744646549142E-24,-8.16360243107887E-16,1.));
#3103=DIRECTION('',(6.61744645998567E-24,-1.,-8.16360243107887E-16));
#3104=DIRECTION('center_axis',(6.61744645998567E-24,-1.,-8.16360243107887E-16));
#3105=DIRECTION('ref_axis',(-1.,-6.61744645998568E-24,6.61744646549141E-24));
#3106=DIRECTION('',(-1.,-6.61744645998568E-24,6.61744646549141E-24));
#3107=DIRECTION('',(-1.,-6.61744645998568E-24,6.61744646549141E-24));
#3108=DIRECTION('center_axis',(-6.61744646549142E-24,8.16360243107887E-16,
-1.));
#3109=DIRECTION('ref_axis',(-1.,-6.61744645998568E-24,6.61744646549141E-24));
#3110=DIRECTION('',(1.,6.61744645998568E-24,-6.61744646549141E-24));
#3111=DIRECTION('',(6.61744645998567E-24,-1.,-8.16360243107887E-16));
#3112=DIRECTION('',(1.,6.61744645998568E-24,-6.61744646549141E-24));
#3113=DIRECTION('',(-6.61744645998567E-24,1.,8.16360243107887E-16));
#3114=DIRECTION('',(1.,6.61744645998568E-24,-6.61744646549141E-24));
#3115=DIRECTION('',(6.61744645998567E-24,-1.,-8.16360243107887E-16));
#3116=DIRECTION('',(0.963076857129219,-0.269226609498589,-2.1978590675449E-16));
#3117=DIRECTION('',(6.61744645998567E-24,-1.,-8.16360243107887E-16));
#3118=DIRECTION('',(0.676803810338837,-0.736163434510864,-6.00974564843139E-16));
#3119=DIRECTION('',(0.6838886695506,-0.729586381219051,-5.95605320065784E-16));
#3120=DIRECTION('',(0.692206290336668,-0.721699696285337,-5.89166944091024E-16));
#3121=DIRECTION('',(0.701721942739638,-0.712450921171212,-5.81616611853376E-16));
#3122=DIRECTION('',(0.712395256626716,-0.701778453883956,-5.72904033934821E-16));
#3123=DIRECTION('',(0.724178489853576,-0.689612583146069,-5.62972300819595E-16));
#3124=DIRECTION('',(0.737014615751841,-0.675876805466918,-5.5175895809911E-16));
#3125=DIRECTION('',(0.750835271260529,-0.660489511976631,-5.39197383536064E-16));
#3126=DIRECTION('',(0.765558630606218,-0.643366134564396,-5.25218539086415E-16));
#3127=DIRECTION('',(0.781087300463711,-0.624421835824399,-5.09753166864283E-16));
#3128=DIRECTION('',(0.797306369017949,-0.603574812200951,-4.92734485698298E-16));
#3129=DIRECTION('',(0.814081781566556,-0.580750250039913,-4.74101420694692E-16));
#3130=DIRECTION('',(0.8312592547044,-0.555884926462559,-4.53802359207798E-16));
#3131=DIRECTION('',(0.848666854242983,-0.528927755472634,-4.31795596660156E-16));
#3132=DIRECTION('',(0.866224854692381,-0.499654381661127,-4.07897978214995E-16));
#3133=DIRECTION('',(0.883903325104995,-0.46766966105183,-3.81786924039638E-16));
#3134=DIRECTION('',(0.901141077690452,-0.433525960121064,-3.53913364161265E-16));
#3135=DIRECTION('',(0.918489677372174,-0.395444955159071,-3.22825545807503E-16));
#3136=DIRECTION('',(0.935602536910085,-0.353055084834383,-2.88220141077172E-16));
#3137=DIRECTION('',(0.951403635901752,-0.307946621337085,-2.51395384954858E-16));
#3138=DIRECTION('',(0.96583736496191,-0.259148961879908,-2.11558915912815E-16));
#3139=DIRECTION('',(0.978419113906478,-0.206630195137261,-1.68684682810321E-16));
#3140=DIRECTION('',(0.988614614680443,-0.150469743271659,-1.22837522739737E-16));
#3141=DIRECTION('',(0.995861365318285,-0.0908853182114806,-7.41951670601212E-17));
#3142=DIRECTION('',(0.99960075760837,-0.028254652515531,-2.30659816113123E-17));
#3143=DIRECTION('',(1.,6.61744645998568E-24,-6.61744646549141E-24));
#3144=DIRECTION('',(6.61744645998567E-24,-1.,-8.16360243107887E-16));
#3145=DIRECTION('center_axis',(-6.61744646549142E-24,8.16360243107887E-16,
-1.));
#3146=DIRECTION('ref_axis',(-1.,-6.61744645998568E-24,6.61744646549142E-24));
#3147=DIRECTION('',(-1.,-6.61744645998568E-24,6.61744646549141E-24));
#3148=DIRECTION('center_axis',(-6.61744646549142E-24,8.16360243107887E-16,
-1.));
#3149=DIRECTION('ref_axis',(1.,6.61744645998568E-24,-6.61744646549142E-24));
#3150=DIRECTION('',(6.61744645998567E-24,-1.,-8.16360243107887E-16));
#3151=DIRECTION('center_axis',(-6.61744646549142E-24,8.16360243107887E-16,
-1.));
#3152=DIRECTION('ref_axis',(-6.61744645998567E-24,1.,8.16360243107887E-16));
#3153=DIRECTION('',(1.,6.61744645998568E-24,-6.61744646549141E-24));
#3154=DIRECTION('center_axis',(-6.61744646549142E-24,8.16360243107887E-16,
-1.));
#3155=DIRECTION('ref_axis',(-1.,-6.61744645998568E-24,6.61744646549141E-24));
#3156=DIRECTION('',(-6.61744645998567E-24,1.,8.16360243107887E-16));
#3157=DIRECTION('center_axis',(-6.61744646549142E-24,8.16360243107887E-16,
-1.));
#3158=DIRECTION('ref_axis',(6.61744645998567E-24,-1.,-8.16360243107887E-16));
#3159=DIRECTION('',(-1.,-6.61744645998568E-24,6.61744646549142E-24));
#3160=DIRECTION('center_axis',(-6.61744646549142E-24,8.16360243107887E-16,
-1.));
#3161=DIRECTION('ref_axis',(-6.61744645998567E-24,1.,8.16360243107887E-16));
#3162=DIRECTION('',(-6.61744645998567E-24,1.,8.16360243107887E-16));
#3163=DIRECTION('',(1.,6.61744645998568E-24,-6.61744646549141E-24));
#3164=DIRECTION('',(0.85742850093826,0.514603114816426,4.20101518241626E-16));
#3165=DIRECTION('',(0.796023165785618,0.60526615594517,4.94115220944734E-16));
#3166=DIRECTION('',(0.70109660484752,0.713066301735877,5.82118974797673E-16));
#3167=DIRECTION('',(-6.61744645998567E-24,1.,8.16360243107887E-16));
#3168=DIRECTION('',(0.963076857129191,0.26922660949869,2.19785894008353E-16));
#3169=DIRECTION('',(-6.61744645998567E-24,1.,8.16360243107887E-16));
#3170=DIRECTION('',(1.,6.61744645998568E-24,-6.61744646549141E-24));
#3171=DIRECTION('',(6.61744645998567E-24,-1.,-8.16360243107887E-16));
#3172=DIRECTION('',(1.,6.61744645998568E-24,-6.61744646549141E-24));
#3173=DIRECTION('',(-6.61744645998567E-24,1.,8.16360243107887E-16));
#3174=DIRECTION('',(1.,6.61744645998568E-24,-6.61744646549141E-24));
#3175=DIRECTION('',(-8.32364826913498E-8,0.999999999999997,8.16360243107885E-16));
#3176=DIRECTION('',(-1.,-6.61744645998568E-24,6.61744646549141E-24));
#3177=DIRECTION('',(6.61744645998567E-24,-1.,-8.16360243107887E-16));
#3178=DIRECTION('center_axis',(6.61744646549142E-24,-8.16360243107887E-16,
1.));
#3179=DIRECTION('ref_axis',(1.,6.61744645998568E-24,-6.61744646549141E-24));
#3180=DIRECTION('center_axis',(-6.61744646549142E-24,8.16360243107887E-16,
-1.));
#3181=DIRECTION('ref_axis',(6.61744645998567E-24,-1.,-8.16360243107887E-16));
#3182=DIRECTION('center_axis',(6.61744646549142E-24,-8.16360243107887E-16,
1.));
#3183=DIRECTION('ref_axis',(-6.61744645998567E-24,1.,8.16360243107887E-16));
#3184=DIRECTION('',(-2.59536835776432E-17,9.27382472215307E-16,0.999999999999997));
#3185=DIRECTION('',(1.,-3.88578157880477E-16,1.72084568816899E-15));
#3186=CARTESIAN_POINT('',(0.,0.,0.));
#3187=CARTESIAN_POINT('',(0.,0.,0.));
#3188=CARTESIAN_POINT('Origin',(320.774342896011,122.568765103683,-105.017276990179));
#3189=CARTESIAN_POINT('',(337.574342896011,122.568765103683,-23.2172769901791));
#3190=CARTESIAN_POINT('',(673.574342896011,122.568765103683,-23.217276990179));
#3191=CARTESIAN_POINT('',(337.574342896011,122.568765103683,-23.2172769901791));
#3192=CARTESIAN_POINT('',(337.574342896011,122.568765103683,-88.217276990179));
#3193=CARTESIAN_POINT('',(337.574342896011,122.568765103683,-88.217276990179));
#3194=CARTESIAN_POINT('',(673.574342896011,122.568765103683,-88.217276990179));
#3195=CARTESIAN_POINT('',(337.574342896011,122.568765103683,-88.217276990179));
#3196=CARTESIAN_POINT('',(673.574342896011,122.568765103683,-88.217276990179));
#3197=CARTESIAN_POINT('Origin',(673.574342896011,127.118765103683,-92.767276990179));
#3198=CARTESIAN_POINT('',(673.574342896011,31.5687651036828,-23.2172769901791));
#3199=CARTESIAN_POINT('',(673.574342896011,122.568765103683,-23.217276990179));
#3200=CARTESIAN_POINT('',(673.574342896011,31.5687651036828,-88.2172769901791));
#3201=CARTESIAN_POINT('',(673.574342896011,122.568765103683,-88.217276990179));
#3202=CARTESIAN_POINT('',(673.574342896011,31.5687651036828,-88.2172769901791));
#3203=CARTESIAN_POINT('Origin',(690.374342896011,31.5687651036828,-105.017276990179));
#3204=CARTESIAN_POINT('',(337.574342896011,31.5687651036828,-23.2172769901792));
#3205=CARTESIAN_POINT('',(673.574342896011,31.5687651036828,-23.2172769901791));
#3206=CARTESIAN_POINT('',(337.574342896011,31.5687651036828,-88.2172769901791));
#3207=CARTESIAN_POINT('',(673.574342896011,31.5687651036828,-88.2172769901791));
#3208=CARTESIAN_POINT('',(337.574342896011,31.5687651036828,-88.2172769901791));
#3209=CARTESIAN_POINT('Origin',(337.574342896011,27.0187651036828,-92.7672769901791));
#3210=CARTESIAN_POINT('',(337.574342896011,31.5687651036828,-23.2172769901792));
#3211=CARTESIAN_POINT('',(337.574342896011,31.5687651036828,-88.2172769901791));
#3212=CARTESIAN_POINT('Origin',(706.874342896011,16.5687651036827,-4.91727699017897));
#3213=CARTESIAN_POINT('',(688.574342896011,16.5687651036828,-23.2172769901791));
#3214=CARTESIAN_POINT('',(322.57434289601,16.5687651036828,-23.2172769901792));
#3215=CARTESIAN_POINT('',(688.574342896011,16.5687651036828,-23.2172769901791));
#3216=CARTESIAN_POINT('',(322.57434289601,16.5687651036828,-88.2172769901791));
#3217=CARTESIAN_POINT('',(322.57434289601,16.5687651036828,-88.2172769901791));
#3218=CARTESIAN_POINT('',(688.574342896011,16.5687651036828,-88.2172769901791));
#3219=CARTESIAN_POINT('',(688.574342896011,16.5687651036828,-88.2172769901791));
#3220=CARTESIAN_POINT('',(688.574342896011,16.5687651036828,-88.2172769901791));
#3221=CARTESIAN_POINT('Origin',(706.874342896011,-1.73123489631722,-88.2172769901791));
#3222=CARTESIAN_POINT('',(322.574342896011,137.568765103683,-88.217276990179));
#3223=CARTESIAN_POINT('',(322.574342896011,31.5687651036828,-88.2172769901791));
#3224=CARTESIAN_POINT('',(688.574342896011,137.568765103683,-88.217276990179));
#3225=CARTESIAN_POINT('',(337.574342896011,137.568765103683,-88.217276990179));
#3226=CARTESIAN_POINT('',(688.574342896011,122.568765103683,-88.217276990179));
#3227=CARTESIAN_POINT('Origin',(304.27434289601,-1.73123489631726,-23.2172769901792));
#3228=CARTESIAN_POINT('',(688.574342896011,137.568765103683,-23.217276990179));
#3229=CARTESIAN_POINT('',(688.574342896011,16.5687651036828,-23.2172769901791));
#3230=CARTESIAN_POINT('',(322.574342896011,137.568765103683,-23.2172769901791));
#3231=CARTESIAN_POINT('',(688.574342896011,137.568765103683,-23.217276990179));
#3232=CARTESIAN_POINT('',(322.574342896011,137.568765103683,-23.2172769901791));
#3233=CARTESIAN_POINT('Origin',(628.096842989312,158.246265010221,-88.217276990179));
#3234=CARTESIAN_POINT('',(572.074342896157,206.268765103377,-88.2172769901789));
#3235=CARTESIAN_POINT('',(572.074342896156,246.718766966486,-88.2172769901789));
#3236=CARTESIAN_POINT('',(572.074342896157,206.268765103377,-88.2172769901789));
#3237=CARTESIAN_POINT('',(540.074342896156,246.718766966486,-88.2172769901789));
#3238=CARTESIAN_POINT('',(572.074342896156,246.718766966486,-88.2172769901789));
#3239=CARTESIAN_POINT('',(540.074342896156,326.718766966486,-88.2172769901788));
#3240=CARTESIAN_POINT('',(540.074342896156,246.718766966486,-88.2172769901789));
#3241=CARTESIAN_POINT('',(620.074342896156,326.718766966486,-88.2172769901788));
#3242=CARTESIAN_POINT('',(540.074342896156,326.718766966486,-88.2172769901788));
#3243=CARTESIAN_POINT('',(620.074342896156,246.718766966486,-88.2172769901789));
#3244=CARTESIAN_POINT('',(620.074342896156,326.718766966486,-88.2172769901788));
#3245=CARTESIAN_POINT('',(588.074342896156,246.718766966486,-88.2172769901789));
#3246=CARTESIAN_POINT('',(620.074342896156,246.718766966486,-88.2172769901789));
#3247=CARTESIAN_POINT('',(588.074342896156,206.268765103377,-88.2172769901789));
#3248=CARTESIAN_POINT('',(588.074342896156,246.718766966486,-88.2172769901789));
#3249=CARTESIAN_POINT('',(610.074342896156,206.268765103377,-88.2172769901789));
#3250=CARTESIAN_POINT('',(588.074342896156,206.268765103377,-88.2172769901789));
#3251=CARTESIAN_POINT('',(610.074342896156,166.268765103377,-88.217276990179));
#3252=CARTESIAN_POINT('',(610.074342896156,206.268765103377,-88.2172769901789));
#3253=CARTESIAN_POINT('',(550.074342896156,166.268765103377,-88.217276990179));
#3254=CARTESIAN_POINT('',(610.074342896156,166.268765103377,-88.217276990179));
#3255=CARTESIAN_POINT('',(550.074342896156,206.268765103377,-88.2172769901789));
#3256=CARTESIAN_POINT('',(550.074342896156,166.268765103377,-88.217276990179));
#3257=CARTESIAN_POINT('',(550.074342896156,206.268765103377,-88.2172769901789));
#3258=CARTESIAN_POINT('Origin',(532.051842803001,158.246265010221,-73.2172769901791));
#3259=CARTESIAN_POINT('',(572.074342896156,246.718766966486,-73.2172769901789));
#3260=CARTESIAN_POINT('',(572.074342896156,206.268765103377,-73.2172769901789));
#3261=CARTESIAN_POINT('',(572.074342896156,246.718766966486,-73.2172769901789));
#3262=CARTESIAN_POINT('',(550.074342896156,206.268765103377,-73.2172769901789));
#3263=CARTESIAN_POINT('',(572.074342896156,206.268765103377,-73.2172769901789));
#3264=CARTESIAN_POINT('',(550.074342896156,166.268765103377,-73.2172769901791));
#3265=CARTESIAN_POINT('',(550.074342896156,206.268765103377,-73.2172769901789));
#3266=CARTESIAN_POINT('',(610.074342896156,166.268765103377,-73.217276990179));
#3267=CARTESIAN_POINT('',(550.074342896156,166.268765103377,-73.2172769901791));
#3268=CARTESIAN_POINT('',(610.074342896156,206.268765103377,-73.2172769901789));
#3269=CARTESIAN_POINT('',(610.074342896156,166.268765103377,-73.217276990179));
#3270=CARTESIAN_POINT('',(588.074342896156,206.268765103377,-73.2172769901789));
#3271=CARTESIAN_POINT('',(610.074342896156,206.268765103377,-73.2172769901789));
#3272=CARTESIAN_POINT('',(588.074342896156,246.718766966486,-73.2172769901789));
#3273=CARTESIAN_POINT('',(588.074342896156,206.268765103377,-73.2172769901789));
#3274=CARTESIAN_POINT('',(620.074342896156,246.718766966486,-73.2172769901789));
#3275=CARTESIAN_POINT('',(588.074342896156,246.718766966486,-73.2172769901789));
#3276=CARTESIAN_POINT('',(620.074342896156,326.718766966486,-73.2172769901788));
#3277=CARTESIAN_POINT('',(620.074342896156,246.718766966486,-73.2172769901789));
#3278=CARTESIAN_POINT('',(540.074342896156,326.718766966486,-73.2172769901788));
#3279=CARTESIAN_POINT('',(620.074342896156,326.718766966486,-73.2172769901788));
#3280=CARTESIAN_POINT('',(540.074342896156,246.718766966486,-73.2172769901789));
#3281=CARTESIAN_POINT('',(540.074342896156,326.718766966486,-73.2172769901788));
#3282=CARTESIAN_POINT('',(540.074342896156,246.718766966486,-73.2172769901789));
#3283=CARTESIAN_POINT('Origin',(706.982504947053,283.068765103694,6.28272300982115));
#3284=CARTESIAN_POINT('',(706.982504947054,287.568765103694,1.78272300982115));
#3285=CARTESIAN_POINT('',(706.982504947054,289.739034989673,1.78272300982115));
#3286=CARTESIAN_POINT('',(706.982504947054,287.568765103694,1.78272300982115));
#3287=CARTESIAN_POINT('',(706.982504947054,289.739034989673,-73.2172769901789));
#3288=CARTESIAN_POINT('',(706.982504947053,289.739034989673,-73.2172769901789));
#3289=CARTESIAN_POINT('',(706.982504947053,287.568765103694,-73.2172769901789));
#3290=CARTESIAN_POINT('',(706.982504947053,287.568765103694,-73.2172769901789));
#3291=CARTESIAN_POINT('',(706.982504947053,287.568765103694,-73.2172769901789));
#3292=CARTESIAN_POINT('Origin',(711.482504947055,289.739034989673,6.28272300982117));
#3293=CARTESIAN_POINT('',(700.69344991329,289.739034989673,1.78272300982115));
#3294=CARTESIAN_POINT('',(706.982504947055,289.739034989673,1.78272300982115));
#3295=CARTESIAN_POINT('',(700.69344991329,289.739034989673,-73.2172769901789));
#3296=CARTESIAN_POINT('',(700.69344991329,289.739034989673,-73.2172769901789));
#3297=CARTESIAN_POINT('',(706.982504947055,289.739034989673,-73.2172769901789));
#3298=CARTESIAN_POINT('Origin',(700.69344991329,294.239034989673,6.28272300982117));
#3299=CARTESIAN_POINT('',(700.693449913291,287.568765103694,1.78272300982115));
#3300=CARTESIAN_POINT('',(700.69344991329,289.739034989673,1.78272300982115));
#3301=CARTESIAN_POINT('',(700.69344991329,287.568765103694,-73.2172769901789));
#3302=CARTESIAN_POINT('',(700.69344991329,287.568765103694,-73.2172769901789));
#3303=CARTESIAN_POINT('',(700.69344991329,289.739034989673,-73.2172769901789));
#3304=CARTESIAN_POINT('Origin',(705.193449913291,287.568765103694,6.28272300982117));
#3305=CARTESIAN_POINT('',(689.174342895982,287.568765103693,1.78272300982115));
#3306=CARTESIAN_POINT('',(700.693449913291,287.568765103694,1.78272300982115));
#3307=CARTESIAN_POINT('',(689.174342895982,287.568765103693,-73.2172769901789));
#3308=CARTESIAN_POINT('',(689.174342895982,287.568765103694,-73.2172769901789));
#3309=CARTESIAN_POINT('',(700.693449913291,287.568765103694,-73.2172769901789));
#3310=CARTESIAN_POINT('Origin',(689.174342895982,283.068765103692,6.28272300982115));
#3311=CARTESIAN_POINT('',(689.174342895982,288.068765103691,1.78272300982115));
#3312=CARTESIAN_POINT('',(689.174342895982,287.568765103692,1.78272300982115));
#3313=CARTESIAN_POINT('',(689.174342895982,288.068765103691,-73.2172769901789));
#3314=CARTESIAN_POINT('',(689.174342895982,288.068765103691,-73.2172769901789));
#3315=CARTESIAN_POINT('',(689.174342895982,287.568765103692,-73.2172769901789));
#3316=CARTESIAN_POINT('Origin',(693.508188753063,286.857245360947,6.28272300982115));
#3317=CARTESIAN_POINT('',(688.458903319692,288.268765103691,1.78272300982115));
#3318=CARTESIAN_POINT('',(689.174342895982,288.068765103691,1.78272300982115));
#3319=CARTESIAN_POINT('',(688.458903319692,288.268765103691,-73.2172769901789));
#3320=CARTESIAN_POINT('',(688.458903319692,288.268765103691,-73.2172769901789));
#3321=CARTESIAN_POINT('',(689.174342895982,288.068765103691,-73.2172769901789));
#3322=CARTESIAN_POINT('Origin',(688.458903319692,283.768765103691,6.28272300982115));
#3323=CARTESIAN_POINT('',(688.458903319692,289.368765103691,1.78272300982115));
#3324=CARTESIAN_POINT('',(688.458903319692,288.268765103691,1.78272300982115));
#3325=CARTESIAN_POINT('',(688.458903319692,289.368765103691,-73.2172769901789));
#3326=CARTESIAN_POINT('',(688.458903319692,289.368765103691,-73.2172769901789));
#3327=CARTESIAN_POINT('',(688.458903319692,288.268765103691,-73.2172769901789));
#3328=CARTESIAN_POINT('Origin',(691.504520466218,286.056029648393,6.28272300982115));
#3329=CARTESIAN_POINT('',(688.442548197297,289.38655466529,1.78272300982115));
#3330=CARTESIAN_POINT('',(688.458903319692,289.368765103691,1.78272300982115));
#3331=CARTESIAN_POINT('',(688.442548197296,289.38655466529,-73.2172769901789));
#3332=CARTESIAN_POINT('',(688.442548197296,289.38655466529,-73.2172769901789));
#3333=CARTESIAN_POINT('',(688.458903319692,289.368765103691,-73.2172769901789));
#3334=CARTESIAN_POINT('Origin',(691.520047210274,286.103415949804,6.28272300982115));
#3335=CARTESIAN_POINT('',(688.42598702344,289.40422246334,1.78272300982115));
#3336=CARTESIAN_POINT('',(688.442548197297,289.38655466529,1.78272300982115));
#3337=CARTESIAN_POINT('',(688.42598702344,289.40422246334,-73.2172769901789));
#3338=CARTESIAN_POINT('',(688.42598702344,289.40422246334,-73.2172769901789));
#3339=CARTESIAN_POINT('',(688.442548197297,289.38655466529,-73.2172769901789));
#3340=CARTESIAN_POINT('Origin',(691.540915329957,286.156573830057,6.28272300982115));
#3341=CARTESIAN_POINT('',(688.409199040437,289.42172574582,1.78272300982115));
#3342=CARTESIAN_POINT('',(688.42598702344,289.40422246334,1.78272300982115));
#3343=CARTESIAN_POINT('',(688.409199040438,289.42172574582,-73.2172769901789));
#3344=CARTESIAN_POINT('',(688.409199040438,289.42172574582,-73.2172769901789));
#3345=CARTESIAN_POINT('',(688.42598702344,289.40422246334,-73.2172769901789));
#3346=CARTESIAN_POINT('Origin',(691.566947782768,286.215696600551,6.28272300982115));
#3347=CARTESIAN_POINT('',(688.392163490603,289.439021760713,1.78272300982115));
#3348=CARTESIAN_POINT('',(688.409199040437,289.42172574582,1.78272300982115));
#3349=CARTESIAN_POINT('',(688.392163490603,289.439021760713,-73.2172769901789));
#3350=CARTESIAN_POINT('',(688.392163490603,289.439021760713,-73.2172769901789));
#3351=CARTESIAN_POINT('',(688.409199040438,289.42172574582,-73.2172769901789));
#3352=CARTESIAN_POINT('Origin',(691.597942145424,286.281018718236,6.28272300982115));
#3353=CARTESIAN_POINT('',(688.374859616249,289.456067756004,1.78272300982115));
#3354=CARTESIAN_POINT('',(688.392163490603,289.439021760713,1.78272300982115));
#3355=CARTESIAN_POINT('',(688.374859616249,289.456067756004,-73.2172769901789));
#3356=CARTESIAN_POINT('',(688.37485961625,289.456067756004,-73.2172769901789));
#3357=CARTESIAN_POINT('',(688.392163490603,289.439021760713,-73.2172769901789));
#3358=CARTESIAN_POINT('Origin',(691.633662820591,286.352811131847,6.28272300982115));
#3359=CARTESIAN_POINT('',(688.357266659683,289.472820979682,1.78272300982115));
#3360=CARTESIAN_POINT('',(688.374859616249,289.456067756004,1.78272300982115));
#3361=CARTESIAN_POINT('',(688.357266659683,289.472820979682,-73.2172769901789));
#3362=CARTESIAN_POINT('',(688.357266659683,289.472820979682,-73.2172769901789));
#3363=CARTESIAN_POINT('',(688.374859616249,289.456067756004,-73.2172769901789));
#3364=CARTESIAN_POINT('Origin',(691.673832430568,286.431375355083,6.28272300982115));
#3365=CARTESIAN_POINT('',(688.339363863207,289.489238679728,1.78272300982115));
#3366=CARTESIAN_POINT('',(688.357266659683,289.472820979682,1.78272300982115));
#3367=CARTESIAN_POINT('',(688.339363863207,289.489238679728,-73.2172769901789));
#3368=CARTESIAN_POINT('',(688.339363863207,289.489238679728,-73.2172769901789));
#3369=CARTESIAN_POINT('',(688.357266659683,289.472820979682,-73.2172769901789));
#3370=CARTESIAN_POINT('Origin',(691.71812258388,286.517035875834,6.28272300982115));
#3371=CARTESIAN_POINT('',(688.321130469115,289.505278104122,1.78272300982115));
#3372=CARTESIAN_POINT('',(688.339363863207,289.489238679728,1.78272300982115));
#3373=CARTESIAN_POINT('',(688.321130469115,289.505278104122,-73.2172769901789));
#3374=CARTESIAN_POINT('',(688.321130469115,289.505278104122,-73.2172769901789));
#3375=CARTESIAN_POINT('',(688.339363863207,289.489238679728,-73.2172769901789));
#3376=CARTESIAN_POINT('Origin',(691.766144306843,286.610130498582,6.28272300982115));
#3377=CARTESIAN_POINT('',(688.302545719694,289.520896500831,1.78272300982115));
#3378=CARTESIAN_POINT('',(688.321130469115,289.505278104122,1.78272300982115));
#3379=CARTESIAN_POINT('',(688.302545719694,289.520896500831,-73.2172769901789));
#3380=CARTESIAN_POINT('',(688.302545719694,289.520896500831,-73.2172769901789));
#3381=CARTESIAN_POINT('',(688.321130469115,289.505278104122,-73.2172769901789));
#3382=CARTESIAN_POINT('Origin',(691.817438571781,286.710998239621,6.28272300982115));
#3383=CARTESIAN_POINT('',(688.283588857221,289.536051117812,1.78272300982115));
#3384=CARTESIAN_POINT('',(688.302545719694,289.520896500831,1.78272300982115));
#3385=CARTESIAN_POINT('',(688.28358885722,289.536051117812,-73.2172769901789));
#3386=CARTESIAN_POINT('',(688.283588857221,289.536051117812,-73.2172769901789));
#3387=CARTESIAN_POINT('',(688.302545719694,289.520896500831,-73.2172769901789));
#3388=CARTESIAN_POINT('Origin',(691.871467517801,286.819964462907,6.28272300982115));
#3389=CARTESIAN_POINT('',(688.264239123959,289.550699203006,1.78272300982115));
#3390=CARTESIAN_POINT('',(688.283588857221,289.536051117812,1.78272300982115));
#3391=CARTESIAN_POINT('',(688.264239123959,289.550699203006,-73.2172769901789));
#3392=CARTESIAN_POINT('',(688.264239123959,289.550699203006,-73.2172769901789));
#3393=CARTESIAN_POINT('',(688.28358885722,289.536051117812,-73.2172769901789));
#3394=CARTESIAN_POINT('Origin',(691.927607141009,286.937323077827,6.28272300982115));
#3395=CARTESIAN_POINT('',(688.244475762162,289.564798004337,1.78272300982115));
#3396=CARTESIAN_POINT('',(688.264239123959,289.550699203006,1.78272300982115));
#3397=CARTESIAN_POINT('',(688.244475762162,289.564798004337,-73.2172769901789));
#3398=CARTESIAN_POINT('',(688.244475762162,289.564798004337,-73.2172769901789));
#3399=CARTESIAN_POINT('',(688.264239123959,289.550699203006,-73.2172769901789));
#3400=CARTESIAN_POINT('Origin',(691.985142408334,287.063315835259,6.28272300982115));
#3401=CARTESIAN_POINT('',(688.224278014065,289.578304769707,1.78272300982115));
#3402=CARTESIAN_POINT('',(688.244475762161,289.564798004337,1.78272300982115));
#3403=CARTESIAN_POINT('',(688.224278014065,289.578304769707,-73.2172769901789));
#3404=CARTESIAN_POINT('',(688.224278014065,289.578304769707,-73.2172769901789));
#3405=CARTESIAN_POINT('',(688.244475762161,289.564798004337,-73.2172769901789));
#3406=CARTESIAN_POINT('Origin',(692.04327885816,287.198129870082,6.28272300982115));
#3407=CARTESIAN_POINT('',(688.203625631374,289.591176273251,1.78272300982115));
#3408=CARTESIAN_POINT('',(688.224278014065,289.578304769707,1.78272300982115));
#3409=CARTESIAN_POINT('',(688.203625631374,289.591176273251,-73.2172769901789));
#3410=CARTESIAN_POINT('',(688.203625631374,289.591176273251,-73.2172769901789));
#3411=CARTESIAN_POINT('',(688.224278014065,289.578304769707,-73.2172769901789));
#3412=CARTESIAN_POINT('Origin',(692.10163747749,287.342731555776,6.28272300982115));
#3413=CARTESIAN_POINT('',(688.182516555518,289.603352375319,1.78272300982115));
#3414=CARTESIAN_POINT('',(688.203625631374,289.591176273251,1.78272300982115));
#3415=CARTESIAN_POINT('',(688.182516555518,289.603352375319,-73.2172769901789));
#3416=CARTESIAN_POINT('',(688.182516555518,289.603352375319,-73.2172769901789));
#3417=CARTESIAN_POINT('',(688.203625631374,289.591176273251,-73.2172769901789));
#3418=CARTESIAN_POINT('Origin',(692.160081518491,287.498838900587,6.28272300982117));
#3419=CARTESIAN_POINT('',(688.160971462283,289.614751796686,1.78272300982115));
#3420=CARTESIAN_POINT('',(688.182516555518,289.603352375319,1.78272300982115));
#3421=CARTESIAN_POINT('',(688.160971462283,289.614751796686,-73.2172769901789));
#3422=CARTESIAN_POINT('',(688.160971462284,289.614751796686,-73.2172769901789));
#3423=CARTESIAN_POINT('',(688.182516555518,289.603352375319,-73.2172769901789));
#3424=CARTESIAN_POINT('Origin',(692.216106311889,287.663884976137,6.28272300982117));
#3425=CARTESIAN_POINT('',(688.139975506289,289.624852647936,1.78272300982115));
#3426=CARTESIAN_POINT('',(688.160971462283,289.614751796686,1.78272300982115));
#3427=CARTESIAN_POINT('',(688.139975506289,289.624852647936,-73.2172769901789));
#3428=CARTESIAN_POINT('',(688.139975506289,289.624852647936,-73.2172769901789));
#3429=CARTESIAN_POINT('',(688.160971462283,289.614751796685,-73.2172769901789));
#3430=CARTESIAN_POINT('Origin',(692.273179054463,287.845350349717,6.28272300982117));
#3431=CARTESIAN_POINT('',(688.116661657329,289.634890152095,1.78272300982115));
#3432=CARTESIAN_POINT('',(688.139975506289,289.624852647936,1.78272300982115));
#3433=CARTESIAN_POINT('',(688.116661657329,289.634890152095,-73.2172769901789));
#3434=CARTESIAN_POINT('',(688.116661657329,289.634890152095,-73.2172769901789));
#3435=CARTESIAN_POINT('',(688.139975506289,289.624852647936,-73.2172769901789));
#3436=CARTESIAN_POINT('Origin',(692.326873073423,288.046142270336,6.28272300982117));
#3437=CARTESIAN_POINT('',(688.093941162479,289.643463863602,1.78272300982115));
#3438=CARTESIAN_POINT('',(688.11666165733,289.634890152095,1.78272300982115));
#3439=CARTESIAN_POINT('',(688.093941162479,289.643463863602,-73.2172769901789));
#3440=CARTESIAN_POINT('',(688.093941162479,289.643463863602,-73.2172769901789));
#3441=CARTESIAN_POINT('',(688.116661657329,289.634890152095,-73.2172769901789));
#3442=CARTESIAN_POINT('Origin',(692.375257524038,288.257704067586,6.28272300982117));
#3443=CARTESIAN_POINT('',(688.070873083985,289.650930449355,1.78272300982115));
#3444=CARTESIAN_POINT('',(688.093941162479,289.643463863602,1.78272300982115));
#3445=CARTESIAN_POINT('',(688.070873083985,289.650930449355,-73.2172769901789));
#3446=CARTESIAN_POINT('',(688.070873083985,289.650930449355,-73.2172769901789));
#3447=CARTESIAN_POINT('',(688.093941162479,289.643463863602,-73.2172769901789));
#3448=CARTESIAN_POINT('Origin',(692.417141226313,288.484760120895,6.28272300982117));
#3449=CARTESIAN_POINT('',(688.047479530315,289.657207298199,1.78272300982115));
#3450=CARTESIAN_POINT('',(688.070873083985,289.650930449355,1.78272300982115));
#3451=CARTESIAN_POINT('',(688.047479530316,289.657207298199,-73.2172769901789));
#3452=CARTESIAN_POINT('',(688.047479530316,289.657207298199,-73.2172769901789));
#3453=CARTESIAN_POINT('',(688.070873083985,289.650930449355,-73.2172769901789));
#3454=CARTESIAN_POINT('Origin',(692.450365542894,288.727371420077,6.28272300982117));
#3455=CARTESIAN_POINT('',(688.02378260995,289.662211799041,1.78272300982115));
#3456=CARTESIAN_POINT('',(688.047479530315,289.657207298199,1.78272300982115));
#3457=CARTESIAN_POINT('',(688.023782609951,289.662211799041,-73.2172769901789));
#3458=CARTESIAN_POINT('',(688.023782609951,289.662211799041,-73.2172769901789));
#3459=CARTESIAN_POINT('',(688.047479530315,289.657207298199,-73.2172769901789));
#3460=CARTESIAN_POINT('Origin',(692.472548376012,288.985097954317,6.28272300982117));
#3461=CARTESIAN_POINT('',(687.999804431377,289.665861340855,1.78272300982115));
#3462=CARTESIAN_POINT('',(688.02378260995,289.662211799041,1.78272300982115));
#3463=CARTESIAN_POINT('',(687.999804431377,289.665861340855,-73.2172769901789));
#3464=CARTESIAN_POINT('',(687.999804431377,289.665861340855,-73.2172769901789));
#3465=CARTESIAN_POINT('',(688.023782609951,289.662211799041,-73.2172769901789));
#3466=CARTESIAN_POINT('Origin',(692.48118057531,289.256877408908,6.28272300982117));
#3467=CARTESIAN_POINT('',(687.975567103087,289.668073312693,1.78272300982115));
#3468=CARTESIAN_POINT('',(687.999804431377,289.665861340855,1.78272300982115));
#3469=CARTESIAN_POINT('',(687.975567103087,289.668073312693,-73.2172769901789));
#3470=CARTESIAN_POINT('',(687.975567103087,289.668073312693,-73.2172769901789));
#3471=CARTESIAN_POINT('',(687.999804431377,289.665861340855,-73.2172769901789));
#3472=CARTESIAN_POINT('Origin',(692.473770512324,289.540927376375,6.28272300982117));
#3473=CARTESIAN_POINT('',(687.951092733575,289.668765103691,1.78272300982115));
#3474=CARTESIAN_POINT('',(687.975567103087,289.668073312693,1.78272300982115));
#3475=CARTESIAN_POINT('',(687.951092733575,289.668765103691,-73.2172769901789));
#3476=CARTESIAN_POINT('',(687.951092733575,289.668765103691,-73.2172769901789));
#3477=CARTESIAN_POINT('',(687.975567103087,289.668073312693,-73.2172769901789));
#3478=CARTESIAN_POINT('Origin',(692.451092733575,289.668765103691,6.28272300982117));
#3479=CARTESIAN_POINT('',(687.174342896009,289.66876510369,1.78272300982115));
#3480=CARTESIAN_POINT('',(687.951092733575,289.668765103691,1.78272300982115));
#3481=CARTESIAN_POINT('',(687.174342896009,289.668765103691,-73.2172769901789));
#3482=CARTESIAN_POINT('',(687.174342896009,289.668765103691,-73.2172769901789));
#3483=CARTESIAN_POINT('',(687.951092733575,289.668765103691,-73.2172769901789));
#3484=CARTESIAN_POINT('Origin',(687.174342896009,285.16876510369,6.28272300982115));
#3485=CARTESIAN_POINT('',(687.174342896009,291.168765103691,1.78272300982115));
#3486=CARTESIAN_POINT('',(687.174342896009,289.66876510369,1.78272300982115));
#3487=CARTESIAN_POINT('',(687.174342896009,291.168765103691,-73.2172769901789));
#3488=CARTESIAN_POINT('',(687.174342896009,291.168765103691,-73.2172769901789));
#3489=CARTESIAN_POINT('',(687.174342896009,289.66876510369,-73.2172769901789));
#3490=CARTESIAN_POINT('Origin',(689.174342896009,291.168765103691,6.28272300982117));
#3491=CARTESIAN_POINT('',(689.174342896009,293.168765103691,1.78272300982115));
#3492=CARTESIAN_POINT('Origin',(689.174342896009,291.168765103691,1.78272300982115));
#3493=CARTESIAN_POINT('',(689.174342896009,293.168765103691,-73.2172769901789));
#3494=CARTESIAN_POINT('',(689.174342896009,293.168765103691,-73.2172769901789));
#3495=CARTESIAN_POINT('Origin',(689.174342896009,291.168765103691,-73.2172769901789));
#3496=CARTESIAN_POINT('Origin',(684.674342896009,293.168765103691,6.28272300982117));
#3497=CARTESIAN_POINT('',(690.674342895997,293.168765103691,1.78272300982115));
#3498=CARTESIAN_POINT('',(689.174342896009,293.168765103691,1.78272300982115));
#3499=CARTESIAN_POINT('',(690.674342895997,293.168765103691,-73.2172769901789));
#3500=CARTESIAN_POINT('',(690.674342895997,293.168765103691,-73.2172769901789));
#3501=CARTESIAN_POINT('',(689.174342896009,293.168765103691,-73.2172769901789));
#3502=CARTESIAN_POINT('Origin',(690.674342896009,295.168765103691,-92.7172769901789));
#3503=CARTESIAN_POINT('',(692.674342895998,295.168765103691,1.78272300982115));
#3504=CARTESIAN_POINT('Origin',(690.674342896009,295.168765103691,1.78272300982115));
#3505=CARTESIAN_POINT('',(692.674342895988,295.168765103691,-73.2172769901789));
#3506=CARTESIAN_POINT('',(692.674342896009,295.168765103691,-73.2172769901789));
#3507=CARTESIAN_POINT('Origin',(690.674342896009,295.168765103691,-73.2172769901789));
#3508=CARTESIAN_POINT('Origin',(692.674342895945,290.668765103691,6.28272300982117));
#3509=CARTESIAN_POINT('',(692.674342896278,305.46876510367,1.78272300982115));
#3510=CARTESIAN_POINT('',(692.674342895993,295.168765103691,1.78272300982115));
#3511=CARTESIAN_POINT('',(692.674342896112,305.46876510367,-73.2172769901788));
#3512=CARTESIAN_POINT('',(692.674342895945,305.46876510367,-73.2172769901788));
#3513=CARTESIAN_POINT('',(692.674342895945,295.168765103691,-73.2172769901789));
#3514=CARTESIAN_POINT('Origin',(692.674342896445,300.96876510367,6.28272300982117));
#3515=CARTESIAN_POINT('',(692.674342896445,313.768765103683,1.78272300982117));
#3516=CARTESIAN_POINT('',(692.674342896445,305.46876510367,1.78272300982115));
#3517=CARTESIAN_POINT('',(692.674342896445,313.768765103683,-73.2172769901788));
#3518=CARTESIAN_POINT('',(692.674342896445,313.768765103683,-73.2172769901788));
#3519=CARTESIAN_POINT('',(692.674342896445,305.46876510367,-73.2172769901788));
#3520=CARTESIAN_POINT('Origin',(690.674342896445,313.768765103683,-92.7172769901788));
#3521=CARTESIAN_POINT('',(690.674342896445,315.768765103683,1.78272300982087));
#3522=CARTESIAN_POINT('Origin',(690.674342896445,313.768765103683,1.78272300982117));
#3523=CARTESIAN_POINT('',(690.674342896445,315.768765103683,-73.2172769901788));
#3524=CARTESIAN_POINT('',(690.674342896445,315.768765103683,-73.2172769901788));
#3525=CARTESIAN_POINT('Origin',(690.674342896445,313.768765103683,-73.2172769901788));
#3526=CARTESIAN_POINT('Origin',(695.174342896445,315.768765103683,6.28272300982118));
#3527=CARTESIAN_POINT('',(677.474342896009,315.768765103683,1.78272300982117));
#3528=CARTESIAN_POINT('',(690.674342896445,315.768765103683,1.78272300982117));
#3529=CARTESIAN_POINT('',(677.474342896009,315.768765103683,-73.2172769901788));
#3530=CARTESIAN_POINT('',(677.474342896009,315.768765103683,-73.2172769901788));
#3531=CARTESIAN_POINT('',(690.674342896445,315.768765103683,-73.2172769901788));
#3532=CARTESIAN_POINT('Origin',(677.474342896009,313.768765103683,-92.7172769901788));
#3533=CARTESIAN_POINT('',(675.474342896009,313.768765103683,1.78272300982087));
#3534=CARTESIAN_POINT('Origin',(677.474342896009,313.768765103683,1.78272300982117));
#3535=CARTESIAN_POINT('',(675.474342896009,313.768765103683,-73.2172769901788));
#3536=CARTESIAN_POINT('',(675.474342896009,313.768765103683,-73.2172769901788));
#3537=CARTESIAN_POINT('Origin',(677.474342896009,313.768765103683,-73.2172769901788));
#3538=CARTESIAN_POINT('Origin',(675.474342896009,318.268765103683,6.28272300982118));
#3539=CARTESIAN_POINT('',(675.474342896009,305.768765103683,1.78272300982115));
#3540=CARTESIAN_POINT('',(675.474342896009,313.768765103683,1.78272300982117));
#3541=CARTESIAN_POINT('',(675.474342896009,305.768765103683,-73.2172769901788));
#3542=CARTESIAN_POINT('',(675.474342896009,305.768765103683,-73.2172769901788));
#3543=CARTESIAN_POINT('',(675.474342896009,313.768765103683,-73.2172769901788));
#3544=CARTESIAN_POINT('Origin',(675.474342896009,310.268765103683,6.28272300982118));
#3545=CARTESIAN_POINT('',(675.474342896009,295.168765103691,1.78272300982115));
#3546=CARTESIAN_POINT('',(675.474342896009,305.768765103683,1.78272300982115));
#3547=CARTESIAN_POINT('',(675.474342896009,295.168765103691,-73.2172769901789));
#3548=CARTESIAN_POINT('',(675.474342896009,295.168765103691,-73.2172769901789));
#3549=CARTESIAN_POINT('',(675.474342896009,305.768765103683,-73.2172769901788));
#3550=CARTESIAN_POINT('Origin',(677.474342896009,295.168765103691,-92.7172769901789));
#3551=CARTESIAN_POINT('',(677.474342896055,293.168765103691,1.78272300982085));
#3552=CARTESIAN_POINT('Origin',(677.474342896009,295.168765103691,1.78272300982115));
#3553=CARTESIAN_POINT('',(677.474342896055,293.168765103691,-73.2172769901789));
#3554=CARTESIAN_POINT('',(677.474342896055,293.168765103691,-73.2172769901789));
#3555=CARTESIAN_POINT('Origin',(677.474342896009,295.168765103691,-73.2172769901789));
#3556=CARTESIAN_POINT('Origin',(672.974342896055,293.168765103691,6.28272300982117));
#3557=CARTESIAN_POINT('',(678.974342896009,293.168765103691,1.78272300982115));
#3558=CARTESIAN_POINT('',(677.474342896055,293.168765103691,1.78272300982115));
#3559=CARTESIAN_POINT('',(678.974342896009,293.168765103691,-73.2172769901789));
#3560=CARTESIAN_POINT('',(678.974342896009,293.168765103691,-73.2172769901789));
#3561=CARTESIAN_POINT('',(677.474342896055,293.168765103691,-73.2172769901789));
#3562=CARTESIAN_POINT('Origin',(678.974342896009,291.168765103691,6.28272300982117));
#3563=CARTESIAN_POINT('',(680.974342896009,291.168765103691,1.78272300982115));
#3564=CARTESIAN_POINT('Origin',(678.974342896009,291.168765103691,1.78272300982115));
#3565=CARTESIAN_POINT('',(680.974342896009,291.168765103691,-73.2172769901789));
#3566=CARTESIAN_POINT('',(680.974342896009,291.168765103691,-73.2172769901789));
#3567=CARTESIAN_POINT('Origin',(678.974342896009,291.168765103691,-73.2172769901789));
#3568=CARTESIAN_POINT('Origin',(680.974342896009,295.668765103691,6.28272300982117));
#3569=CARTESIAN_POINT('',(680.974342896008,289.668765103691,1.78272300982115));
#3570=CARTESIAN_POINT('',(680.974342896009,291.168765103691,1.78272300982115));
#3571=CARTESIAN_POINT('',(680.974342896008,289.668765103691,-73.2172769901789));
#3572=CARTESIAN_POINT('',(680.974342896009,289.668765103691,-73.2172769901789));
#3573=CARTESIAN_POINT('',(680.974342896009,291.168765103691,-73.2172769901789));
#3574=CARTESIAN_POINT('Origin',(685.474342896007,289.668765103692,6.28272300982117));
#3575=CARTESIAN_POINT('',(680.07434289624,289.668765103691,1.78272300982115));
#3576=CARTESIAN_POINT('',(680.974342896007,289.668765103691,1.78272300982115));
#3577=CARTESIAN_POINT('',(680.07434289624,289.668765103692,-73.2172769901789));
#3578=CARTESIAN_POINT('',(680.07434289624,289.668765103692,-73.2172769901789));
#3579=CARTESIAN_POINT('',(680.974342896007,289.668765103692,-73.2172769901789));
#3580=CARTESIAN_POINT('Origin',(683.932771150462,291.984479120365,6.28272300982117));
#3581=CARTESIAN_POINT('',(679.94712824882,289.592414651448,1.78272300982115));
#3582=CARTESIAN_POINT('',(680.07434289624,289.668765103691,1.78272300982115));
#3583=CARTESIAN_POINT('',(679.94712824882,289.592414651448,-73.2172769901789));
#3584=CARTESIAN_POINT('',(679.94712824882,289.592414651448,-73.2172769901789));
#3585=CARTESIAN_POINT('',(680.07434289624,289.668765103691,-73.2172769901789));
#3586=CARTESIAN_POINT('Origin',(683.529232494855,292.316112353201,6.28272300982117));
#3587=CARTESIAN_POINT('',(679.798751489369,289.479594529265,1.78272300982115));
#3588=CARTESIAN_POINT('',(679.94712824882,289.592414651448,1.78272300982115));
#3589=CARTESIAN_POINT('',(679.798751489369,289.479594529265,-73.2172769901789));
#3590=CARTESIAN_POINT('',(679.798751489369,289.479594529265,-73.2172769901789));
#3591=CARTESIAN_POINT('',(679.94712824882,289.592414651448,-73.2172769901789));
#3592=CARTESIAN_POINT('Origin',(682.953686211184,292.688392887076,6.28272300982117));
#3593=CARTESIAN_POINT('',(679.689782472326,289.368765103691,1.78272300982115));
#3594=CARTESIAN_POINT('',(679.798751489369,289.479594529265,1.78272300982115));
#3595=CARTESIAN_POINT('',(679.689782472326,289.368765103691,-73.2172769901789));
#3596=CARTESIAN_POINT('',(679.689782472326,289.368765103691,-73.2172769901789));
#3597=CARTESIAN_POINT('',(679.798751489369,289.479594529265,-73.2172769901789));
#3598=CARTESIAN_POINT('Origin',(679.689782472325,293.868765103691,6.28272300982117));
#3599=CARTESIAN_POINT('',(679.689782472325,288.268765103691,1.78272300982115));
#3600=CARTESIAN_POINT('',(679.689782472325,289.368765103691,1.78272300982115));
#3601=CARTESIAN_POINT('',(679.689782472325,288.268765103691,-73.2172769901789));
#3602=CARTESIAN_POINT('',(679.689782472325,288.268765103691,-73.2172769901789));
#3603=CARTESIAN_POINT('',(679.689782472325,289.368765103691,-73.2172769901789));
#3604=CARTESIAN_POINT('Origin',(684.023628329407,289.480284846435,6.28272300982117));
#3605=CARTESIAN_POINT('',(678.974342896035,288.068765103691,1.78272300982115));
#3606=CARTESIAN_POINT('',(679.689782472325,288.268765103691,1.78272300982115));
#3607=CARTESIAN_POINT('',(678.974342896035,288.068765103691,-73.2172769901789));
#3608=CARTESIAN_POINT('',(678.974342896035,288.068765103691,-73.2172769901789));
#3609=CARTESIAN_POINT('',(679.689782472325,288.268765103691,-73.2172769901789));
#3610=CARTESIAN_POINT('Origin',(678.974342896036,292.568765103691,6.28272300982117));
#3611=CARTESIAN_POINT('',(678.974342896035,287.568765103693,1.78272300982115));
#3612=CARTESIAN_POINT('',(678.974342896035,288.068765103691,1.78272300982115));
#3613=CARTESIAN_POINT('',(678.974342896035,287.568765103693,-73.2172769901789));
#3614=CARTESIAN_POINT('',(678.974342896036,287.568765103693,-73.2172769901789));
#3615=CARTESIAN_POINT('',(678.974342896036,288.068765103691,-73.2172769901789));
#3616=CARTESIAN_POINT('Origin',(683.474342896035,287.568765103693,6.28272300982117));
#3617=CARTESIAN_POINT('',(669.688217205407,287.568765103694,1.78272300982115));
#3618=CARTESIAN_POINT('',(678.974342896035,287.568765103693,1.78272300982115));
#3619=CARTESIAN_POINT('',(669.688217205407,287.568765103694,-73.2172769901789));
#3620=CARTESIAN_POINT('',(669.688217205407,287.568765103693,-73.2172769901789));
#3621=CARTESIAN_POINT('',(678.974342896035,287.568765103693,-73.2172769901789));
#3622=CARTESIAN_POINT('Origin',(669.688217205407,283.068765103695,6.28272300982115));
#3623=CARTESIAN_POINT('',(669.688217205407,294.768765103694,1.78272300982115));
#3624=CARTESIAN_POINT('',(669.688217205407,287.568765103695,1.78272300982115));
#3625=CARTESIAN_POINT('',(669.688217205407,294.768765103694,-73.2172769901789));
#3626=CARTESIAN_POINT('',(669.688217205407,294.768765103694,-73.2172769901789));
#3627=CARTESIAN_POINT('',(669.688217205407,287.568765103695,-73.2172769901789));
#3628=CARTESIAN_POINT('Origin',(674.188217205407,294.768765103694,6.28272300982117));
#3629=CARTESIAN_POINT('',(654.688217205407,294.768765103694,1.78272300982115));
#3630=CARTESIAN_POINT('',(669.688217205407,294.768765103694,1.78272300982115));
#3631=CARTESIAN_POINT('',(654.688217205407,294.768765103694,-73.2172769901789));
#3632=CARTESIAN_POINT('',(654.688217205407,294.768765103694,-73.2172769901789));
#3633=CARTESIAN_POINT('',(669.688217205407,294.768765103694,-73.2172769901789));
#3634=CARTESIAN_POINT('Origin',(654.688217205407,299.268765103694,6.28272300982117));
#3635=CARTESIAN_POINT('',(654.688217205407,287.568765103694,1.78272300982115));
#3636=CARTESIAN_POINT('',(654.688217205407,294.768765103694,1.78272300982115));
#3637=CARTESIAN_POINT('',(654.688217205407,287.568765103694,-73.2172769901789));
#3638=CARTESIAN_POINT('',(654.688217205407,287.568765103694,-73.2172769901789));
#3639=CARTESIAN_POINT('',(654.688217205407,294.768765103694,-73.2172769901789));
#3640=CARTESIAN_POINT('Origin',(659.188217205407,287.568765103694,6.28272300982117));
#3641=CARTESIAN_POINT('',(652.141997656756,287.568765103694,1.78272300982115));
#3642=CARTESIAN_POINT('',(654.688217205407,287.568765103694,1.78272300982115));
#3643=CARTESIAN_POINT('',(652.141997656756,287.568765103694,-73.2172769901789));
#3644=CARTESIAN_POINT('',(652.141997656756,287.568765103694,-73.2172769901789));
#3645=CARTESIAN_POINT('',(654.688217205407,287.568765103694,-73.2172769901789));
#3646=CARTESIAN_POINT('Origin',(652.141997194794,293.118765103695,7.33272300982176));
#3647=CARTESIAN_POINT('',(652.142006896006,176.568765103683,1.78272300982105));
#3648=CARTESIAN_POINT('',(652.141997656756,287.568765103694,1.78272300982115));
#3649=CARTESIAN_POINT('',(652.142006896006,176.568765103683,-73.217276990179));
#3650=CARTESIAN_POINT('',(652.142006896006,176.568765103683,-73.217276990179));
#3651=CARTESIAN_POINT('',(652.141997656756,287.568765103694,-73.2172769901789));
#3652=CARTESIAN_POINT('Origin',(647.642006896006,176.568765103683,6.28272300982106));
#3653=CARTESIAN_POINT('',(716.074342896006,176.568765103683,1.78272300982105));
#3654=CARTESIAN_POINT('',(652.142006896006,176.568765103683,1.78272300982105));
#3655=CARTESIAN_POINT('',(716.074342896007,176.568765103683,-73.217276990179));
#3656=CARTESIAN_POINT('',(716.074342896006,176.568765103683,-73.217276990179));
#3657=CARTESIAN_POINT('',(652.142006896006,176.568765103683,-73.217276990179));
#3658=CARTESIAN_POINT('Origin',(716.074342896009,171.018765103682,7.33272300982154));
#3659=CARTESIAN_POINT('',(716.074342895813,287.568765103693,1.78272300982115));
#3660=CARTESIAN_POINT('',(716.074342896006,176.568765103683,1.78272300982105));
#3661=CARTESIAN_POINT('',(716.074342895911,287.568765103693,-73.2172769901789));
#3662=CARTESIAN_POINT('',(716.074342896009,287.568765103693,-73.2172769901789));
#3663=CARTESIAN_POINT('',(716.074342896009,176.568765103683,-73.217276990179));
#3664=CARTESIAN_POINT('Origin',(720.574342895716,287.568765103694,6.28272300982117));
#3665=CARTESIAN_POINT('',(716.074342895716,287.568765103693,1.78272300982115));
#3666=CARTESIAN_POINT('',(716.074342895716,287.568765103694,-73.2172769901789));
#3667=CARTESIAN_POINT('Origin',(575.824342896156,246.718766966486,-76.9672769901789));
#3668=CARTESIAN_POINT('',(572.074342896156,246.718766966486,1.78272300982112));
#3669=CARTESIAN_POINT('',(540.074342896156,246.718766966486,1.78272300982112));
#3670=CARTESIAN_POINT('',(572.074342896156,246.718766966486,1.78272300982112));
#3671=CARTESIAN_POINT('',(572.074342896156,246.718766966486,-73.2172769901789));
#3672=CARTESIAN_POINT('',(540.074342896156,246.718766966486,-73.2172769901789));
#3673=CARTESIAN_POINT('Origin',(540.074342896156,242.718766966486,-77.2172769901789));
#3674=CARTESIAN_POINT('',(540.074342896156,326.718766966486,1.78272300982117));
#3675=CARTESIAN_POINT('',(540.074342896156,246.718766966486,1.78272300982112));
#3676=CARTESIAN_POINT('',(540.074342896156,326.718766966486,-73.2172769901788));
#3677=CARTESIAN_POINT('Origin',(536.074342896156,326.718766966486,-77.2172769901788));
#3678=CARTESIAN_POINT('',(620.074342896156,326.718766966486,1.78272300982117));
#3679=CARTESIAN_POINT('',(540.074342896156,326.718766966486,1.78272300982117));
#3680=CARTESIAN_POINT('',(620.074342896156,326.718766966486,-73.2172769901788));
#3681=CARTESIAN_POINT('Origin',(620.074342896156,330.718766966486,-77.2172769901788));
#3682=CARTESIAN_POINT('',(620.074342896156,246.718766966486,1.78272300982112));
#3683=CARTESIAN_POINT('',(620.074342896156,326.718766966486,1.78272300982117));
#3684=CARTESIAN_POINT('',(620.074342896156,246.718766966486,-73.2172769901789));
#3685=CARTESIAN_POINT('Origin',(623.824342896156,246.718766966486,-76.9672769901789));
#3686=CARTESIAN_POINT('',(588.074342896156,246.718766966486,1.78272300982112));
#3687=CARTESIAN_POINT('',(620.074342896156,246.718766966486,1.78272300982112));
#3688=CARTESIAN_POINT('',(588.074342896156,246.718766966486,-73.2172769901789));
#3689=CARTESIAN_POINT('Origin',(588.074342896156,250.468766966486,-76.9672769901789));
#3690=CARTESIAN_POINT('',(588.074342896156,206.268765103377,1.78272300982108));
#3691=CARTESIAN_POINT('',(588.074342896156,246.718766966486,1.78272300982112));
#3692=CARTESIAN_POINT('',(588.074342896156,206.268765103377,-73.2172769901789));
#3693=CARTESIAN_POINT('Origin',(584.324342896156,206.268765103377,-76.9672769901789));
#3694=CARTESIAN_POINT('',(610.074342896156,206.268765103377,1.78272300982108));
#3695=CARTESIAN_POINT('',(588.074342896156,206.268765103377,1.78272300982108));
#3696=CARTESIAN_POINT('',(610.074342896156,206.268765103377,-73.2172769901789));
#3697=CARTESIAN_POINT('Origin',(610.074342896156,210.018765103377,-76.9672769901789));
#3698=CARTESIAN_POINT('',(610.074342896156,166.268765103377,1.78272300982105));
#3699=CARTESIAN_POINT('',(610.074342896156,206.268765103377,1.78272300982108));
#3700=CARTESIAN_POINT('',(610.074342896156,166.268765103377,-73.217276990179));
#3701=CARTESIAN_POINT('Origin',(613.824342896156,166.268765103377,-76.9672769901791));
#3702=CARTESIAN_POINT('',(550.074342896156,166.268765103377,1.78272300982105));
#3703=CARTESIAN_POINT('',(610.074342896156,166.268765103377,1.78272300982105));
#3704=CARTESIAN_POINT('',(550.074342896156,166.268765103377,-73.2172769901791));
#3705=CARTESIAN_POINT('Origin',(550.074342896156,162.518765103377,-76.9672769901791));
#3706=CARTESIAN_POINT('',(550.074342896156,206.268765103377,1.78272300982108));
#3707=CARTESIAN_POINT('',(550.074342896156,166.268765103377,1.78272300982105));
#3708=CARTESIAN_POINT('',(550.074342896156,206.268765103377,-73.2172769901789));
#3709=CARTESIAN_POINT('Origin',(546.324342896156,206.268765103377,-76.9672769901789));
#3710=CARTESIAN_POINT('',(572.074342896156,206.268765103377,1.78272300982108));
#3711=CARTESIAN_POINT('',(550.074342896156,206.268765103377,1.78272300982108));
#3712=CARTESIAN_POINT('',(572.074342896156,206.268765103377,-73.2172769901789));
#3713=CARTESIAN_POINT('Origin',(572.074342896156,202.518765103377,-76.9672769901789));
#3714=CARTESIAN_POINT('',(572.074342896156,206.268765103377,1.78272300982108));
#3715=CARTESIAN_POINT('Origin',(509.074342896011,137.56876501055,10.7827231029533));
#3716=CARTESIAN_POINT('',(509.074342896011,146.568765103683,1.78272300982103));
#3717=CARTESIAN_POINT('',(509.074342896012,326.568766966328,1.78272300982117));
#3718=CARTESIAN_POINT('',(509.074342896011,146.568765103683,1.78272300982103));
#3719=CARTESIAN_POINT('',(509.074342896012,326.568766966328,-88.2172769901788));
#3720=CARTESIAN_POINT('',(509.074342896012,326.568766966328,-88.2172769901788));
#3721=CARTESIAN_POINT('',(509.074342896011,146.568765103683,-88.217276990179));
#3722=CARTESIAN_POINT('',(509.074342896011,146.568765103683,-88.217276990179));
#3723=CARTESIAN_POINT('',(509.074342896011,146.568765103683,-88.217276990179));
#3724=CARTESIAN_POINT('Origin',(519.824342896012,326.568766966328,12.5327230098212));
#3725=CARTESIAN_POINT('',(294.074342896011,326.568766966328,1.78272300982108));
#3726=CARTESIAN_POINT('',(509.074342896012,326.568766966328,1.78272300982117));
#3727=CARTESIAN_POINT('',(294.074342896011,326.568766966328,-88.2172769901788));
#3728=CARTESIAN_POINT('',(294.074342896011,326.568766966328,-88.2172769901788));
#3729=CARTESIAN_POINT('',(509.074342896012,326.568766966328,-88.2172769901788));
#3730=CARTESIAN_POINT('Origin',(294.074342896011,335.56876705946,10.7827231029534));
#3731=CARTESIAN_POINT('',(294.074342896011,146.568765103683,1.78272300982094));
#3732=CARTESIAN_POINT('',(294.074342896011,326.568766966328,1.78272300982108));
#3733=CARTESIAN_POINT('',(294.074342896011,146.568765103683,-88.217276990179));
#3734=CARTESIAN_POINT('',(294.074342896011,146.568765103683,-88.217276990179));
#3735=CARTESIAN_POINT('',(294.074342896011,326.568766966328,-88.2172769901788));
#3736=CARTESIAN_POINT('Origin',(283.324342896011,146.568765103683,12.532723009821));
#3737=CARTESIAN_POINT('',(294.074342896011,146.568765103683,1.78272300982094));
#3738=CARTESIAN_POINT('',(294.074342896011,146.568765103683,-88.217276990179));
#3739=CARTESIAN_POINT('Origin',(688.574342896011,10.5187651036827,7.83272300982093));
#3740=CARTESIAN_POINT('',(688.574342896011,16.5687651036827,1.78272300982092));
#3741=CARTESIAN_POINT('',(688.574342896011,137.568765103683,1.78272300982103));
#3742=CARTESIAN_POINT('',(688.574342896011,16.5687651036827,1.78272300982092));
#3743=CARTESIAN_POINT('',(688.574342896011,137.568765103683,-23.217276990179));
#3744=CARTESIAN_POINT('',(688.574342896011,16.5687651036828,-23.2172769901791));
#3745=CARTESIAN_POINT('Origin',(706.874342896011,137.568765103682,20.082723009821));
#3746=CARTESIAN_POINT('',(322.574342896011,137.568765103683,1.78272300982094));
#3747=CARTESIAN_POINT('',(688.574342896011,137.568765103683,1.78272300982103));
#3748=CARTESIAN_POINT('',(322.574342896011,137.568765103683,-23.2172769901791));
#3749=CARTESIAN_POINT('Origin',(322.574342896011,143.618765103683,7.83272300982093));
#3750=CARTESIAN_POINT('',(322.57434289601,16.5687651036827,1.78272300982083));
#3751=CARTESIAN_POINT('',(322.574342896011,137.568765103683,1.78272300982094));
#3752=CARTESIAN_POINT('',(322.57434289601,16.5687651036828,-23.2172769901792));
#3753=CARTESIAN_POINT('Origin',(327.07434289601,16.5687651036827,6.28272300982083));
#3754=CARTESIAN_POINT('',(284.074342896011,16.5687651036827,1.78272300982083));
#3755=CARTESIAN_POINT('',(322.57434289601,16.5687651036827,1.78272300982083));
#3756=CARTESIAN_POINT('',(284.074342896011,16.5687651036828,-88.2172769901791));
#3757=CARTESIAN_POINT('',(284.074342896011,16.5687651036828,-88.2172769901791));
#3758=CARTESIAN_POINT('',(322.57434289601,16.5687651036828,-88.2172769901791));
#3759=CARTESIAN_POINT('Origin',(284.074342896011,0.568765103682709,17.7827230098209));
#3760=CARTESIAN_POINT('',(284.074342896011,336.568765103683,1.7827230098211));
#3761=CARTESIAN_POINT('',(284.074342896011,16.5687651036827,1.78272300982083));
#3762=CARTESIAN_POINT('',(284.074342896011,336.568765103683,-88.2172769901788));
#3763=CARTESIAN_POINT('',(284.074342896011,336.568765103683,-88.2172769901788));
#3764=CARTESIAN_POINT('',(284.074342896011,16.5687651036828,-88.2172769901791));
#3765=CARTESIAN_POINT('Origin',(261.924342896011,336.568765103683,23.9327230098212));
#3766=CARTESIAN_POINT('',(727.074342896011,336.568765103683,1.78272300982119));
#3767=CARTESIAN_POINT('',(284.074342896011,336.568765103683,1.7827230098211));
#3768=CARTESIAN_POINT('',(727.074342896011,336.568765103683,-88.2172769901788));
#3769=CARTESIAN_POINT('',(727.074342896011,336.568765103683,-88.2172769901788));
#3770=CARTESIAN_POINT('',(284.074342896011,336.568765103683,-88.2172769901788));
#3771=CARTESIAN_POINT('Origin',(727.074342896011,352.568765103683,17.7827230098212));
#3772=CARTESIAN_POINT('',(727.074342896011,16.5687651036827,1.78272300982092));
#3773=CARTESIAN_POINT('',(727.074342896011,336.568765103683,1.78272300982119));
#3774=CARTESIAN_POINT('',(727.074342896011,16.5687651036828,-88.2172769901791));
#3775=CARTESIAN_POINT('',(727.074342896011,16.5687651036828,-88.2172769901791));
#3776=CARTESIAN_POINT('',(727.074342896011,336.568765103683,-88.2172769901788));
#3777=CARTESIAN_POINT('Origin',(731.574342896011,16.5687651036827,6.28272300982093));
#3778=CARTESIAN_POINT('',(727.074342896011,16.5687651036827,1.78272300982092));
#3779=CARTESIAN_POINT('',(727.074342896011,16.5687651036828,-88.2172769901791));
#3780=CARTESIAN_POINT('Origin',(749.224342896011,-5.58123489631719,-88.2172769901791));
#3781=CARTESIAN_POINT('',(706.982504947054,287.568765103694,-88.2172769901789));
#3782=CARTESIAN_POINT('',(716.074342895862,287.568765103694,-88.2172769901789));
#3783=CARTESIAN_POINT('',(706.982504947054,287.568765103694,-88.2172769901789));
#3784=CARTESIAN_POINT('',(706.982504947054,289.739034989673,-88.2172769901789));
#3785=CARTESIAN_POINT('',(706.982504947053,289.739034989673,-88.2172769901789));
#3786=CARTESIAN_POINT('',(700.69344991329,289.739034989673,-88.2172769901789));
#3787=CARTESIAN_POINT('',(700.69344991329,289.739034989673,-88.2172769901789));
#3788=CARTESIAN_POINT('',(700.69344991329,287.568765103694,-88.2172769901789));
#3789=CARTESIAN_POINT('',(700.69344991329,287.568765103694,-88.2172769901789));
#3790=CARTESIAN_POINT('',(689.174342895982,287.568765103693,-88.2172769901789));
#3791=CARTESIAN_POINT('',(689.174342895982,287.568765103694,-88.2172769901789));
#3792=CARTESIAN_POINT('',(689.174342895982,288.068765103691,-88.2172769901789));
#3793=CARTESIAN_POINT('',(689.174342895982,288.068765103691,-88.2172769901789));
#3794=CARTESIAN_POINT('',(688.458903319692,288.268765103691,-88.2172769901789));
#3795=CARTESIAN_POINT('',(688.458903319692,288.268765103691,-88.2172769901789));
#3796=CARTESIAN_POINT('',(688.458903319692,289.368765103691,-88.2172769901789));
#3797=CARTESIAN_POINT('',(688.458903319692,289.368765103691,-88.2172769901789));
#3798=CARTESIAN_POINT('',(688.442548197297,289.38655466529,-88.2172769901789));
#3799=CARTESIAN_POINT('',(688.442548197296,289.38655466529,-88.2172769901789));
#3800=CARTESIAN_POINT('',(688.42598702344,289.40422246334,-88.2172769901789));
#3801=CARTESIAN_POINT('',(688.42598702344,289.40422246334,-88.2172769901789));
#3802=CARTESIAN_POINT('',(688.409199040438,289.42172574582,-88.2172769901789));
#3803=CARTESIAN_POINT('',(688.409199040438,289.42172574582,-88.2172769901789));
#3804=CARTESIAN_POINT('',(688.392163490603,289.439021760713,-88.2172769901789));
#3805=CARTESIAN_POINT('',(688.392163490603,289.439021760713,-88.2172769901789));
#3806=CARTESIAN_POINT('',(688.37485961625,289.456067756004,-88.2172769901789));
#3807=CARTESIAN_POINT('',(688.37485961625,289.456067756004,-88.2172769901789));
#3808=CARTESIAN_POINT('',(688.357266659683,289.472820979682,-88.2172769901789));
#3809=CARTESIAN_POINT('',(688.357266659683,289.472820979682,-88.2172769901789));
#3810=CARTESIAN_POINT('',(688.339363863207,289.489238679728,-88.2172769901789));
#3811=CARTESIAN_POINT('',(688.339363863207,289.489238679728,-88.2172769901789));
#3812=CARTESIAN_POINT('',(688.321130469115,289.505278104122,-88.2172769901789));
#3813=CARTESIAN_POINT('',(688.321130469115,289.505278104122,-88.2172769901789));
#3814=CARTESIAN_POINT('',(688.302545719694,289.520896500831,-88.2172769901789));
#3815=CARTESIAN_POINT('',(688.302545719694,289.520896500831,-88.2172769901789));
#3816=CARTESIAN_POINT('',(688.28358885722,289.536051117812,-88.2172769901789));
#3817=CARTESIAN_POINT('',(688.283588857221,289.536051117812,-88.2172769901789));
#3818=CARTESIAN_POINT('',(688.264239123959,289.550699203006,-88.2172769901789));
#3819=CARTESIAN_POINT('',(688.264239123959,289.550699203006,-88.2172769901789));
#3820=CARTESIAN_POINT('',(688.244475762162,289.564798004337,-88.2172769901789));
#3821=CARTESIAN_POINT('',(688.244475762162,289.564798004337,-88.2172769901789));
#3822=CARTESIAN_POINT('',(688.224278014065,289.578304769707,-88.2172769901789));
#3823=CARTESIAN_POINT('',(688.224278014065,289.578304769707,-88.2172769901789));
#3824=CARTESIAN_POINT('',(688.203625631374,289.591176273251,-88.2172769901789));
#3825=CARTESIAN_POINT('',(688.203625631375,289.591176273251,-88.2172769901789));
#3826=CARTESIAN_POINT('',(688.182516555518,289.603352375319,-88.2172769901789));
#3827=CARTESIAN_POINT('',(688.182516555518,289.603352375319,-88.2172769901789));
#3828=CARTESIAN_POINT('',(688.160971462283,289.614751796686,-88.2172769901789));
#3829=CARTESIAN_POINT('',(688.160971462284,289.614751796686,-88.2172769901789));
#3830=CARTESIAN_POINT('',(688.139975506289,289.624852647936,-88.2172769901789));
#3831=CARTESIAN_POINT('',(688.139975506289,289.624852647936,-88.2172769901789));
#3832=CARTESIAN_POINT('',(688.116661657329,289.634890152095,-88.2172769901789));
#3833=CARTESIAN_POINT('',(688.116661657329,289.634890152095,-88.2172769901789));
#3834=CARTESIAN_POINT('',(688.093941162479,289.643463863602,-88.2172769901789));
#3835=CARTESIAN_POINT('',(688.093941162479,289.643463863602,-88.2172769901789));
#3836=CARTESIAN_POINT('',(688.070873083985,289.650930449355,-88.2172769901789));
#3837=CARTESIAN_POINT('',(688.070873083985,289.650930449355,-88.2172769901789));
#3838=CARTESIAN_POINT('',(688.047479530316,289.657207298199,-88.2172769901789));
#3839=CARTESIAN_POINT('',(688.047479530316,289.657207298199,-88.2172769901789));
#3840=CARTESIAN_POINT('',(688.023782609951,289.662211799041,-88.2172769901789));
#3841=CARTESIAN_POINT('',(688.023782609951,289.662211799041,-88.2172769901789));
#3842=CARTESIAN_POINT('',(687.999804431377,289.665861340855,-88.2172769901789));
#3843=CARTESIAN_POINT('',(687.999804431377,289.665861340855,-88.2172769901789));
#3844=CARTESIAN_POINT('',(687.975567103087,289.668073312693,-88.2172769901789));
#3845=CARTESIAN_POINT('',(687.975567103087,289.668073312693,-88.2172769901789));
#3846=CARTESIAN_POINT('',(687.951092733575,289.668765103691,-88.2172769901789));
#3847=CARTESIAN_POINT('',(687.951092733575,289.668765103691,-88.2172769901789));
#3848=CARTESIAN_POINT('',(687.174342896009,289.668765103691,-88.2172769901789));
#3849=CARTESIAN_POINT('',(687.174342896009,289.668765103691,-88.2172769901789));
#3850=CARTESIAN_POINT('',(687.174342896009,291.168765103691,-88.2172769901789));
#3851=CARTESIAN_POINT('',(687.174342896009,291.168765103691,-88.2172769901789));
#3852=CARTESIAN_POINT('',(689.174342896009,293.168765103691,-88.2172769901789));
#3853=CARTESIAN_POINT('Origin',(689.174342896009,291.168765103691,-88.2172769901789));
#3854=CARTESIAN_POINT('',(690.674342895997,293.168765103691,-88.2172769901789));
#3855=CARTESIAN_POINT('',(690.674342895997,293.168765103691,-88.2172769901789));
#3856=CARTESIAN_POINT('',(692.674342895977,295.168765103691,-88.2172769901789));
#3857=CARTESIAN_POINT('Origin',(690.674342896009,295.168765103691,-88.2172769901789));
#3858=CARTESIAN_POINT('',(692.674342896445,313.768765103683,-88.2172769901788));
#3859=CARTESIAN_POINT('',(692.674342895945,305.46876510367,-88.2172769901788));
#3860=CARTESIAN_POINT('',(690.674342896445,315.768765103683,-88.2172769901788));
#3861=CARTESIAN_POINT('Origin',(690.674342896445,313.768765103683,-88.2172769901788));
#3862=CARTESIAN_POINT('',(677.474342896009,315.768765103683,-88.2172769901788));
#3863=CARTESIAN_POINT('',(677.474342896009,315.768765103683,-88.2172769901788));
#3864=CARTESIAN_POINT('',(675.474342896009,313.768765103683,-88.2172769901788));
#3865=CARTESIAN_POINT('Origin',(677.474342896009,313.768765103683,-88.2172769901788));
#3866=CARTESIAN_POINT('',(675.474342896009,295.168765103691,-88.2172769901789));
#3867=CARTESIAN_POINT('',(675.474342896009,305.768765103683,-88.2172769901788));
#3868=CARTESIAN_POINT('',(677.474342896055,293.168765103691,-88.2172769901789));
#3869=CARTESIAN_POINT('Origin',(677.474342896009,295.168765103691,-88.2172769901789));
#3870=CARTESIAN_POINT('',(678.974342896009,293.168765103691,-88.2172769901789));
#3871=CARTESIAN_POINT('',(678.974342896009,293.168765103691,-88.2172769901789));
#3872=CARTESIAN_POINT('',(680.974342896009,291.168765103691,-88.2172769901789));
#3873=CARTESIAN_POINT('Origin',(678.974342896009,291.168765103691,-88.2172769901789));
#3874=CARTESIAN_POINT('',(680.974342896008,289.668765103692,-88.2172769901789));
#3875=CARTESIAN_POINT('',(680.974342896009,289.668765103691,-88.2172769901789));
#3876=CARTESIAN_POINT('',(680.07434289624,289.668765103692,-88.2172769901789));
#3877=CARTESIAN_POINT('',(680.07434289624,289.668765103692,-88.2172769901789));
#3878=CARTESIAN_POINT('',(679.94712824882,289.592414651448,-88.2172769901789));
#3879=CARTESIAN_POINT('',(679.94712824882,289.592414651448,-88.2172769901789));
#3880=CARTESIAN_POINT('',(679.798751489369,289.479594529265,-88.2172769901789));
#3881=CARTESIAN_POINT('',(679.798751489369,289.479594529265,-88.2172769901789));
#3882=CARTESIAN_POINT('',(679.689782472326,289.368765103691,-88.2172769901789));
#3883=CARTESIAN_POINT('',(679.689782472326,289.368765103691,-88.2172769901789));
#3884=CARTESIAN_POINT('',(679.689782472325,288.268765103691,-88.2172769901789));
#3885=CARTESIAN_POINT('',(679.689782472325,288.268765103691,-88.2172769901789));
#3886=CARTESIAN_POINT('',(678.974342896035,288.068765103691,-88.2172769901789));
#3887=CARTESIAN_POINT('',(678.974342896035,288.068765103691,-88.2172769901789));
#3888=CARTESIAN_POINT('',(678.974342896035,287.568765103693,-88.2172769901789));
#3889=CARTESIAN_POINT('',(678.974342896036,287.568765103693,-88.2172769901789));
#3890=CARTESIAN_POINT('',(669.688217205407,287.568765103694,-88.2172769901789));
#3891=CARTESIAN_POINT('',(669.688217205407,287.568765103693,-88.2172769901789));
#3892=CARTESIAN_POINT('',(669.688217205407,294.768765103694,-88.2172769901789));
#3893=CARTESIAN_POINT('',(669.688217205407,294.768765103694,-88.2172769901789));
#3894=CARTESIAN_POINT('',(654.688217205407,294.768765103694,-88.2172769901789));
#3895=CARTESIAN_POINT('',(654.688217205407,294.768765103694,-88.2172769901789));
#3896=CARTESIAN_POINT('',(654.688217205407,287.568765103694,-88.2172769901789));
#3897=CARTESIAN_POINT('',(654.688217205407,287.568765103694,-88.2172769901789));
#3898=CARTESIAN_POINT('',(652.141997656756,287.568765103694,-88.2172769901789));
#3899=CARTESIAN_POINT('',(652.141997656756,287.568765103694,-88.2172769901789));
#3900=CARTESIAN_POINT('',(652.142006896006,176.568765103683,-88.217276990179));
#3901=CARTESIAN_POINT('',(652.142006896006,176.568765103683,-88.217276990179));
#3902=CARTESIAN_POINT('',(716.074342896007,176.568765103683,-88.217276990179));
#3903=CARTESIAN_POINT('',(716.074342896006,176.568765103683,-88.217276990179));
#3904=CARTESIAN_POINT('',(716.074342896009,287.568765103693,-88.2172769901789));
#3905=CARTESIAN_POINT('Origin',(261.924342896011,-5.58123489631727,1.78272300982082));
#3906=CARTESIAN_POINT('Origin',(718.142006896006,322.568765103683,-88.2172769901788));
#3907=CARTESIAN_POINT('Origin',(718.142006896006,172.568765103683,-73.217276990179));
#3908=CARTESIAN_POINT('',(-284.074342896011,-16.5687651036826,88.2172769901783));
#3909=UNCERTAINTY_MEASURE_WITH_UNIT(LENGTH_MEASURE(0.01),#3915,
'DISTANCE_ACCURACY_VALUE',
'Maximum model space distance between geometric entities at asserted c
onnectivities');
#3910=UNCERTAINTY_MEASURE_WITH_UNIT(LENGTH_MEASURE(0.01),#3915,
'DISTANCE_ACCURACY_VALUE',
'Maximum model space distance between geometric entities at asserted c
onnectivities');
#3911=UNCERTAINTY_MEASURE_WITH_UNIT(LENGTH_MEASURE(0.01),#3915,
'DISTANCE_ACCURACY_VALUE',
'Maximum model space distance between geometric entities at asserted c
onnectivities');
#3912=(
GEOMETRIC_REPRESENTATION_CONTEXT(3)
GLOBAL_UNCERTAINTY_ASSIGNED_CONTEXT((#3909))
GLOBAL_UNIT_ASSIGNED_CONTEXT((#3915,#3917,#3918))
REPRESENTATION_CONTEXT('','3D')
);
#3913=(
GEOMETRIC_REPRESENTATION_CONTEXT(3)
GLOBAL_UNCERTAINTY_ASSIGNED_CONTEXT((#3910))
GLOBAL_UNIT_ASSIGNED_CONTEXT((#3915,#3917,#3918))
REPRESENTATION_CONTEXT('','3D')
);
#3914=(
GEOMETRIC_REPRESENTATION_CONTEXT(3)
GLOBAL_UNCERTAINTY_ASSIGNED_CONTEXT((#3911))
GLOBAL_UNIT_ASSIGNED_CONTEXT((#3915,#3917,#3918))
REPRESENTATION_CONTEXT('','3D')
);
#3915=(
LENGTH_UNIT()
NAMED_UNIT(*)
SI_UNIT(.MILLI.,.METRE.)
);
#3916=(
LENGTH_UNIT()
NAMED_UNIT(*)
SI_UNIT($,.METRE.)
);
#3917=(
NAMED_UNIT(*)
PLANE_ANGLE_UNIT()
SI_UNIT($,.RADIAN.)
);
#3918=(
NAMED_UNIT(*)
SI_UNIT($,.STERADIAN.)
SOLID_ANGLE_UNIT()
);
#3919=SHAPE_DEFINITION_REPRESENTATION(#3921,#3924);
#3920=SHAPE_DEFINITION_REPRESENTATION(#3922,#3925);
#3921=PRODUCT_DEFINITION_SHAPE('',$,#3927);
#3922=PRODUCT_DEFINITION_SHAPE('',$,#3928);
#3923=PRODUCT_DEFINITION_SHAPE($,$,#14);
#3924=SHAPE_REPRESENTATION('',(#2481,#2602),#3912);
#3925=SHAPE_REPRESENTATION('',(#2482),#3913);
#3926=PRODUCT_DEFINITION_CONTEXT('part definition',#3934,'design');
#3927=PRODUCT_DEFINITION('Suitcase filling - Bottom',
'Suitcase filling - Bottom v2',#3929,#3926);
#3928=PRODUCT_DEFINITION('Component1','Component1',#3930,#3926);
#3929=PRODUCT_DEFINITION_FORMATION('',$,#3936);
#3930=PRODUCT_DEFINITION_FORMATION('',$,#3937);
#3931=PRODUCT_RELATED_PRODUCT_CATEGORY('Suitcase filling - Bottom v2',
'Suitcase filling - Bottom v2',(#3936));
#3932=PRODUCT_RELATED_PRODUCT_CATEGORY('Component1','Component1',(#3937));
#3933=APPLICATION_PROTOCOL_DEFINITION('international standard',
'automotive_design',2009,#3934);
#3934=APPLICATION_CONTEXT(
'Core Data for Automotive Mechanical Design Process');
#3935=PRODUCT_CONTEXT('part definition',#3934,'mechanical');
#3936=PRODUCT('Suitcase filling - Bottom',
'Suitcase filling - Bottom v2',$,(#3935));
#3937=PRODUCT('Component1','Component1',$,(#3935));
#3938=PRESENTATION_STYLE_ASSIGNMENT((#3940));
#3939=PRESENTATION_STYLE_ASSIGNMENT((#3941));
#3940=SURFACE_STYLE_USAGE(.BOTH.,#3942);
#3941=SURFACE_STYLE_USAGE(.BOTH.,#3943);
#3942=SURFACE_SIDE_STYLE('',(#3944));
#3943=SURFACE_SIDE_STYLE('',(#3945));
#3944=SURFACE_STYLE_FILL_AREA(#3946);
#3945=SURFACE_STYLE_FILL_AREA(#3947);
#3946=FILL_AREA_STYLE('Steel - Satin',(#3948));
#3947=FILL_AREA_STYLE('Opaque(0,88,28)',(#3949));
#3948=FILL_AREA_STYLE_COLOUR('Steel - Satin',#3950);
#3949=FILL_AREA_STYLE_COLOUR('Opaque(0,88,28)',#3951);
#3950=COLOUR_RGB('Steel - Satin',0.627450980392157,0.627450980392157,0.627450980392157);
#3951=COLOUR_RGB('Opaque(0,88,28)',0.,0.345098039215686,0.109803921568627);
ENDSEC;
END-ISO-10303-21;
